order_id,customer_id,model_id,order_date,planned_delivery_date,actual_delivery_date,order_quantity,delivered_quantity,order_status,delay_days
O000001,C030,M007,2026-05-22,2026-06-07,2026-06-09,49,49,已交付,2
O000002,C036,M003,2026-01-09,2026-01-28,2026-01-29,79,79,已交付,1
O000003,C028,M005,2026-06-29,2026-07-30,,74,24,生产中,
O000004,C055,M002,2026-05-12,2026-05-25,2026-05-25,12,12,已交付,0
O000005,C042,M003,2026-02-07,2026-02-21,2026-02-23,49,49,已交付,2
O000006,C028,M001,2026-04-04,2026-04-21,2026-04-22,74,74,已交付,1
O000007,C007,M005,2026-06-05,2026-06-18,2026-06-18,37,37,已交付,0
O000008,C059,M001,2026-04-06,2026-05-04,2026-05-04,29,29,已交付,0
O000009,C058,M002,2026-06-18,2026-07-05,2026-07-05,30,30,已交付,0
O000010,C049,M007,2026-04-20,2026-05-15,2026-05-15,41,41,已交付,0
O000011,C012,M005,2026-05-11,2026-06-10,2026-06-10,9,9,已交付,0
O000012,C003,M001,2026-01-31,2026-02-18,2026-02-18,62,62,已交付,0
O000013,C022,M003,2026-01-27,2026-02-13,2026-02-13,47,47,已交付,0
O000014,C033,M007,2026-05-12,2026-06-14,2026-06-14,31,31,已交付,0
O000015,C015,M005,2026-06-13,2026-07-05,2026-07-06,61,61,已交付,1
O000016,C022,M005,2026-01-07,2026-01-31,2026-02-05,70,70,延期交付,5
O000017,C028,M003,2026-06-29,2026-07-28,,51,32,生产中,
O000018,C004,M007,2026-02-01,2026-02-25,2026-02-27,47,47,已交付,2
O000019,C007,M005,2026-05-10,2026-05-31,2026-05-31,19,19,已交付,0
O000020,C005,M003,2026-05-02,2026-05-27,2026-05-28,58,58,已交付,1
O000021,C005,M008,2026-01-30,2026-02-14,2026-02-14,51,51,已交付,0
O000022,C038,M005,2026-05-17,2026-05-29,2026-05-29,31,31,已交付,0
O000023,C021,M002,2026-06-09,2026-06-26,2026-06-27,80,80,已交付,1
O000024,C051,M006,2026-02-03,2026-02-28,2026-02-28,56,56,已交付,0
O000025,C053,M003,2026-04-13,2026-04-25,2026-04-25,80,80,已交付,0
O000026,C006,M003,2026-01-08,2026-01-29,2026-02-03,70,70,延期交付,5
O000027,C039,M006,2026-03-14,2026-04-16,2026-04-19,13,13,已交付,3
O000028,C020,M007,2026-04-30,2026-05-19,2026-05-19,33,33,已交付,0
O000029,C039,M005,2026-06-18,2026-07-07,2026-07-07,66,66,已交付,0
O000030,C036,M002,2026-02-03,2026-02-15,2026-02-16,41,41,已交付,1
O000031,C030,M004,2026-04-30,2026-05-12,2026-05-13,13,13,已交付,1
O000032,C040,M007,2026-01-03,2026-01-18,2026-01-18,52,52,已交付,0
O000033,C011,M003,2026-01-11,2026-01-29,2026-01-30,28,28,已交付,1
O000034,C046,M006,2026-01-05,2026-02-07,2026-02-08,68,68,已交付,1
O000035,C030,M002,2026-02-18,2026-03-22,2026-03-23,31,31,已交付,1
O000036,C019,M004,2026-02-10,2026-03-10,2026-03-10,77,77,已交付,0
O000037,C055,M007,2026-04-16,2026-05-19,2026-05-19,23,23,已交付,0
O000038,C051,M006,2026-05-11,2026-06-06,2026-06-07,23,23,已交付,1
O000039,C026,M001,2026-02-09,2026-03-14,2026-03-14,18,18,已交付,0
O000040,C011,M003,2026-04-14,2026-05-13,2026-05-13,29,29,已交付,0
O000041,C054,M007,2026-04-07,2026-05-09,2026-05-11,75,75,已交付,2
O000042,C020,M006,2026-02-25,2026-03-18,2026-03-18,75,75,已交付,0
O000043,C005,M004,2026-01-19,2026-02-04,2026-02-09,70,70,延期交付,5
O000044,C060,M006,2026-02-28,2026-03-30,2026-03-30,26,26,已交付,0
O000045,C029,M007,2026-05-05,2026-06-08,2026-06-08,70,70,已交付,0
O000046,C031,M002,2026-06-08,2026-07-09,2026-07-09,21,21,已交付,0
O000047,C057,M004,2026-01-08,2026-02-10,2026-02-15,26,26,延期交付,5
O000048,C032,M006,2026-06-02,2026-06-14,2026-06-14,76,76,已交付,0
O000049,C031,M002,2026-06-08,2026-07-08,2026-07-08,49,49,已交付,0
O000050,C040,M003,2026-02-21,2026-03-17,2026-03-17,78,78,已交付,0
O000051,C053,M001,2026-01-16,2026-02-18,2026-02-18,34,34,已交付,0
O000052,C009,M003,2026-02-18,2026-03-17,2026-03-17,55,55,已交付,0
O000053,C023,M001,2026-01-05,2026-02-02,2026-02-02,50,50,已交付,0
O000054,C041,M008,2026-03-03,2026-03-24,2026-03-25,13,13,已交付,1
O000055,C046,M003,2026-05-23,2026-06-25,2026-07-01,17,17,延期交付,6
O000056,C001,M003,2026-04-19,2026-05-07,2026-05-15,39,39,延期交付,8
O000057,C044,M007,2026-04-22,2026-05-05,2026-05-08,52,52,已交付,3
O000058,C043,M003,2026-02-22,2026-03-12,2026-03-12,63,63,已交付,0
O000059,C001,M002,2026-06-08,2026-06-26,2026-06-26,77,77,已交付,0
O000060,C015,M006,2026-01-09,2026-01-22,2026-01-23,12,12,已交付,1
O000061,C011,M002,2026-05-26,2026-06-16,2026-06-16,63,63,已交付,0
O000062,C011,M007,2026-06-06,2026-06-19,2026-06-22,48,48,已交付,3
O000063,C055,M001,2026-05-31,2026-06-23,2026-06-24,67,67,已交付,1
O000064,C018,M001,2026-01-31,2026-02-22,2026-02-22,78,78,已交付,0
O000065,C055,M005,2026-01-27,2026-02-25,2026-02-28,32,32,已交付,3
O000066,C049,M005,2026-03-17,2026-04-07,2026-04-07,53,53,已交付,0
O000067,C002,M001,2026-01-14,2026-02-05,2026-02-07,16,16,已交付,2
O000068,C005,M006,2026-03-09,2026-03-28,2026-03-29,21,21,已交付,1
O000069,C004,M006,2026-02-06,2026-02-24,2026-02-24,74,74,已交付,0
O000070,C046,M006,2026-01-14,2026-02-09,2026-02-09,35,35,已交付,0
O000071,C005,M005,2026-02-25,2026-03-14,2026-03-14,34,34,已交付,0
O000072,C055,M006,2026-06-18,2026-07-16,2026-07-16,53,53,已交付,0
O000073,C031,M001,2026-05-03,2026-05-20,2026-05-20,8,8,已交付,0
O000074,C022,M001,2026-06-14,2026-07-10,2026-07-10,79,79,已交付,0
O000075,C055,M001,2026-03-08,2026-04-11,2026-04-14,45,45,已交付,3
O000076,C036,M007,2026-03-15,2026-03-27,2026-03-27,69,69,已交付,0
O000077,C049,M001,2026-03-07,2026-03-26,2026-03-26,62,62,已交付,0
O000078,C005,M006,2026-05-25,2026-06-14,2026-06-14,9,9,已交付,0
O000079,C051,M008,2026-05-09,2026-06-04,2026-06-07,36,36,已交付,3
O000080,C047,M005,2026-04-22,2026-05-09,2026-05-11,80,80,已交付,2
O000081,C021,M005,2026-06-20,2026-07-14,2026-07-14,68,68,已交付,0
O000082,C005,M002,2026-03-20,2026-04-17,2026-04-17,35,35,已交付,0
O000083,C009,M002,2026-05-17,2026-06-06,2026-06-09,32,32,已交付,3
O000084,C020,M004,2026-06-13,2026-07-08,2026-07-09,31,31,已交付,1
O000085,C023,M007,2026-03-08,2026-04-11,2026-04-13,16,16,已交付,2
O000086,C045,M004,2026-04-10,2026-04-25,2026-04-25,41,41,已交付,0
O000087,C017,M003,2026-03-10,2026-04-13,2026-04-13,24,24,已交付,0
O000088,C052,M002,2026-06-02,2026-07-02,2026-07-02,35,35,已交付,0
O000089,C005,M001,2026-05-24,2026-06-13,2026-06-13,68,68,已交付,0
O000090,C018,M001,2026-02-05,2026-03-10,2026-03-10,14,14,已交付,0
O000091,C020,M001,2026-03-12,2026-04-01,2026-04-01,63,63,已交付,0
O000092,C030,M007,2026-03-23,2026-04-26,2026-04-28,42,42,已交付,2
O000093,C031,M004,2026-03-09,2026-04-08,2026-04-10,64,64,已交付,2
O000094,C041,M001,2026-01-30,2026-02-19,2026-02-20,10,10,已交付,1
O000095,C001,M007,2026-05-05,2026-06-07,2026-06-09,60,60,已交付,2
O000096,C017,M004,2026-06-19,2026-07-14,2026-07-14,38,38,已交付,0
O000097,C039,M003,2026-04-27,2026-05-23,2026-05-23,10,10,已交付,0
O000098,C048,M004,2026-03-21,2026-04-05,2026-04-05,75,75,已交付,0
O000099,C031,M003,2026-01-03,2026-02-01,2026-02-04,20,20,已交付,3
O000100,C040,M002,2026-01-28,2026-02-11,2026-02-11,75,75,已交付,0
O000101,C037,M007,2026-06-25,2026-07-26,,50,12,生产中,
O000102,C039,M008,2026-03-06,2026-04-07,2026-04-07,18,18,已交付,0
O000103,C005,M008,2026-01-06,2026-01-31,2026-01-31,40,40,已交付,0
O000104,C049,M004,2026-03-17,2026-04-02,2026-04-02,31,31,已交付,0
O000105,C012,M001,2026-04-17,2026-05-21,2026-05-21,22,22,已交付,0
O000106,C027,M003,2026-01-09,2026-02-03,2026-02-04,12,12,已交付,1
O000107,C005,M002,2026-03-29,2026-05-01,2026-05-01,69,69,已交付,0
O000108,C005,M006,2026-05-16,2026-06-13,2026-06-15,19,19,已交付,2
O000109,C005,M003,2026-06-30,2026-08-03,,63,41,生产中,
O000110,C035,M001,2026-01-07,2026-01-19,2026-01-19,57,57,已交付,0
O000111,C055,M002,2026-04-05,2026-05-05,2026-05-05,48,48,已交付,0
O000112,C005,M001,2026-04-16,2026-05-15,2026-05-15,55,55,已交付,0
O000113,C042,M006,2026-02-16,2026-03-14,2026-03-14,78,78,已交付,0
O000114,C010,M008,2026-03-09,2026-03-27,2026-03-30,69,69,已交付,3
O000115,C021,M001,2026-02-28,2026-03-21,2026-03-21,26,26,已交付,0
O000116,C022,M007,2026-01-28,2026-02-12,2026-02-13,39,39,已交付,1
O000117,C015,M002,2026-01-16,2026-02-09,2026-02-09,47,47,已交付,0
O000118,C050,M002,2026-03-22,2026-04-12,2026-04-12,67,67,已交付,0
O000119,C052,M006,2026-05-16,2026-06-15,2026-06-15,9,9,已交付,0
O000120,C005,M004,2026-03-03,2026-03-26,2026-03-26,36,36,已交付,0
O000121,C005,M004,2026-04-07,2026-05-01,2026-05-01,69,69,已交付,0
O000122,C058,M001,2026-05-30,2026-06-26,2026-06-27,17,17,已交付,1
O000123,C015,M005,2026-06-19,2026-07-02,2026-07-02,47,47,已交付,0
O000124,C013,M003,2026-02-09,2026-03-04,2026-03-04,45,45,已交付,0
O000125,C040,M001,2026-04-15,2026-05-11,2026-05-19,21,21,延期交付,8
O000126,C051,M005,2026-04-19,2026-05-14,2026-05-14,12,12,已交付,0
O000127,C046,M007,2026-01-02,2026-01-18,2026-01-18,70,70,已交付,0
O000128,C001,M003,2026-05-20,2026-06-02,2026-06-10,76,76,延期交付,8
O000129,C030,M003,2026-03-11,2026-03-24,2026-03-25,50,50,已交付,1
O000130,C051,M003,2026-03-30,2026-04-17,2026-04-20,32,32,已交付,3
O000131,C004,M007,2026-03-06,2026-03-25,2026-03-25,24,24,已交付,0
O000132,C002,M008,2026-02-27,2026-03-24,2026-03-25,20,20,已交付,1
O000133,C003,M001,2026-04-12,2026-05-09,2026-05-12,36,36,已交付,3
O000134,C045,M002,2026-05-06,2026-05-20,2026-05-20,40,40,已交付,0
O000135,C015,M003,2026-06-12,2026-07-14,2026-07-14,11,11,已交付,0
O000136,C019,M001,2026-06-14,2026-07-04,2026-07-04,16,16,已交付,0
O000137,C035,M005,2026-04-14,2026-05-17,2026-05-17,33,33,已交付,0
O000138,C004,M002,2026-06-17,2026-07-13,2026-07-13,66,66,已交付,0
O000139,C033,M003,2026-05-23,2026-06-17,2026-06-19,77,77,已交付,2
O000140,C016,M001,2026-05-31,2026-06-13,2026-06-13,77,77,已交付,0
O000141,C003,M003,2026-02-14,2026-03-02,2026-03-02,59,59,已交付,0
O000142,C020,M004,2026-05-05,2026-05-18,2026-05-20,56,56,已交付,2
O000143,C033,M006,2026-06-19,2026-07-09,2026-07-10,41,41,已交付,1
O000144,C060,M004,2026-05-25,2026-06-22,2026-06-30,16,16,延期交付,8
O000145,C036,M004,2026-05-30,2026-06-26,2026-06-27,72,72,已交付,1
O000146,C025,M005,2026-06-14,2026-07-02,2026-07-05,78,78,已交付,3
O000147,C031,M001,2026-02-06,2026-03-04,2026-03-05,25,25,已交付,1
O000148,C059,M008,2026-01-22,2026-02-18,2026-02-18,78,78,已交付,0
O000149,C012,M005,2026-02-14,2026-03-03,2026-03-04,45,45,已交付,1
O000150,C033,M002,2026-05-22,2026-06-18,2026-06-18,52,52,已交付,0
O000151,C013,M003,2026-02-01,2026-03-04,2026-03-04,10,10,已交付,0
O000152,C005,M006,2026-01-03,2026-02-05,2026-02-06,12,12,已交付,1
O000153,C011,M001,2026-06-20,2026-07-09,2026-07-11,43,43,已交付,2
O000154,C025,M003,2026-01-19,2026-02-19,2026-02-19,50,50,已交付,0
O000155,C038,M003,2026-01-04,2026-01-21,2026-01-21,9,9,已交付,0
O000156,C005,M004,2026-05-21,2026-06-09,2026-06-10,44,44,已交付,1
O000157,C049,M008,2026-04-01,2026-04-17,2026-04-18,58,58,已交付,1
O000158,C005,M004,2026-03-01,2026-03-26,2026-03-28,9,9,已交付,2
O000159,C006,M005,2026-05-24,2026-06-10,2026-06-10,15,15,已交付,0
O000160,C058,M001,2026-04-02,2026-04-17,2026-04-17,61,61,已交付,0
O000161,C025,M004,2026-06-28,2026-08-01,,39,24,生产中,
O000162,C004,M003,2026-04-17,2026-05-10,2026-05-13,11,11,已交付,3
O000163,C017,M001,2026-03-23,2026-04-09,2026-04-09,52,52,已交付,0
O000164,C034,M008,2026-03-03,2026-03-30,2026-03-30,37,37,已交付,0
O000165,C024,M001,2026-06-12,2026-07-10,2026-07-10,79,79,已交付,0
O000166,C019,M004,2026-04-28,2026-05-30,2026-05-30,79,79,已交付,0
O000167,C019,M007,2026-03-13,2026-04-01,2026-04-01,66,66,已交付,0
O000168,C011,M002,2026-06-11,2026-06-30,2026-06-30,41,41,已交付,0
O000169,C009,M003,2026-05-06,2026-06-02,2026-06-07,25,25,延期交付,5
O000170,C019,M003,2026-03-26,2026-04-09,2026-04-09,28,28,已交付,0
O000171,C014,M007,2026-06-22,2026-07-05,2026-07-05,38,38,已交付,0
O000172,C012,M004,2026-05-15,2026-06-12,2026-06-14,71,71,已交付,2
O000173,C059,M006,2026-03-26,2026-04-17,2026-04-19,77,77,已交付,2
O000174,C051,M002,2026-03-14,2026-04-11,2026-04-11,51,51,已交付,0
O000175,C009,M004,2026-05-30,2026-06-16,2026-06-16,8,8,已交付,0
O000176,C036,M004,2026-06-04,2026-06-17,2026-06-18,37,37,已交付,1
O000177,C019,M002,2026-01-10,2026-02-11,2026-02-16,29,29,延期交付,5
O000178,C042,M002,2026-05-21,2026-06-11,2026-06-11,72,72,已交付,0
O000179,C008,M002,2026-01-15,2026-02-05,2026-02-05,30,30,已交付,0
O000180,C005,M003,2026-03-27,2026-04-08,2026-04-08,71,71,已交付,0
O000181,C030,M002,2026-03-10,2026-04-09,2026-04-09,79,79,已交付,0
O000182,C023,M004,2026-06-10,2026-06-25,2026-06-27,17,17,已交付,2
O000183,C039,M006,2026-05-19,2026-06-15,2026-06-15,54,54,已交付,0
O000184,C042,M003,2026-04-27,2026-05-18,2026-05-20,18,18,已交付,2
O000185,C055,M001,2026-05-05,2026-06-08,2026-06-09,70,70,已交付,1
O000186,C036,M001,2026-05-01,2026-05-27,2026-05-27,54,54,已交付,0
O000187,C040,M003,2026-05-16,2026-06-03,2026-06-08,51,51,延期交付,5
O000188,C005,M001,2026-05-18,2026-06-06,2026-06-06,13,13,已交付,0
O000189,C048,M007,2026-02-23,2026-03-29,2026-03-29,28,28,已交付,0
O000190,C005,M003,2026-02-08,2026-02-26,2026-02-27,61,61,已交付,1
O000191,C005,M003,2026-06-02,2026-06-27,2026-07-11,42,42,延期交付,14
O000192,C034,M001,2026-02-19,2026-03-22,2026-03-22,20,20,已交付,0
O000193,C028,M001,2026-02-09,2026-03-15,2026-03-15,74,74,已交付,0
O000194,C013,M007,2026-06-12,2026-06-27,2026-06-30,37,37,已交付,3
O000195,C005,M003,2026-06-22,2026-07-22,,52,14,生产中,
O000196,C033,M003,2026-02-18,2026-03-19,2026-03-19,51,51,已交付,0
O000197,C024,M003,2026-04-10,2026-04-30,2026-04-30,62,62,已交付,0
O000198,C010,M007,2026-04-12,2026-05-08,2026-05-08,33,33,已交付,0
O000199,C055,M003,2026-05-07,2026-06-10,2026-06-15,34,34,延期交付,5
O000200,C051,M003,2026-02-28,2026-04-01,2026-04-06,34,34,延期交付,5
O000201,C041,M004,2026-01-15,2026-02-12,2026-02-13,44,44,已交付,1
O000202,C023,M001,2026-01-09,2026-01-22,2026-01-24,19,19,已交付,2
O000203,C005,M003,2026-06-21,2026-07-11,2026-07-11,60,60,已交付,0
O000204,C007,M002,2026-03-19,2026-04-08,2026-04-08,25,25,已交付,0
O000205,C018,M006,2026-02-15,2026-02-27,2026-02-28,52,52,已交付,1
O000206,C003,M002,2026-02-22,2026-03-07,2026-03-07,78,78,已交付,0
O000207,C046,M001,2026-05-23,2026-06-18,2026-06-23,79,79,延期交付,5
O000208,C003,M001,2026-06-17,2026-07-18,2026-07-19,22,22,已交付,1
O000209,C008,M004,2026-01-04,2026-01-16,2026-01-19,20,20,已交付,3
O000210,C005,M006,2026-05-23,2026-06-23,2026-06-23,72,72,已交付,0
O000211,C013,M001,2026-01-01,2026-01-26,2026-01-26,47,47,已交付,0
O000212,C058,M005,2026-01-24,2026-02-20,2026-02-22,53,53,已交付,2
O000213,C003,M008,2026-03-22,2026-04-19,2026-04-19,68,68,已交付,0
O000214,C006,M001,2026-05-13,2026-06-07,2026-06-07,60,60,已交付,0
O000215,C028,M005,2026-01-15,2026-02-17,2026-02-17,79,79,已交付,0
O000216,C010,M003,2026-03-10,2026-03-25,2026-03-25,42,42,已交付,0
O000217,C055,M003,2026-06-29,2026-07-30,,24,10,生产中,
O000218,C023,M006,2026-02-26,2026-03-31,2026-03-31,49,49,已交付,0
O000219,C038,M003,2026-02-09,2026-02-22,2026-02-22,66,66,已交付,0
O000220,C037,M001,2026-04-13,2026-05-14,2026-05-14,32,32,已交付,0
O000221,C001,M004,2026-04-03,2026-04-23,2026-04-23,9,9,已交付,0
O000222,C045,M001,2026-03-21,2026-04-03,2026-04-03,62,62,已交付,0
O000223,C009,M001,2026-01-20,2026-02-03,2026-02-03,36,36,已交付,0
O000224,C019,M005,2026-05-20,2026-06-11,2026-06-12,23,23,已交付,1
O000225,C058,M004,2026-06-19,2026-07-21,,25,5,生产中,
O000226,C021,M007,2026-01-23,2026-02-16,2026-02-16,44,44,已交付,0
O000227,C015,M001,2026-04-22,2026-05-11,2026-05-13,61,61,已交付,2
O000228,C033,M002,2026-04-09,2026-04-29,2026-04-29,74,74,已交付,0
O000229,C011,M003,2026-01-05,2026-01-23,2026-01-23,61,61,已交付,0
O000230,C046,M006,2026-05-05,2026-06-07,2026-06-12,71,71,延期交付,5
O000231,C022,M003,2026-04-19,2026-05-21,2026-05-21,55,55,已交付,0
O000232,C041,M007,2026-05-08,2026-05-31,2026-06-03,36,36,已交付,3
O000233,C045,M001,2026-04-15,2026-05-10,2026-05-11,48,48,已交付,1
O000234,C024,M002,2026-01-16,2026-02-02,2026-02-05,18,18,已交付,3
O000235,C035,M003,2026-02-08,2026-03-09,2026-03-10,15,15,已交付,1
O000236,C035,M003,2026-03-07,2026-03-25,2026-03-25,75,75,已交付,0
O000237,C047,M002,2026-03-10,2026-04-01,2026-04-01,64,64,已交付,0
O000238,C028,M001,2026-05-13,2026-05-31,2026-06-01,48,48,已交付,1
O000239,C010,M007,2026-01-16,2026-02-18,2026-02-18,48,48,已交付,0
O000240,C059,M004,2026-02-28,2026-04-01,2026-04-01,52,52,已交付,0
O000241,C026,M003,2026-04-03,2026-04-22,2026-04-25,32,32,已交付,3
O000242,C050,M002,2026-03-05,2026-03-29,2026-03-31,17,17,已交付,2
O000243,C024,M002,2026-02-05,2026-03-10,2026-03-13,19,19,已交付,3
O000244,C028,M001,2026-03-05,2026-03-23,2026-03-25,65,65,已交付,2
O000245,C051,M003,2026-03-26,2026-04-23,2026-04-23,68,68,已交付,0
O000246,C046,M002,2026-01-02,2026-01-15,2026-01-15,61,61,已交付,0
O000247,C048,M005,2026-06-08,2026-07-01,2026-07-03,45,45,已交付,2
O000248,C003,M008,2026-04-12,2026-04-25,2026-04-30,45,45,延期交付,5
O000249,C059,M002,2026-06-17,2026-07-18,2026-07-18,17,17,已交付,0
O000250,C031,M003,2026-02-19,2026-03-11,2026-03-16,45,45,延期交付,5
O000251,C043,M008,2026-04-18,2026-05-11,2026-05-11,16,16,已交付,0
O000252,C005,M001,2026-04-16,2026-05-05,2026-05-05,56,56,已交付,0
O000253,C060,M003,2026-06-19,2026-07-17,,34,14,生产中,
O000254,C002,M001,2026-05-01,2026-05-15,2026-05-16,45,45,已交付,1
O000255,C050,M004,2026-06-07,2026-06-30,2026-07-05,66,66,延期交付,5
O000256,C032,M001,2026-01-15,2026-02-15,2026-02-17,78,78,已交付,2
O000257,C042,M007,2026-04-23,2026-05-08,2026-05-08,79,79,已交付,0
O000258,C035,M002,2026-02-26,2026-03-24,2026-03-26,55,55,已交付,2
O000259,C005,M001,2026-02-12,2026-03-18,2026-03-18,8,8,已交付,0
O000260,C032,M003,2026-02-18,2026-03-24,2026-03-24,80,80,已交付,0
O000261,C016,M007,2026-03-14,2026-04-10,2026-04-10,37,37,已交付,0
O000262,C036,M003,2026-02-07,2026-02-27,2026-02-27,22,22,已交付,0
O000263,C004,M006,2026-01-17,2026-02-14,2026-02-14,73,73,已交付,0
O000264,C011,M002,2026-01-20,2026-02-20,2026-02-22,9,9,已交付,2
O000265,C049,M005,2026-06-27,2026-07-28,,70,27,生产中,
O000266,C030,M001,2026-03-29,2026-04-29,2026-04-29,41,41,已交付,0
O000267,C034,M003,2026-03-25,2026-04-23,2026-04-24,37,37,已交付,1
O000268,C040,M001,2026-01-26,2026-02-18,2026-02-18,64,64,已交付,0
O000269,C050,M007,2026-04-25,2026-05-08,2026-05-08,30,30,已交付,0
O000270,C055,M004,2026-06-09,2026-07-09,2026-07-09,27,27,已交付,0
O000271,C005,M004,2026-05-14,2026-06-06,2026-06-06,33,33,已交付,0
O000272,C011,M001,2026-06-04,2026-07-06,2026-07-06,40,40,已交付,0
O000273,C039,M008,2026-04-17,2026-05-04,2026-05-05,68,68,已交付,1
O000274,C037,M001,2026-06-01,2026-06-22,2026-06-22,41,41,已交付,0
O000275,C049,M003,2026-01-29,2026-03-04,2026-03-05,52,52,已交付,1
O000276,C005,M002,2026-03-18,2026-04-12,2026-04-12,34,34,已交付,0
O000277,C025,M002,2026-05-04,2026-05-26,2026-05-26,60,60,已交付,0
O000278,C041,M002,2026-03-25,2026-04-28,2026-04-28,9,9,已交付,0
O000279,C001,M002,2026-06-30,2026-07-25,,58,22,生产中,
O000280,C006,M003,2026-01-13,2026-02-13,2026-02-13,63,63,已交付,0
O000281,C016,M004,2026-05-12,2026-06-13,2026-06-18,66,66,延期交付,5
O000282,C041,M002,2026-06-02,2026-06-20,2026-06-20,57,57,已交付,0
O000283,C047,M001,2026-04-27,2026-05-14,2026-05-14,22,22,已交付,0
O000284,C047,M003,2026-03-30,2026-04-19,2026-04-19,54,54,已交付,0
O000285,C007,M002,2026-03-30,2026-04-17,2026-04-17,70,70,已交付,0
O000286,C002,M005,2026-03-26,2026-04-19,2026-04-19,19,19,已交付,0
O000287,C008,M004,2026-01-09,2026-02-05,2026-02-05,47,47,已交付,0
O000288,C040,M003,2026-04-30,2026-05-16,2026-05-16,75,75,已交付,0
O000289,C039,M004,2026-04-27,2026-05-20,2026-05-23,54,54,已交付,3
O000290,C002,M004,2026-05-06,2026-06-04,2026-06-04,61,61,已交付,0
O000291,C058,M005,2026-05-30,2026-06-12,2026-06-12,19,19,已交付,0
O000292,C048,M004,2026-04-05,2026-04-24,2026-04-24,42,42,已交付,0
O000293,C058,M007,2026-01-29,2026-03-03,2026-03-05,31,31,已交付,2
O000294,C052,M003,2026-06-05,2026-06-29,2026-07-05,77,77,延期交付,6
O000295,C013,M007,2026-06-02,2026-06-24,2026-06-29,60,60,延期交付,5
O000296,C058,M007,2026-02-19,2026-03-03,2026-03-08,11,11,延期交付,5
O000297,C019,M004,2026-04-21,2026-05-19,2026-05-19,61,61,已交付,0
O000298,C017,M004,2026-03-20,2026-04-13,2026-04-13,40,40,已交付,0
O000299,C045,M003,2026-03-29,2026-04-25,2026-04-25,28,28,已交付,0
O000300,C041,M003,2026-05-05,2026-06-03,2026-06-08,67,67,延期交付,5
O000301,C012,M008,2026-05-14,2026-06-03,2026-06-03,15,15,已交付,0
O000302,C051,M001,2026-06-18,2026-07-05,2026-07-05,29,29,已交付,0
O000303,C005,M001,2026-03-19,2026-04-06,2026-04-06,9,9,已交付,0
O000304,C020,M007,2026-04-07,2026-04-28,2026-04-28,74,74,已交付,0
O000305,C020,M007,2026-06-09,2026-07-04,2026-07-04,64,64,已交付,0
O000306,C036,M004,2026-01-01,2026-01-23,2026-01-23,21,21,已交付,0
O000307,C031,M007,2026-04-27,2026-05-20,2026-05-21,8,8,已交付,1
O000308,C057,M005,2026-01-12,2026-01-25,2026-01-25,56,56,已交付,0
O000309,C039,M003,2026-03-29,2026-04-15,2026-04-15,40,40,已交付,0
O000310,C050,M004,2026-06-02,2026-06-14,2026-06-14,68,68,已交付,0
O000311,C023,M004,2026-04-10,2026-05-04,2026-05-04,31,31,已交付,0
O000312,C010,M008,2026-02-25,2026-03-19,2026-03-19,18,18,已交付,0
O000313,C007,M006,2026-02-07,2026-03-07,2026-03-07,53,53,已交付,0
O000314,C037,M001,2026-06-24,2026-07-22,,71,11,生产中,
O000315,C027,M005,2026-06-22,2026-07-22,,72,45,生产中,
O000316,C048,M002,2026-01-11,2026-01-23,2026-01-28,21,21,延期交付,5
O000317,C005,M007,2026-04-29,2026-05-17,2026-05-17,18,18,已交付,0
O000318,C007,M006,2026-06-16,2026-07-07,2026-07-08,25,25,已交付,1
O000319,C012,M003,2026-01-11,2026-01-31,2026-01-31,70,70,已交付,0
O000320,C012,M006,2026-02-27,2026-03-18,2026-03-19,22,22,已交付,1
O000321,C055,M002,2026-01-11,2026-01-29,2026-01-29,40,40,已交付,0
O000322,C001,M002,2026-02-14,2026-03-18,2026-03-18,50,50,已交付,0
O000323,C014,M007,2026-06-03,2026-07-03,2026-07-03,71,71,已交付,0
O000324,C015,M001,2026-01-19,2026-02-14,2026-02-14,49,49,已交付,0
O000325,C057,M005,2026-01-19,2026-02-22,2026-02-23,10,10,已交付,1
O000326,C028,M003,2026-04-08,2026-04-21,2026-04-26,78,78,延期交付,5
O000327,C003,M007,2026-03-10,2026-03-26,2026-03-27,71,71,已交付,1
O000328,C013,M001,2026-01-13,2026-02-08,2026-02-16,33,33,延期交付,8
O000329,C052,M006,2026-05-15,2026-06-06,2026-06-06,35,35,已交付,0
O000330,C029,M004,2026-02-26,2026-03-16,2026-03-17,43,43,已交付,1
O000331,C060,M004,2026-06-17,2026-07-01,2026-07-01,14,14,已交付,0
O000332,C011,M001,2026-02-16,2026-03-10,2026-03-10,63,63,已交付,0
O000333,C028,M007,2026-02-02,2026-02-27,2026-03-04,64,64,延期交付,5
O000334,C055,M003,2026-01-29,2026-02-19,2026-02-19,61,61,已交付,0
O000335,C006,M008,2026-02-07,2026-03-05,2026-03-05,44,44,已交付,0
O000336,C031,M008,2026-04-10,2026-04-28,2026-04-28,68,68,已交付,0
O000337,C039,M005,2026-05-04,2026-05-25,2026-05-27,55,55,已交付,2
O000338,C013,M005,2026-06-12,2026-06-28,2026-06-29,70,70,已交付,1
O000339,C057,M003,2026-05-01,2026-05-23,2026-05-25,9,9,已交付,2
O000340,C030,M004,2026-01-07,2026-01-29,2026-02-01,48,48,已交付,3
O000341,C012,M005,2026-03-18,2026-04-14,2026-04-14,40,40,已交付,0
O000342,C057,M006,2026-02-26,2026-03-16,2026-03-16,38,38,已交付,0
O000343,C033,M005,2026-03-11,2026-03-27,2026-03-28,21,21,已交付,1
O000344,C011,M006,2026-06-12,2026-07-04,2026-07-05,17,17,已交付,1
O000345,C031,M002,2026-01-27,2026-02-23,2026-02-24,73,73,已交付,1
O000346,C038,M001,2026-03-21,2026-04-08,2026-04-16,63,63,延期交付,8
O000347,C005,M004,2026-02-18,2026-03-09,2026-03-09,27,27,已交付,0
O000348,C007,M003,2026-01-26,2026-02-19,2026-02-21,49,49,已交付,2
O000349,C051,M008,2026-01-13,2026-02-10,2026-02-10,38,38,已交付,0
O000350,C056,M005,2026-05-21,2026-06-24,2026-07-02,52,52,延期交付,8
O000351,C008,M001,2026-02-20,2026-03-13,2026-03-14,42,42,已交付,1
O000352,C027,M004,2026-05-05,2026-06-04,2026-06-04,32,32,已交付,0
O000353,C028,M004,2026-04-24,2026-05-21,2026-05-23,34,34,已交付,2
O000354,C010,M003,2026-03-14,2026-04-07,2026-04-12,50,50,延期交付,5
O000355,C010,M002,2026-02-21,2026-03-15,2026-03-15,33,33,已交付,0
O000356,C035,M008,2026-01-27,2026-03-01,2026-03-01,69,69,已交付,0
O000357,C041,M008,2026-03-06,2026-03-26,2026-03-31,78,78,延期交付,5
O000358,C037,M005,2026-06-27,2026-07-19,2026-07-19,18,18,已交付,0
O000359,C019,M007,2026-04-13,2026-05-13,2026-05-13,34,34,已交付,0
O000360,C040,M001,2026-05-29,2026-06-10,2026-06-10,22,22,已交付,0
O000361,C035,M004,2026-03-20,2026-04-21,2026-04-23,22,22,已交付,2
O000362,C034,M005,2026-06-19,2026-07-22,,77,28,生产中,
O000363,C021,M001,2026-04-09,2026-05-07,2026-05-09,40,40,已交付,2
O000364,C005,M003,2026-06-14,2026-07-04,2026-07-06,35,35,已交付,2
O000365,C003,M001,2026-02-03,2026-03-02,2026-03-02,37,37,已交付,0
O000366,C015,M002,2026-06-16,2026-07-07,2026-07-09,12,12,已交付,2
O000367,C039,M002,2026-05-25,2026-06-21,2026-06-21,45,45,已交付,0
O000368,C021,M003,2026-01-06,2026-01-25,2026-01-26,36,36,已交付,1
O000369,C014,M005,2026-02-08,2026-03-11,2026-03-14,78,78,已交付,3
O000370,C026,M003,2026-06-01,2026-06-16,2026-06-25,73,73,延期交付,9
O000371,C043,M006,2026-01-02,2026-01-24,2026-01-24,31,31,已交付,0
O000372,C053,M001,2026-01-26,2026-03-01,2026-03-02,73,73,已交付,1
O000373,C040,M003,2026-06-09,2026-07-06,2026-07-09,23,23,已交付,3
O000374,C025,M007,2026-05-06,2026-05-23,2026-05-23,75,75,已交付,0
O000375,C003,M003,2026-04-03,2026-05-07,2026-05-08,46,46,已交付,1
O000376,C033,M004,2026-06-16,2026-07-04,2026-07-05,24,24,已交付,1
O000377,C035,M002,2026-03-25,2026-04-14,2026-04-16,41,41,已交付,2
O000378,C038,M002,2026-01-18,2026-02-21,2026-02-21,13,13,已交付,0
O000379,C055,M001,2026-03-10,2026-03-29,2026-03-29,69,69,已交付,0
O000380,C046,M005,2026-06-24,2026-07-25,,43,30,生产中,
O000381,C046,M002,2026-01-03,2026-01-20,2026-01-21,75,75,已交付,1
O000382,C058,M005,2026-04-02,2026-05-05,2026-05-08,26,26,已交付,3
O000383,C032,M003,2026-03-19,2026-04-06,2026-04-06,11,11,已交付,0
O000384,C002,M001,2026-04-07,2026-05-01,2026-05-01,35,35,已交付,0
O000385,C047,M004,2026-02-21,2026-03-19,2026-03-19,48,48,已交付,0
O000386,C038,M002,2026-02-05,2026-03-05,2026-03-05,12,12,已交付,0
O000387,C004,M003,2026-05-27,2026-06-08,2026-06-18,34,34,延期交付,10
O000388,C024,M002,2026-01-11,2026-02-11,2026-02-13,55,55,已交付,2
O000389,C019,M001,2026-03-26,2026-04-21,2026-04-21,26,26,已交付,0
O000390,C024,M004,2026-03-22,2026-04-18,2026-04-21,80,80,已交付,3
O000391,C024,M006,2026-03-07,2026-04-06,2026-04-06,9,9,已交付,0
O000392,C054,M005,2026-06-29,2026-07-15,2026-07-15,32,32,已交付,0
O000393,C024,M002,2026-03-27,2026-04-13,2026-04-13,59,59,已交付,0
O000394,C048,M008,2026-03-02,2026-03-17,2026-03-17,61,61,已交付,0
O000395,C004,M008,2026-02-04,2026-03-06,2026-03-08,60,60,已交付,2
O000396,C050,M003,2026-05-16,2026-06-19,2026-06-27,42,42,延期交付,8
O000397,C059,M003,2026-04-28,2026-05-26,2026-05-27,73,73,已交付,1
O000398,C005,M002,2026-01-18,2026-02-21,2026-02-21,59,59,已交付,0
O000399,C024,M003,2026-03-19,2026-04-04,2026-04-04,19,19,已交付,0
O000400,C058,M001,2026-06-20,2026-07-06,2026-07-07,48,48,已交付,1
O000401,C010,M006,2026-06-03,2026-07-05,2026-07-05,40,40,已交付,0
O000402,C053,M003,2026-03-07,2026-03-21,2026-03-21,68,68,已交付,0
O000403,C050,M002,2026-02-10,2026-03-13,2026-03-13,79,79,已交付,0
O000404,C046,M004,2026-04-10,2026-05-12,2026-05-12,63,63,已交付,0
O000405,C021,M006,2026-04-29,2026-05-12,2026-05-14,18,18,已交付,2
O000406,C027,M002,2026-01-12,2026-01-24,2026-01-24,43,43,已交付,0
O000407,C052,M007,2026-06-11,2026-07-05,2026-07-05,47,47,已交付,0
O000408,C030,M001,2026-01-06,2026-02-01,2026-02-01,79,79,已交付,0
O000409,C058,M005,2026-05-30,2026-07-01,2026-07-01,32,32,已交付,0
O000410,C018,M004,2026-04-01,2026-04-20,2026-04-20,76,76,已交付,0
O000411,C005,M006,2026-05-25,2026-06-23,2026-06-23,52,52,已交付,0
O000412,C050,M003,2026-01-07,2026-01-21,2026-01-21,8,8,已交付,0
O000413,C042,M008,2026-03-08,2026-03-23,2026-03-25,77,77,已交付,2
O000414,C048,M002,2026-01-12,2026-02-02,2026-02-04,58,58,已交付,2
O000415,C032,M003,2026-05-27,2026-06-26,2026-07-07,30,30,延期交付,11
O000416,C046,M001,2026-01-18,2026-02-18,2026-02-18,57,57,已交付,0
O000417,C030,M005,2026-04-04,2026-04-16,2026-04-18,34,34,已交付,2
O000418,C059,M007,2026-03-20,2026-04-14,2026-04-14,37,37,已交付,0
O000419,C009,M002,2026-06-19,2026-07-21,,70,28,生产中,
O000420,C054,M001,2026-04-15,2026-05-07,2026-05-07,10,10,已交付,0
O000421,C047,M005,2026-02-24,2026-03-26,2026-03-26,48,48,已交付,0
O000422,C021,M002,2026-06-23,2026-07-17,2026-07-20,70,70,已交付,3
O000423,C016,M007,2026-05-11,2026-06-12,2026-06-12,41,41,已交付,0
O000424,C005,M003,2026-06-26,2026-07-21,,56,37,生产中,
O000425,C005,M004,2026-01-28,2026-02-23,2026-02-23,15,15,已交付,0
O000426,C043,M001,2026-06-08,2026-07-12,2026-07-12,35,35,已交付,0
O000427,C005,M001,2026-05-29,2026-06-25,2026-06-28,14,14,已交付,3
O000428,C003,M007,2026-06-22,2026-07-25,,36,6,生产中,
O000429,C020,M004,2026-03-13,2026-04-12,2026-04-12,19,19,已交付,0
O000430,C043,M001,2026-03-01,2026-03-31,2026-03-31,76,76,已交付,0
O000431,C015,M006,2026-03-29,2026-04-19,2026-04-20,36,36,已交付,1
O000432,C004,M001,2026-01-28,2026-02-15,2026-02-15,10,10,已交付,0
O000433,C014,M002,2026-01-06,2026-01-27,2026-01-30,36,36,已交付,3
O000434,C019,M001,2026-05-16,2026-06-03,2026-06-03,54,54,已交付,0
O000435,C005,M003,2026-03-23,2026-04-23,2026-04-23,60,60,已交付,0
O000436,C002,M002,2026-04-26,2026-05-09,2026-05-09,29,29,已交付,0
O000437,C004,M001,2026-01-10,2026-01-26,2026-01-26,76,76,已交付,0
O000438,C015,M008,2026-03-22,2026-04-09,2026-04-09,24,24,已交付,0
O000439,C054,M004,2026-05-02,2026-06-04,2026-06-04,41,41,已交付,0
O000440,C051,M001,2026-05-20,2026-06-08,2026-06-08,39,39,已交付,0
O000441,C057,M002,2026-04-15,2026-05-18,2026-05-19,28,28,已交付,1
O000442,C009,M004,2026-04-21,2026-05-23,2026-05-24,70,70,已交付,1
O000443,C047,M008,2026-02-07,2026-02-25,2026-02-28,20,20,已交付,3
O000444,C031,M003,2026-04-07,2026-05-04,2026-05-05,10,10,已交付,1
O000445,C010,M003,2026-04-10,2026-04-29,2026-04-29,18,18,已交付,0
O000446,C031,M003,2026-01-14,2026-02-10,2026-02-15,37,37,延期交付,5
O000447,C034,M006,2026-03-14,2026-03-31,2026-04-01,30,30,已交付,1
O000448,C020,M001,2026-03-17,2026-04-04,2026-04-04,39,39,已交付,0
O000449,C001,M005,2026-01-20,2026-02-12,2026-02-12,74,74,已交付,0
O000450,C040,M001,2026-04-07,2026-04-25,2026-04-25,25,25,已交付,0
O000451,C003,M006,2026-03-02,2026-03-31,2026-03-31,70,70,已交付,0
O000452,C004,M006,2026-04-06,2026-04-27,2026-04-27,53,53,已交付,0
O000453,C012,M007,2026-01-10,2026-02-06,2026-02-11,65,65,延期交付,5
O000454,C030,M001,2026-05-10,2026-06-03,2026-06-06,32,32,已交付,3
O000455,C028,M007,2026-04-11,2026-05-10,2026-05-10,45,45,已交付,0
O000456,C033,M002,2026-01-11,2026-01-23,2026-01-23,59,59,已交付,0
O000457,C027,M001,2026-02-13,2026-03-12,2026-03-13,39,39,已交付,1
O000458,C036,M003,2026-05-29,2026-06-20,2026-06-29,17,17,延期交付,9
O000459,C028,M001,2026-06-03,2026-07-05,2026-07-05,34,34,已交付,0
O000460,C015,M008,2026-01-22,2026-02-06,2026-02-07,44,44,已交付,1
O000461,C033,M008,2026-02-19,2026-03-04,2026-03-06,75,75,已交付,2
O000462,C036,M008,2026-04-03,2026-04-15,2026-04-16,18,18,已交付,1
O000463,C050,M007,2026-03-16,2026-04-05,2026-04-06,8,8,已交付,1
O000464,C007,M002,2026-05-13,2026-06-11,2026-06-12,63,63,已交付,1
O000465,C044,M001,2026-02-24,2026-03-26,2026-03-28,75,75,已交付,2
O000466,C059,M005,2026-01-12,2026-02-09,2026-02-09,72,72,已交付,0
O000467,C047,M003,2026-01-18,2026-02-16,2026-02-17,61,61,已交付,1
O000468,C027,M002,2026-05-18,2026-06-18,2026-06-18,59,59,已交付,0
O000469,C016,M005,2026-02-06,2026-02-23,2026-02-26,76,76,已交付,3
O000470,C057,M006,2026-02-11,2026-03-12,2026-03-13,52,52,已交付,1
O000471,C012,M007,2026-03-02,2026-03-18,2026-03-18,56,56,已交付,0
O000472,C055,M001,2026-04-28,2026-05-22,2026-05-24,29,29,已交付,2
O000473,C023,M004,2026-04-01,2026-05-03,2026-05-03,15,15,已交付,0
O000474,C005,M001,2026-01-31,2026-02-20,2026-02-25,60,60,延期交付,5
O000475,C003,M003,2026-06-26,2026-07-29,,32,13,生产中,
O000476,C045,M002,2026-03-15,2026-04-13,2026-04-13,75,75,已交付,0
O000477,C005,M007,2026-01-05,2026-02-03,2026-02-06,27,27,已交付,3
O000478,C058,M005,2026-02-10,2026-03-10,2026-03-10,44,44,已交付,0
O000479,C006,M004,2026-01-09,2026-01-28,2026-01-28,27,27,已交付,0
O000480,C043,M001,2026-04-12,2026-05-14,2026-05-14,65,65,已交付,0
O000481,C024,M003,2026-03-11,2026-03-26,2026-03-26,21,21,已交付,0
O000482,C035,M005,2026-06-05,2026-06-28,2026-07-03,10,10,延期交付,5
O000483,C039,M008,2026-05-19,2026-05-31,2026-06-05,39,39,延期交付,5
O000484,C034,M008,2026-04-19,2026-05-17,2026-05-18,12,12,已交付,1
O000485,C001,M003,2026-03-12,2026-03-25,2026-03-25,77,77,已交付,0
O000486,C044,M002,2026-01-02,2026-01-29,2026-01-30,22,22,已交付,1
O000487,C026,M003,2026-02-07,2026-03-10,2026-03-10,55,55,已交付,0
O000488,C002,M006,2026-04-15,2026-05-03,2026-05-04,30,30,已交付,1
O000489,C044,M001,2026-04-13,2026-05-04,2026-05-04,79,79,已交付,0
O000490,C060,M001,2026-04-07,2026-04-26,2026-04-27,27,27,已交付,1
O000491,C054,M001,2026-03-07,2026-03-29,2026-04-01,79,79,已交付,3
O000492,C035,M007,2026-02-07,2026-02-24,2026-02-24,77,77,已交付,0
O000493,C038,M001,2026-03-19,2026-04-05,2026-04-05,53,53,已交付,0
O000494,C029,M001,2026-04-17,2026-05-09,2026-05-09,76,76,已交付,0
O000495,C021,M005,2026-01-03,2026-02-04,2026-02-04,54,54,已交付,0
O000496,C005,M001,2026-02-20,2026-03-05,2026-03-05,78,78,已交付,0
O000497,C003,M003,2026-06-10,2026-07-14,2026-07-14,50,50,已交付,0
O000498,C017,M001,2026-01-21,2026-02-11,2026-02-13,47,47,已交付,2
O000499,C034,M008,2026-03-17,2026-04-13,2026-04-21,62,62,延期交付,8
O000500,C013,M006,2026-05-22,2026-06-11,2026-06-14,54,54,已交付,3
O000501,C002,M002,2026-01-23,2026-02-06,2026-02-06,65,65,已交付,0
O000502,C036,M002,2026-06-20,2026-07-06,2026-07-06,53,53,已交付,0
O000503,C005,M003,2026-06-30,2026-07-27,,79,30,生产中,
O000504,C044,M005,2026-05-16,2026-06-08,2026-06-09,75,75,已交付,1
O000505,C038,M006,2026-05-30,2026-06-23,2026-06-23,20,20,已交付,0
O000506,C028,M005,2026-02-10,2026-02-24,2026-02-24,30,30,已交付,0
O000507,C040,M003,2026-03-23,2026-04-13,2026-04-13,38,38,已交付,0
O000508,C029,M004,2026-01-04,2026-01-28,2026-01-28,17,17,已交付,0
O000509,C054,M002,2026-03-05,2026-04-08,2026-04-08,74,74,已交付,0
O000510,C036,M005,2026-03-19,2026-04-09,2026-04-09,68,68,已交付,0
O000511,C002,M001,2026-03-07,2026-04-02,2026-04-04,13,13,已交付,2
O000512,C048,M008,2026-03-20,2026-04-17,2026-04-17,68,68,已交付,0
O000513,C039,M007,2026-02-25,2026-03-09,2026-03-09,69,69,已交付,0
O000514,C027,M003,2026-04-07,2026-05-06,2026-05-07,75,75,已交付,1
O000515,C005,M003,2026-02-22,2026-03-27,2026-03-29,40,40,已交付,2
O000516,C008,M008,2026-02-03,2026-02-27,2026-02-27,15,15,已交付,0
O000517,C005,M003,2026-03-27,2026-04-24,2026-04-27,79,79,已交付,3
O000518,C009,M005,2026-01-29,2026-02-20,2026-02-20,72,72,已交付,0
O000519,C008,M001,2026-01-21,2026-02-15,2026-02-16,25,25,已交付,1
O000520,C003,M002,2026-04-16,2026-05-08,2026-05-10,33,33,已交付,2
O000521,C021,M005,2026-04-27,2026-05-15,2026-05-15,51,51,已交付,0
O000522,C004,M001,2026-01-27,2026-02-26,2026-02-26,58,58,已交付,0
O000523,C036,M008,2026-05-03,2026-06-06,2026-06-06,39,39,已交付,0
O000524,C005,M002,2026-01-26,2026-02-13,2026-02-18,51,51,延期交付,5
O000525,C017,M008,2026-03-09,2026-03-27,2026-03-27,77,77,已交付,0
O000526,C029,M001,2026-05-27,2026-06-25,2026-06-25,15,15,已交付,0
O000527,C012,M004,2026-03-10,2026-03-27,2026-03-28,41,41,已交付,1
O000528,C005,M003,2026-05-01,2026-05-19,2026-05-20,9,9,已交付,1
O000529,C036,M001,2026-04-03,2026-04-17,2026-04-17,32,32,已交付,0
O000530,C016,M001,2026-03-23,2026-04-05,2026-04-05,16,16,已交付,0
O000531,C015,M006,2026-03-08,2026-04-02,2026-04-03,71,71,已交付,1
O000532,C016,M005,2026-01-28,2026-02-26,2026-02-26,18,18,已交付,0
O000533,C001,M003,2026-06-05,2026-07-04,2026-07-04,53,53,已交付,0
O000534,C002,M001,2026-06-12,2026-06-26,2026-06-28,13,13,已交付,2
O000535,C037,M003,2026-06-28,2026-07-22,,51,8,生产中,
O000536,C015,M007,2026-02-07,2026-02-21,2026-02-21,77,77,已交付,0
O000537,C011,M004,2026-04-13,2026-05-04,2026-05-04,33,33,已交付,0
O000538,C018,M008,2026-04-13,2026-04-25,2026-04-25,21,21,已交付,0
O000539,C042,M001,2026-04-02,2026-04-20,2026-04-20,36,36,已交付,0
O000540,C008,M001,2026-04-25,2026-05-19,2026-05-24,65,65,延期交付,5
O000541,C060,M001,2026-06-20,2026-07-05,2026-07-06,65,65,已交付,1
O000542,C046,M005,2026-03-02,2026-03-20,2026-03-20,12,12,已交付,0
O000543,C052,M006,2026-05-18,2026-06-07,2026-06-07,28,28,已交付,0
O000544,C006,M001,2026-03-19,2026-04-22,2026-04-22,16,16,已交付,0
O000545,C046,M004,2026-02-01,2026-03-06,2026-03-06,59,59,已交付,0
O000546,C019,M003,2026-01-30,2026-02-15,2026-02-15,71,71,已交付,0
O000547,C021,M003,2026-03-30,2026-04-21,2026-04-23,35,35,已交付,2
O000548,C038,M001,2026-06-05,2026-06-25,2026-06-27,70,70,已交付,2
O000549,C031,M007,2026-04-26,2026-05-15,2026-05-15,10,10,已交付,0
O000550,C027,M005,2026-03-18,2026-04-11,2026-04-11,56,56,已交付,0
O000551,C004,M004,2026-01-07,2026-02-10,2026-02-10,41,41,已交付,0
O000552,C005,M003,2026-04-04,2026-05-07,2026-05-07,19,19,已交付,0
O000553,C058,M007,2026-04-23,2026-05-21,2026-05-21,30,30,已交付,0
O000554,C005,M003,2026-03-20,2026-04-07,2026-04-07,65,65,已交付,0
O000555,C005,M003,2026-06-10,2026-06-30,2026-07-07,70,70,延期交付,7
O000556,C026,M007,2026-03-02,2026-03-31,2026-03-31,31,31,已交付,0
O000557,C026,M002,2026-06-06,2026-06-30,2026-07-01,77,77,已交付,1
O000558,C022,M001,2026-06-18,2026-07-05,2026-07-05,58,58,已交付,0
O000559,C043,M001,2026-03-06,2026-03-26,2026-03-27,38,38,已交付,1
O000560,C057,M001,2026-04-22,2026-05-06,2026-05-06,77,77,已交付,0
O000561,C021,M007,2026-01-31,2026-03-03,2026-03-03,74,74,已交付,0
O000562,C057,M004,2026-03-25,2026-04-07,2026-04-07,49,49,已交付,0
O000563,C047,M002,2026-01-10,2026-02-13,2026-02-14,60,60,已交付,1
O000564,C055,M001,2026-01-21,2026-02-13,2026-02-13,50,50,已交付,0
O000565,C047,M007,2026-06-11,2026-07-14,2026-07-14,79,79,已交付,0
O000566,C054,M003,2026-05-13,2026-06-09,2026-06-12,45,45,已交付,3
O000567,C032,M001,2026-01-14,2026-02-12,2026-02-12,72,72,已交付,0
O000568,C033,M006,2026-05-27,2026-06-09,2026-06-12,9,9,已交付,3
O000569,C031,M007,2026-04-19,2026-05-08,2026-05-08,29,29,已交付,0
O000570,C008,M005,2026-01-13,2026-02-07,2026-02-08,57,57,已交付,1
O000571,C014,M006,2026-02-01,2026-02-23,2026-02-24,16,16,已交付,1
O000572,C016,M003,2026-01-29,2026-02-27,2026-03-01,65,65,已交付,2
O000573,C060,M003,2026-01-15,2026-02-06,2026-02-06,19,19,已交付,0
O000574,C060,M004,2026-01-30,2026-03-03,2026-03-03,34,34,已交付,0
O000575,C035,M007,2026-01-16,2026-02-07,2026-02-07,29,29,已交付,0
O000576,C018,M004,2026-06-22,2026-07-22,,66,20,生产中,
O000577,C005,M002,2026-03-18,2026-03-30,2026-03-30,62,62,已交付,0
O000578,C007,M003,2026-04-19,2026-05-18,2026-05-18,73,73,已交付,0
O000579,C019,M001,2026-01-19,2026-02-13,2026-02-13,74,74,已交付,0
O000580,C010,M007,2026-01-12,2026-02-04,2026-02-04,75,75,已交付,0
O000581,C023,M003,2026-03-05,2026-03-21,2026-03-21,14,14,已交付,0
O000582,C033,M001,2026-03-22,2026-04-15,2026-04-15,54,54,已交付,0
O000583,C012,M001,2026-05-04,2026-05-30,2026-05-30,67,67,已交付,0
O000584,C008,M006,2026-05-01,2026-05-29,2026-06-01,18,18,已交付,3
O000585,C029,M005,2026-04-21,2026-05-17,2026-05-17,23,23,已交付,0
O000586,C032,M003,2026-05-04,2026-05-31,2026-06-01,43,43,已交付,1
O000587,C017,M006,2026-06-13,2026-07-10,2026-07-13,30,30,已交付,3
O000588,C011,M002,2026-02-28,2026-03-30,2026-03-30,60,60,已交付,0
O000589,C029,M007,2026-02-06,2026-03-07,2026-03-08,61,61,已交付,1
O000590,C013,M004,2026-02-22,2026-03-14,2026-03-14,65,65,已交付,0
O000591,C023,M004,2026-04-29,2026-06-02,2026-06-05,28,28,已交付,3
O000592,C032,M006,2026-04-26,2026-05-25,2026-05-27,35,35,已交付,2
O000593,C034,M002,2026-04-12,2026-04-29,2026-05-07,26,26,延期交付,8
O000594,C004,M003,2026-01-02,2026-02-02,2026-02-02,64,64,已交付,0
O000595,C035,M001,2026-02-22,2026-03-19,2026-03-19,49,49,已交付,0
O000596,C025,M005,2026-05-21,2026-06-02,2026-06-03,37,37,已交付,1
O000597,C038,M004,2026-01-08,2026-01-24,2026-01-24,29,29,已交付,0
O000598,C040,M005,2026-03-06,2026-04-03,2026-04-03,16,16,已交付,0
O000599,C003,M004,2026-03-09,2026-03-30,2026-03-30,19,19,已交付,0
O000600,C017,M001,2026-01-26,2026-02-07,2026-02-07,73,73,已交付,0
O000601,C005,M003,2026-06-15,2026-07-03,2026-07-03,67,67,已交付,0
O000602,C041,M001,2026-06-01,2026-07-02,2026-07-02,72,72,已交付,0
O000603,C039,M002,2026-01-30,2026-03-04,2026-03-05,70,70,已交付,1
O000604,C001,M004,2026-06-02,2026-07-02,2026-07-02,50,50,已交付,0
O000605,C054,M006,2026-05-13,2026-05-27,2026-05-27,16,16,已交付,0
O000606,C051,M002,2026-01-06,2026-01-22,2026-01-24,14,14,已交付,2
O000607,C019,M001,2026-05-15,2026-06-18,2026-06-18,29,29,已交付,0
O000608,C029,M001,2026-01-11,2026-02-04,2026-02-05,54,54,已交付,1
O000609,C041,M004,2026-05-07,2026-06-01,2026-06-01,70,70,已交付,0
O000610,C033,M001,2026-03-19,2026-04-19,2026-04-20,14,14,已交付,1
O000611,C034,M007,2026-01-15,2026-02-15,2026-02-15,38,38,已交付,0
O000612,C017,M004,2026-06-30,2026-07-24,,66,35,生产中,
O000613,C006,M006,2026-03-30,2026-04-24,2026-04-24,80,80,已交付,0
O000614,C015,M002,2026-02-11,2026-03-07,2026-03-07,19,19,已交付,0
O000615,C017,M001,2026-05-09,2026-05-29,2026-06-06,30,30,延期交付,8
O000616,C001,M008,2026-04-08,2026-04-23,2026-04-23,9,9,已交付,0
O000617,C029,M005,2026-04-04,2026-04-23,2026-04-24,63,63,已交付,1
O000618,C037,M001,2026-02-08,2026-02-22,2026-02-22,63,63,已交付,0
O000619,C051,M007,2026-05-31,2026-07-01,2026-07-01,75,75,已交付,0
O000620,C027,M003,2026-03-29,2026-04-24,2026-04-24,61,61,已交付,0
O000621,C042,M004,2026-04-07,2026-05-05,2026-05-05,37,37,已交付,0
O000622,C037,M001,2026-05-20,2026-06-03,2026-06-11,70,70,延期交付,8
O000623,C037,M004,2026-01-28,2026-02-19,2026-02-19,30,30,已交付,0
O000624,C012,M006,2026-01-03,2026-01-17,2026-01-17,42,42,已交付,0
O000625,C010,M006,2026-04-04,2026-04-27,2026-04-28,40,40,已交付,1
O000626,C004,M001,2026-02-13,2026-03-07,2026-03-08,55,55,已交付,1
O000627,C042,M001,2026-06-18,2026-07-12,2026-07-12,35,35,已交付,0
O000628,C024,M004,2026-05-15,2026-06-12,2026-06-12,14,14,已交付,0
O000629,C044,M005,2026-01-01,2026-02-03,2026-02-05,36,36,已交付,2
O000630,C055,M002,2026-05-11,2026-06-03,2026-06-03,73,73,已交付,0
O000631,C012,M008,2026-02-09,2026-03-13,2026-03-13,74,74,已交付,0
O000632,C003,M003,2026-06-20,2026-07-02,2026-07-07,26,26,延期交付,5
O000633,C050,M008,2026-01-27,2026-02-28,2026-02-28,29,29,已交付,0
O000634,C047,M004,2026-04-18,2026-05-09,2026-05-14,37,37,延期交付,5
O000635,C015,M002,2026-05-13,2026-06-11,2026-06-11,37,37,已交付,0
O000636,C018,M003,2026-05-28,2026-06-21,2026-06-29,38,38,延期交付,8
O000637,C005,M001,2026-01-30,2026-02-21,2026-02-21,18,18,已交付,0
O000638,C008,M002,2026-03-29,2026-04-23,2026-04-24,31,31,已交付,1
O000639,C052,M002,2026-04-24,2026-05-16,2026-05-18,71,71,已交付,2
O000640,C040,M003,2026-03-02,2026-04-03,2026-04-03,11,11,已交付,0
O000641,C059,M008,2026-05-08,2026-06-03,2026-06-03,61,61,已交付,0
O000642,C051,M001,2026-05-05,2026-05-29,2026-05-31,46,46,已交付,2
O000643,C024,M007,2026-02-17,2026-03-21,2026-03-21,21,21,已交付,0
O000644,C024,M001,2026-02-15,2026-03-20,2026-03-20,54,54,已交付,0
O000645,C050,M008,2026-06-04,2026-06-27,2026-06-27,8,8,已交付,0
O000646,C028,M005,2026-01-14,2026-01-27,2026-01-27,19,19,已交付,0
O000647,C046,M002,2026-01-30,2026-02-23,2026-02-25,62,62,已交付,2
O000648,C009,M002,2026-06-30,2026-08-02,,21,15,生产中,
O000649,C032,M001,2026-03-24,2026-04-18,2026-04-18,27,27,已交付,0
O000650,C060,M007,2026-06-17,2026-07-12,2026-07-12,75,75,已交付,0
O000651,C016,M004,2026-03-11,2026-04-08,2026-04-08,14,14,已交付,0
O000652,C016,M006,2026-04-11,2026-05-11,2026-05-11,74,74,已交付,0
O000653,C057,M005,2026-03-27,2026-04-21,2026-04-21,35,35,已交付,0
O000654,C005,M004,2026-01-09,2026-02-05,2026-02-05,34,34,已交付,0
O000655,C048,M004,2026-04-13,2026-05-07,2026-05-08,75,75,已交付,1
O000656,C008,M002,2026-03-29,2026-04-12,2026-04-12,16,16,已交付,0
O000657,C038,M002,2026-02-02,2026-02-14,2026-02-14,34,34,已交付,0
O000658,C007,M003,2026-01-30,2026-02-19,2026-02-24,30,30,延期交付,5
O000659,C008,M002,2026-02-13,2026-03-07,2026-03-09,34,34,已交付,2
O000660,C021,M001,2026-01-26,2026-02-11,2026-02-11,57,57,已交付,0
O000661,C053,M003,2026-04-09,2026-04-24,2026-04-25,28,28,已交付,1
O000662,C046,M002,2026-04-01,2026-04-30,2026-05-01,31,31,已交付,1
O000663,C006,M004,2026-03-05,2026-03-30,2026-03-30,75,75,已交付,0
O000664,C010,M004,2026-04-20,2026-05-10,2026-05-11,15,15,已交付,1
O000665,C053,M001,2026-03-07,2026-04-04,2026-04-04,22,22,已交付,0
O000666,C005,M007,2026-04-02,2026-04-22,2026-04-23,33,33,已交付,1
O000667,C033,M002,2026-02-22,2026-03-15,2026-03-18,50,50,已交付,3
O000668,C027,M004,2026-03-10,2026-03-23,2026-03-23,15,15,已交付,0
O000669,C046,M001,2026-03-10,2026-03-26,2026-03-26,10,10,已交付,0
O000670,C057,M006,2026-01-04,2026-01-22,2026-01-22,75,75,已交付,0
O000671,C027,M004,2026-03-23,2026-04-15,2026-04-15,78,78,已交付,0
O000672,C007,M003,2026-03-04,2026-03-26,2026-03-26,39,39,已交付,0
O000673,C057,M005,2026-02-21,2026-03-07,2026-03-08,51,51,已交付,1
O000674,C018,M008,2026-04-20,2026-05-02,2026-05-02,65,65,已交付,0
O000675,C019,M007,2026-06-30,2026-07-30,,66,30,生产中,
O000676,C042,M003,2026-01-04,2026-01-24,2026-01-25,71,71,已交付,1
O000677,C033,M007,2026-02-21,2026-03-25,2026-03-25,68,68,已交付,0
O000678,C013,M001,2026-01-18,2026-02-03,2026-02-03,72,72,已交付,0
O000679,C018,M005,2026-04-21,2026-05-23,2026-05-25,59,59,已交付,2
O000680,C005,M006,2026-04-12,2026-05-06,2026-05-06,8,8,已交付,0
O000681,C031,M007,2026-02-24,2026-03-19,2026-03-20,70,70,已交付,1
O000682,C056,M002,2026-04-27,2026-05-14,2026-05-14,52,52,已交付,0
O000683,C005,M006,2026-05-25,2026-06-18,2026-06-18,50,50,已交付,0
O000684,C056,M006,2026-02-21,2026-03-12,2026-03-12,35,35,已交付,0
O000685,C005,M002,2026-04-15,2026-04-30,2026-05-01,31,31,已交付,1
O000686,C035,M008,2026-03-11,2026-04-05,2026-04-06,55,55,已交付,1
O000687,C031,M005,2026-03-07,2026-04-08,2026-04-09,42,42,已交付,1
O000688,C035,M004,2026-03-07,2026-03-31,2026-04-01,53,53,已交付,1
O000689,C027,M008,2026-04-25,2026-05-24,2026-05-24,74,74,已交付,0
O000690,C056,M001,2026-03-11,2026-04-07,2026-04-12,78,78,延期交付,5
O000691,C030,M005,2026-02-07,2026-02-25,2026-02-25,23,23,已交付,0
O000692,C022,M001,2026-01-06,2026-01-22,2026-01-24,61,61,已交付,2
O000693,C035,M008,2026-05-28,2026-06-20,2026-06-20,69,69,已交付,0
O000694,C054,M007,2026-04-02,2026-05-06,2026-05-06,10,10,已交付,0
O000695,C005,M008,2026-02-17,2026-03-23,2026-03-31,47,47,延期交付,8
O000696,C022,M002,2026-01-21,2026-02-02,2026-02-02,47,47,已交付,0
O000697,C039,M004,2026-03-26,2026-04-07,2026-04-07,61,61,已交付,0
O000698,C022,M008,2026-02-13,2026-03-06,2026-03-07,79,79,已交付,1
O000699,C036,M004,2026-06-12,2026-07-15,2026-07-15,25,25,已交付,0
O000700,C049,M003,2026-05-07,2026-06-10,2026-06-13,18,18,已交付,3
O000701,C012,M001,2026-03-26,2026-04-25,2026-04-25,41,41,已交付,0
O000702,C048,M001,2026-06-17,2026-07-06,2026-07-06,70,70,已交付,0
O000703,C013,M002,2026-05-24,2026-06-05,2026-06-05,63,63,已交付,0
O000704,C006,M003,2026-05-07,2026-05-31,2026-06-03,64,64,已交付,3
O000705,C044,M008,2026-05-16,2026-06-09,2026-06-11,18,18,已交付,2
O000706,C006,M001,2026-01-13,2026-02-13,2026-02-16,38,38,已交付,3
O000707,C026,M003,2026-05-27,2026-06-09,2026-06-17,8,8,延期交付,8
O000708,C016,M002,2026-05-16,2026-06-16,2026-06-18,77,77,已交付,2
O000709,C019,M004,2026-01-29,2026-02-13,2026-02-13,55,55,已交付,0
O000710,C009,M008,2026-01-29,2026-02-13,2026-02-13,40,40,已交付,0
O000711,C051,M007,2026-04-12,2026-05-01,2026-05-01,61,61,已交付,0
O000712,C053,M005,2026-04-14,2026-05-08,2026-05-08,35,35,已交付,0
O000713,C054,M008,2026-01-30,2026-03-03,2026-03-03,62,62,已交付,0
O000714,C025,M003,2026-04-19,2026-05-13,2026-05-13,55,55,已交付,0
O000715,C032,M003,2026-02-20,2026-03-21,2026-03-21,20,20,已交付,0
O000716,C026,M007,2026-01-29,2026-02-16,2026-02-17,43,43,已交付,1
O000717,C001,M004,2026-06-26,2026-07-22,,27,15,生产中,
O000718,C050,M003,2026-01-30,2026-02-16,2026-02-16,47,47,已交付,0
O000719,C005,M003,2026-06-01,2026-06-26,2026-07-13,73,73,延期交付,17
O000720,C005,M005,2026-05-24,2026-06-25,2026-06-25,32,32,已交付,0
O000721,C021,M001,2026-03-31,2026-05-01,2026-05-01,8,8,已交付,0
O000722,C009,M007,2026-05-06,2026-05-18,2026-05-20,48,48,已交付,2
O000723,C005,M002,2026-05-22,2026-06-06,2026-06-08,52,52,已交付,2
O000724,C001,M006,2026-02-22,2026-03-11,2026-03-12,49,49,已交付,1
O000725,C033,M002,2026-05-05,2026-05-29,2026-05-30,34,34,已交付,1
O000726,C051,M004,2026-06-02,2026-06-16,2026-06-16,12,12,已交付,0
O000727,C005,M004,2026-03-19,2026-04-17,2026-04-17,24,24,已交付,0
O000728,C056,M001,2026-04-12,2026-04-27,2026-04-27,62,62,已交付,0
O000729,C046,M004,2026-03-19,2026-04-05,2026-04-05,39,39,已交付,0
O000730,C039,M003,2026-04-08,2026-04-22,2026-04-25,8,8,已交付,3
O000731,C012,M001,2026-04-19,2026-05-04,2026-05-05,63,63,已交付,1
O000732,C024,M001,2026-01-09,2026-02-07,2026-02-07,36,36,已交付,0
O000733,C037,M006,2026-05-09,2026-06-11,2026-06-16,69,69,延期交付,5
O000734,C014,M001,2026-02-16,2026-03-22,2026-03-22,22,22,已交付,0
O000735,C006,M002,2026-03-22,2026-04-14,2026-04-14,52,52,已交付,0
O000736,C037,M005,2026-01-10,2026-01-24,2026-01-24,10,10,已交付,0
O000737,C005,M006,2026-05-11,2026-06-05,2026-06-10,76,76,延期交付,5
O000738,C044,M008,2026-06-09,2026-06-23,2026-06-23,11,11,已交付,0
O000739,C020,M005,2026-06-09,2026-06-25,2026-06-25,41,41,已交付,0
O000740,C007,M007,2026-05-22,2026-06-09,2026-06-11,23,23,已交付,2
O000741,C040,M001,2026-06-03,2026-06-25,2026-06-25,19,19,已交付,0
O000742,C009,M007,2026-04-20,2026-05-05,2026-05-05,16,16,已交付,0
O000743,C035,M003,2026-01-21,2026-02-08,2026-02-10,25,25,已交付,2
O000744,C002,M007,2026-03-13,2026-03-29,2026-03-29,75,75,已交付,0
O000745,C025,M004,2026-05-14,2026-06-16,2026-06-18,17,17,已交付,2
O000746,C025,M001,2026-06-30,2026-07-30,,9,6,生产中,
O000747,C060,M002,2026-03-26,2026-04-08,2026-04-09,14,14,已交付,1
O000748,C044,M004,2026-03-26,2026-04-25,2026-04-25,27,27,已交付,0
O000749,C057,M008,2026-06-12,2026-07-01,2026-07-01,65,65,已交付,0
O000750,C018,M006,2026-03-29,2026-04-13,2026-04-16,74,74,已交付,3
O000751,C060,M001,2026-02-10,2026-03-01,2026-03-01,53,53,已交付,0
O000752,C003,M007,2026-01-11,2026-01-23,2026-01-24,40,40,已交付,1
O000753,C026,M001,2026-05-02,2026-05-27,2026-05-27,27,27,已交付,0
O000754,C052,M002,2026-05-26,2026-06-25,2026-06-25,72,72,已交付,0
O000755,C012,M003,2026-01-31,2026-02-13,2026-02-13,47,47,已交付,0
O000756,C034,M002,2026-04-27,2026-05-14,2026-05-14,72,72,已交付,0
O000757,C004,M001,2026-06-21,2026-07-11,2026-07-14,76,76,已交付,3
O000758,C043,M001,2026-05-28,2026-06-19,2026-06-21,45,45,已交付,2
O000759,C007,M008,2026-03-24,2026-04-25,2026-04-26,58,58,已交付,1
O000760,C036,M003,2026-04-15,2026-05-15,2026-05-15,68,68,已交付,0
O000761,C014,M003,2026-05-01,2026-05-16,2026-05-16,21,21,已交付,0
O000762,C027,M002,2026-05-11,2026-05-26,2026-05-27,31,31,已交付,1
O000763,C015,M003,2026-02-04,2026-02-20,2026-02-20,34,34,已交付,0
O000764,C036,M005,2026-05-25,2026-06-17,2026-06-17,76,76,已交付,0
O000765,C014,M001,2026-02-18,2026-03-21,2026-03-21,63,63,已交付,0
O000766,C054,M003,2026-03-07,2026-03-28,2026-03-28,51,51,已交付,0
O000767,C029,M003,2026-01-30,2026-02-19,2026-02-21,32,32,已交付,2
O000768,C009,M006,2026-01-28,2026-02-17,2026-02-17,75,75,已交付,0
O000769,C027,M001,2026-06-29,2026-08-01,,24,8,生产中,
O000770,C032,M007,2026-04-12,2026-05-06,2026-05-06,10,10,已交付,0
O000771,C008,M001,2026-03-10,2026-04-02,2026-04-10,43,43,延期交付,8
O000772,C014,M005,2026-01-06,2026-01-22,2026-01-25,34,34,已交付,3
O000773,C004,M002,2026-03-28,2026-04-13,2026-04-13,58,58,已交付,0
O000774,C005,M001,2026-01-16,2026-02-14,2026-02-15,49,49,已交付,1
O000775,C031,M004,2026-02-06,2026-02-20,2026-02-20,63,63,已交付,0
O000776,C022,M001,2026-01-10,2026-02-11,2026-02-12,59,59,已交付,1
O000777,C052,M004,2026-02-16,2026-03-09,2026-03-10,71,71,已交付,1
O000778,C005,M002,2026-01-24,2026-02-09,2026-02-09,55,55,已交付,0
O000779,C011,M003,2026-03-25,2026-04-14,2026-04-14,24,24,已交付,0
O000780,C048,M001,2026-04-12,2026-05-09,2026-05-17,27,27,延期交付,8
O000781,C031,M005,2026-03-04,2026-03-18,2026-03-20,20,20,已交付,2
O000782,C022,M002,2026-03-07,2026-04-04,2026-04-04,64,64,已交付,0
O000783,C022,M004,2026-02-26,2026-03-21,2026-03-22,28,28,已交付,1
O000784,C038,M003,2026-01-31,2026-03-02,2026-03-10,60,60,延期交付,8
O000785,C017,M001,2026-02-04,2026-02-28,2026-02-28,39,39,已交付,0
O000786,C050,M001,2026-05-09,2026-06-12,2026-06-13,12,12,已交付,1
O000787,C007,M001,2026-06-21,2026-07-08,2026-07-16,12,12,延期交付,8
O000788,C019,M004,2026-03-11,2026-04-09,2026-04-11,19,19,已交付,2
O000789,C005,M004,2026-02-10,2026-03-01,2026-03-03,73,73,已交付,2
O000790,C040,M007,2026-01-23,2026-02-19,2026-02-20,59,59,已交付,1
O000791,C012,M008,2026-03-03,2026-04-06,2026-04-08,70,70,已交付,2
O000792,C013,M008,2026-03-17,2026-04-04,2026-04-09,77,77,延期交付,5
O000793,C012,M001,2026-06-25,2026-07-15,2026-07-15,62,62,已交付,0
O000794,C045,M003,2026-05-21,2026-06-11,2026-06-14,17,17,已交付,3
O000795,C058,M004,2026-03-27,2026-04-09,2026-04-12,43,43,已交付,3
O000796,C032,M007,2026-02-28,2026-04-02,2026-04-03,33,33,已交付,1
O000797,C058,M001,2026-05-02,2026-05-17,2026-05-20,17,17,已交付,3
O000798,C059,M008,2026-03-11,2026-04-14,2026-04-14,13,13,已交付,0
O000799,C029,M002,2026-02-24,2026-03-20,2026-03-20,65,65,已交付,0
O000800,C055,M004,2026-05-22,2026-06-12,2026-06-15,31,31,已交付,3
O000801,C037,M003,2026-05-21,2026-06-19,2026-06-26,55,55,延期交付,7
O000802,C055,M001,2026-04-16,2026-05-06,2026-05-06,44,44,已交付,0
O000803,C056,M004,2026-06-21,2026-07-15,2026-07-16,61,61,已交付,1
O000804,C005,M003,2026-01-22,2026-02-14,2026-02-14,30,30,已交付,0
O000805,C038,M003,2026-04-07,2026-05-08,2026-05-08,65,65,已交付,0
O000806,C019,M006,2026-04-15,2026-04-27,2026-04-27,15,15,已交付,0
O000807,C005,M003,2026-05-11,2026-06-04,2026-06-20,35,35,延期交付,16
O000808,C020,M007,2026-06-12,2026-07-06,2026-07-06,15,15,已交付,0
O000809,C040,M006,2026-06-18,2026-07-20,2026-07-20,24,24,已交付,0
O000810,C006,M005,2026-04-13,2026-05-03,2026-05-04,64,64,已交付,1
O000811,C028,M006,2026-01-27,2026-02-23,2026-02-24,64,64,已交付,1
O000812,C054,M003,2026-01-27,2026-02-26,2026-02-26,38,38,已交付,0
O000813,C026,M004,2026-03-03,2026-04-06,2026-04-07,56,56,已交付,1
O000814,C013,M002,2026-04-16,2026-05-13,2026-05-13,44,44,已交付,0
O000815,C012,M005,2026-01-13,2026-02-12,2026-02-17,8,8,延期交付,5
O000816,C053,M005,2026-02-10,2026-03-13,2026-03-13,56,56,已交付,0
O000817,C016,M008,2026-06-17,2026-06-29,2026-06-29,18,18,已交付,0
O000818,C005,M003,2026-06-25,2026-07-25,,93,66,生产中,
O000819,C017,M003,2026-02-18,2026-03-22,2026-03-22,26,26,已交付,0
O000820,C051,M006,2026-01-26,2026-02-23,2026-02-25,67,67,已交付,2
O000821,C034,M007,2026-05-12,2026-06-09,2026-06-09,68,68,已交付,0
O000822,C005,M006,2026-04-04,2026-04-18,2026-04-18,25,25,已交付,0
O000823,C023,M001,2026-04-23,2026-05-24,2026-05-24,10,10,已交付,0
O000824,C057,M002,2026-04-27,2026-05-14,2026-05-17,21,21,已交付,3
O000825,C028,M006,2026-02-24,2026-03-18,2026-03-19,34,34,已交付,1
O000826,C023,M001,2026-05-21,2026-06-15,2026-06-15,42,42,已交付,0
O000827,C052,M005,2026-01-27,2026-02-21,2026-02-22,47,47,已交付,1
O000828,C013,M003,2026-02-27,2026-03-13,2026-03-13,46,46,已交付,0
O000829,C052,M005,2026-01-26,2026-02-07,2026-02-12,78,78,延期交付,5
O000830,C006,M003,2026-03-02,2026-03-21,2026-03-23,22,22,已交付,2
O000831,C020,M003,2026-02-15,2026-03-15,2026-03-15,17,17,已交付,0
O000832,C020,M003,2026-04-11,2026-04-28,2026-05-01,8,8,已交付,3
O000833,C026,M006,2026-02-01,2026-03-05,2026-03-05,48,48,已交付,0
O000834,C010,M007,2026-06-13,2026-07-11,2026-07-11,32,32,已交付,0
O000835,C031,M001,2026-02-06,2026-03-01,2026-03-01,30,30,已交付,0
O000836,C026,M004,2026-01-24,2026-02-09,2026-02-09,79,79,已交付,0
O000837,C009,M007,2026-04-27,2026-05-14,2026-05-14,13,13,已交付,0
O000838,C055,M004,2026-03-05,2026-04-01,2026-04-01,26,26,已交付,0
O000839,C005,M001,2026-05-02,2026-06-04,2026-06-09,56,56,延期交付,5
O000840,C026,M001,2026-02-25,2026-03-14,2026-03-16,75,75,已交付,2
O000841,C022,M002,2026-05-18,2026-06-06,2026-06-06,40,40,已交付,0
O000842,C010,M008,2026-02-13,2026-03-10,2026-03-11,56,56,已交付,1
O000843,C021,M001,2026-02-23,2026-03-25,2026-03-25,75,75,已交付,0
O000844,C010,M006,2026-02-18,2026-03-02,2026-03-02,55,55,已交付,0
O000845,C027,M007,2026-06-29,2026-07-31,,49,21,生产中,
O000846,C008,M004,2026-04-04,2026-05-03,2026-05-04,23,23,已交付,1
O000847,C001,M001,2026-04-28,2026-05-20,2026-05-20,79,79,已交付,0
O000848,C031,M002,2026-05-26,2026-06-27,2026-06-28,33,33,已交付,1
O000849,C021,M004,2026-02-15,2026-03-06,2026-03-06,25,25,已交付,0
O000850,C004,M001,2026-03-25,2026-04-10,2026-04-12,32,32,已交付,2
O000851,C043,M008,2026-01-26,2026-02-10,2026-02-10,30,30,已交付,0
O000852,C001,M001,2026-05-16,2026-05-29,2026-05-29,31,31,已交付,0
O000853,C005,M001,2026-03-14,2026-04-06,2026-04-08,74,74,已交付,2
O000854,C023,M001,2026-03-08,2026-04-05,2026-04-06,46,46,已交付,1
O000855,C031,M007,2026-05-16,2026-06-04,2026-06-04,20,20,已交付,0
O000856,C051,M005,2026-01-02,2026-01-30,2026-02-02,77,77,已交付,3
O000857,C027,M002,2026-03-20,2026-04-06,2026-04-06,74,74,已交付,0
O000858,C037,M007,2026-06-02,2026-06-28,2026-06-28,16,16,已交付,0
O000859,C031,M004,2026-05-23,2026-06-20,2026-06-20,17,17,已交付,0
O000860,C033,M005,2026-01-04,2026-02-03,2026-02-03,57,57,已交付,0
O000861,C010,M006,2026-06-30,2026-07-20,2026-07-20,16,16,已交付,0
O000862,C051,M005,2026-04-04,2026-05-06,2026-05-07,10,10,已交付,1
O000863,C002,M007,2026-06-08,2026-06-28,2026-06-28,34,34,已交付,0
O000864,C005,M006,2026-01-14,2026-02-05,2026-02-06,63,63,已交付,1
O000865,C041,M003,2026-03-22,2026-04-18,2026-04-18,66,66,已交付,0
O000866,C034,M003,2026-04-12,2026-04-24,2026-04-24,47,47,已交付,0
O000867,C019,M002,2026-04-17,2026-05-02,2026-05-02,75,75,已交付,0
O000868,C054,M003,2026-03-14,2026-04-06,2026-04-06,27,27,已交付,0
O000869,C031,M008,2026-04-09,2026-05-11,2026-05-12,48,48,已交付,1
O000870,C041,M003,2026-02-03,2026-02-19,2026-02-27,57,57,延期交付,8
O000871,C032,M003,2026-04-19,2026-05-04,2026-05-04,32,32,已交付,0
O000872,C031,M001,2026-06-16,2026-07-08,2026-07-08,29,29,已交付,0
O000873,C035,M006,2026-01-09,2026-01-28,2026-01-29,38,38,已交付,1
O000874,C060,M008,2026-05-23,2026-06-10,2026-06-11,65,65,已交付,1
O000875,C003,M001,2026-04-05,2026-04-18,2026-04-18,60,60,已交付,0
O000876,C010,M005,2026-06-23,2026-07-08,2026-07-08,14,14,已交付,0
O000877,C060,M005,2026-06-05,2026-07-08,2026-07-09,51,51,已交付,1
O000878,C030,M001,2026-01-14,2026-02-03,2026-02-03,9,9,已交付,0
O000879,C010,M006,2026-03-08,2026-03-23,2026-03-23,65,65,已交付,0
O000880,C054,M001,2026-02-14,2026-02-26,2026-02-26,12,12,已交付,0
O000881,C032,M004,2026-03-04,2026-04-03,2026-04-03,29,29,已交付,0
O000882,C021,M002,2026-06-21,2026-07-19,,49,28,生产中,
O000883,C005,M004,2026-01-16,2026-02-03,2026-02-05,27,27,已交付,2
O000884,C009,M005,2026-06-26,2026-07-20,2026-07-20,14,14,已交付,0
O000885,C027,M006,2026-03-14,2026-03-28,2026-03-28,54,54,已交付,0
O000886,C023,M006,2026-03-26,2026-04-25,2026-04-30,79,79,延期交付,5
O000887,C056,M001,2026-05-16,2026-06-19,2026-06-19,80,80,已交付,0
O000888,C018,M003,2026-06-15,2026-07-13,2026-07-14,73,73,已交付,1
O000889,C055,M008,2026-04-25,2026-05-10,2026-05-13,9,9,已交付,3
O000890,C005,M003,2026-01-09,2026-02-03,2026-02-03,17,17,已交付,0
O000891,C040,M006,2026-06-02,2026-06-19,2026-06-24,30,30,延期交付,5
O000892,C041,M007,2026-01-23,2026-02-21,2026-02-21,25,25,已交付,0
O000893,C037,M004,2026-06-16,2026-07-20,,61,23,生产中,
O000894,C046,M008,2026-05-31,2026-06-24,2026-06-24,13,13,已交付,0
O000895,C024,M005,2026-05-28,2026-07-01,2026-07-01,60,60,已交付,0
O000896,C008,M003,2026-01-25,2026-02-26,2026-02-27,75,75,已交付,1
O000897,C047,M005,2026-06-19,2026-07-16,2026-07-17,62,62,已交付,1
O000898,C032,M001,2026-03-02,2026-03-31,2026-03-31,72,72,已交付,0
O000899,C020,M006,2026-04-12,2026-05-10,2026-05-12,73,73,已交付,2
O000900,C030,M002,2026-04-24,2026-05-19,2026-05-19,26,26,已交付,0
O000901,C032,M002,2026-06-27,2026-07-21,,61,38,生产中,
O000902,C003,M001,2026-06-05,2026-06-28,2026-06-29,22,22,已交付,1
O000903,C019,M003,2026-03-06,2026-04-07,2026-04-07,33,33,已交付,0
O000904,C010,M002,2026-03-16,2026-04-08,2026-04-09,42,42,已交付,1
O000905,C027,M003,2026-05-11,2026-06-04,2026-06-10,73,73,延期交付,6
O000906,C016,M001,2026-03-07,2026-03-28,2026-03-29,73,73,已交付,1
O000907,C054,M008,2026-01-31,2026-02-26,2026-02-26,35,35,已交付,0
O000908,C022,M008,2026-02-03,2026-03-05,2026-03-13,20,20,延期交付,8
O000909,C011,M006,2026-04-22,2026-05-09,2026-05-09,26,26,已交付,0
O000910,C041,M001,2026-02-02,2026-02-14,2026-02-14,71,71,已交付,0
O000911,C039,M001,2026-01-19,2026-02-13,2026-02-21,77,77,延期交付,8
O000912,C044,M006,2026-06-12,2026-07-05,2026-07-08,23,23,已交付,3
O000913,C028,M005,2026-03-03,2026-03-15,2026-03-15,23,23,已交付,0
O000914,C056,M003,2026-05-28,2026-06-25,2026-06-27,59,59,已交付,2
O000915,C026,M003,2026-03-19,2026-04-03,2026-04-05,70,70,已交付,2
O000916,C010,M007,2026-04-07,2026-05-07,2026-05-10,25,25,已交付,3
O000917,C060,M003,2026-06-17,2026-07-01,2026-07-02,63,63,已交付,1
O000918,C053,M004,2026-06-10,2026-07-09,2026-07-11,19,19,已交付,2
O000919,C021,M001,2026-05-12,2026-05-30,2026-05-30,44,44,已交付,0
O000920,C005,M005,2026-02-02,2026-02-24,2026-02-24,34,34,已交付,0
O000921,C016,M008,2026-05-03,2026-06-04,2026-06-04,16,16,已交付,0
O000922,C015,M008,2026-03-06,2026-04-08,2026-04-13,47,47,延期交付,5
O000923,C024,M004,2026-05-04,2026-06-04,2026-06-05,68,68,已交付,1
O000924,C005,M006,2026-02-01,2026-03-05,2026-03-07,70,70,已交付,2
O000925,C046,M001,2026-04-22,2026-05-26,2026-05-27,37,37,已交付,1
O000926,C049,M002,2026-05-24,2026-06-05,2026-06-05,41,41,已交付,0
O000927,C017,M005,2026-04-05,2026-04-18,2026-04-18,53,53,已交付,0
O000928,C010,M001,2026-06-05,2026-07-09,2026-07-10,34,34,已交付,1
O000929,C037,M004,2026-01-15,2026-02-18,2026-02-18,40,40,已交付,0
O000930,C039,M001,2026-05-20,2026-06-19,2026-06-19,9,9,已交付,0
O000931,C017,M004,2026-06-17,2026-07-16,2026-07-16,8,8,已交付,0
O000932,C036,M001,2026-05-07,2026-06-06,2026-06-08,36,36,已交付,2
O000933,C036,M005,2026-03-28,2026-04-25,2026-04-25,53,53,已交付,0
O000934,C053,M004,2026-01-31,2026-02-24,2026-02-25,63,63,已交付,1
O000935,C035,M001,2026-01-23,2026-02-17,2026-02-17,35,35,已交付,0
O000936,C052,M006,2026-02-26,2026-03-12,2026-03-12,59,59,已交付,0
O000937,C016,M001,2026-05-09,2026-05-26,2026-05-27,56,56,已交付,1
O000938,C008,M003,2026-05-16,2026-06-13,2026-06-20,31,31,延期交付,7
O000939,C042,M001,2026-05-26,2026-06-16,2026-06-17,31,31,已交付,1
O000940,C010,M002,2026-06-04,2026-06-19,2026-06-19,9,9,已交付,0
O000941,C023,M002,2026-05-24,2026-06-12,2026-06-12,78,78,已交付,0
O000942,C004,M001,2026-05-22,2026-06-07,2026-06-09,74,74,已交付,2
O000943,C002,M004,2026-02-21,2026-03-22,2026-03-22,34,34,已交付,0
O000944,C037,M002,2026-04-08,2026-05-05,2026-05-05,28,28,已交付,0
O000945,C046,M002,2026-03-25,2026-04-27,2026-04-28,36,36,已交付,1
O000946,C034,M007,2026-05-08,2026-05-30,2026-06-01,43,43,已交付,2
O000947,C009,M006,2026-04-17,2026-05-13,2026-05-13,19,19,已交付,0
O000948,C050,M003,2026-01-19,2026-02-22,2026-02-23,49,49,已交付,1
O000949,C029,M003,2026-03-17,2026-04-02,2026-04-03,25,25,已交付,1
O000950,C014,M001,2026-06-09,2026-06-28,2026-06-28,65,65,已交付,0
O000951,C021,M003,2026-03-10,2026-04-03,2026-04-05,9,9,已交付,2
O000952,C011,M004,2026-02-09,2026-03-06,2026-03-06,31,31,已交付,0
O000953,C037,M004,2026-03-02,2026-03-31,2026-03-31,24,24,已交付,0
O000954,C035,M002,2026-05-06,2026-05-29,2026-05-31,25,25,已交付,2
O000955,C033,M001,2026-05-12,2026-06-08,2026-06-08,27,27,已交付,0
O000956,C014,M004,2026-02-05,2026-02-20,2026-02-20,45,45,已交付,0
O000957,C038,M003,2026-01-26,2026-02-23,2026-02-23,72,72,已交付,0
O000958,C044,M002,2026-01-20,2026-02-21,2026-02-21,17,17,已交付,0
O000959,C027,M003,2026-06-18,2026-07-06,2026-07-06,28,28,已交付,0
O000960,C010,M005,2026-06-26,2026-07-14,2026-07-16,30,30,已交付,2
O000961,C029,M001,2026-05-25,2026-06-19,2026-06-24,21,21,延期交付,5
O000962,C011,M001,2026-06-28,2026-07-13,2026-07-13,62,62,已交付,0
O000963,C023,M008,2026-01-09,2026-01-30,2026-02-07,70,70,延期交付,8
O000964,C001,M002,2026-05-02,2026-06-02,2026-06-02,55,55,已交付,0
O000965,C026,M007,2026-02-22,2026-03-09,2026-03-09,15,15,已交付,0
O000966,C033,M006,2026-06-30,2026-07-26,,42,31,生产中,
O000967,C010,M003,2026-05-24,2026-06-08,2026-06-14,53,53,延期交付,6
O000968,C006,M007,2026-02-25,2026-03-20,2026-03-20,74,74,已交付,0
O000969,C048,M007,2026-05-07,2026-05-19,2026-05-19,74,74,已交付,0
O000970,C050,M003,2026-01-03,2026-01-18,2026-01-18,42,42,已交付,0
O000971,C019,M004,2026-02-26,2026-03-15,2026-03-16,31,31,已交付,1
O000972,C043,M004,2026-06-07,2026-06-30,2026-06-30,49,49,已交付,0
O000973,C033,M004,2026-06-20,2026-07-20,2026-07-20,33,33,已交付,0
O000974,C031,M008,2026-02-09,2026-03-09,2026-03-17,56,56,延期交付,8
O000975,C008,M005,2026-03-04,2026-03-24,2026-03-24,45,45,已交付,0
O000976,C055,M003,2026-04-03,2026-04-17,2026-04-17,71,71,已交付,0
O000977,C025,M002,2026-05-20,2026-06-18,2026-06-23,70,70,延期交付,5
O000978,C028,M002,2026-01-30,2026-02-20,2026-02-20,16,16,已交付,0
O000979,C015,M008,2026-01-01,2026-01-29,2026-01-31,35,35,已交付,2
O000980,C041,M008,2026-05-16,2026-06-01,2026-06-01,72,72,已交付,0
O000981,C051,M002,2026-04-07,2026-05-02,2026-05-02,20,20,已交付,0
O000982,C007,M007,2026-04-01,2026-04-24,2026-04-24,15,15,已交付,0
O000983,C038,M002,2026-06-06,2026-06-18,2026-06-19,60,60,已交付,1
O000984,C049,M003,2026-02-22,2026-03-10,2026-03-10,47,47,已交付,0
O000985,C041,M001,2026-03-23,2026-04-05,2026-04-05,28,28,已交付,0
O000986,C050,M001,2026-06-16,2026-06-28,2026-06-28,77,77,已交付,0
O000987,C005,M003,2026-06-09,2026-06-30,2026-07-13,44,44,延期交付,13
O000988,C038,M006,2026-03-22,2026-04-16,2026-04-18,12,12,已交付,2
O000989,C034,M004,2026-05-22,2026-06-25,2026-06-28,51,51,已交付,3
O000990,C048,M006,2026-05-23,2026-06-19,2026-06-19,56,56,已交付,0
O000991,C017,M003,2026-01-29,2026-02-18,2026-02-19,80,80,已交付,1
O000992,C001,M008,2026-05-24,2026-06-10,2026-06-12,9,9,已交付,2
O000993,C007,M004,2026-04-27,2026-05-24,2026-05-24,23,23,已交付,0
O000994,C004,M005,2026-04-04,2026-04-29,2026-04-29,41,41,已交付,0
O000995,C009,M003,2026-05-03,2026-05-21,2026-05-24,33,33,已交付,3
O000996,C019,M002,2026-06-22,2026-07-15,2026-07-17,60,60,已交付,2
O000997,C055,M002,2026-01-07,2026-02-04,2026-02-12,58,58,延期交付,8
O000998,C046,M006,2026-05-12,2026-06-06,2026-06-06,26,26,已交付,0
O000999,C015,M004,2026-01-13,2026-02-13,2026-02-16,76,76,已交付,3
O001000,C033,M003,2026-05-21,2026-06-13,2026-06-20,10,10,延期交付,7
O001001,C043,M004,2026-06-22,2026-07-10,2026-07-10,78,78,已交付,0
O001002,C045,M003,2026-05-13,2026-05-26,2026-05-28,8,8,已交付,2
O001003,C005,M003,2026-05-05,2026-05-27,2026-05-27,69,69,已交付,0
O001004,C056,M004,2026-04-13,2026-05-12,2026-05-12,41,41,已交付,0
O001005,C005,M002,2026-02-28,2026-03-21,2026-03-23,47,47,已交付,2
O001006,C001,M001,2026-04-19,2026-05-11,2026-05-11,51,51,已交付,0
O001007,C059,M001,2026-06-07,2026-06-23,2026-06-24,23,23,已交付,1
O001008,C057,M003,2026-03-09,2026-04-01,2026-04-03,47,47,已交付,2
O001009,C055,M008,2026-04-25,2026-05-10,2026-05-12,54,54,已交付,2
O001010,C005,M008,2026-02-18,2026-03-02,2026-03-05,57,57,已交付,3
O001011,C012,M001,2026-01-17,2026-02-10,2026-02-12,14,14,已交付,2
O001012,C017,M003,2026-03-02,2026-03-30,2026-03-31,43,43,已交付,1
O001013,C005,M001,2026-04-10,2026-04-26,2026-04-26,72,72,已交付,0
O001014,C059,M007,2026-04-15,2026-05-09,2026-05-17,37,37,延期交付,8
O001015,C039,M001,2026-04-10,2026-04-30,2026-05-02,55,55,已交付,2
O001016,C005,M008,2026-02-10,2026-03-11,2026-03-14,49,49,已交付,3
O001017,C038,M002,2026-01-20,2026-02-18,2026-02-19,23,23,已交付,1
O001018,C055,M001,2026-06-12,2026-07-11,2026-07-13,39,39,已交付,2
O001019,C047,M001,2026-05-06,2026-06-05,2026-06-10,51,51,延期交付,5
O001020,C001,M004,2026-03-15,2026-04-14,2026-04-14,71,71,已交付,0
O001021,C013,M003,2026-05-11,2026-05-30,2026-05-30,52,52,已交付,0
O001022,C031,M002,2026-03-07,2026-04-09,2026-04-09,70,70,已交付,0
O001023,C059,M001,2026-02-27,2026-03-16,2026-03-16,38,38,已交付,0
O001024,C007,M001,2026-04-16,2026-05-01,2026-05-02,42,42,已交付,1
O001025,C045,M007,2026-01-23,2026-02-26,2026-02-26,80,80,已交付,0
O001026,C042,M007,2026-03-23,2026-04-05,2026-04-05,51,51,已交付,0
O001027,C060,M007,2026-01-19,2026-02-06,2026-02-06,67,67,已交付,0
O001028,C059,M005,2026-04-27,2026-05-10,2026-05-12,25,25,已交付,2
O001029,C059,M008,2026-01-11,2026-02-10,2026-02-10,68,68,已交付,0
O001030,C028,M007,2026-02-18,2026-03-24,2026-03-24,12,12,已交付,0
O001031,C033,M005,2026-01-19,2026-02-04,2026-02-05,55,55,已交付,1
O001032,C015,M001,2026-06-29,2026-07-16,2026-07-16,16,16,已交付,0
O001033,C031,M003,2026-05-25,2026-06-12,2026-06-22,57,57,延期交付,10
O001034,C004,M002,2026-04-03,2026-04-23,2026-04-23,48,48,已交付,0
O001035,C005,M001,2026-04-25,2026-05-18,2026-05-19,49,49,已交付,1
O001036,C049,M003,2026-02-20,2026-03-24,2026-03-24,61,61,已交付,0
O001037,C038,M002,2026-03-28,2026-04-21,2026-04-21,39,39,已交付,0
O001038,C050,M007,2026-03-24,2026-04-11,2026-04-11,72,72,已交付,0
O001039,C008,M001,2026-06-29,2026-07-17,2026-07-17,15,15,已交付,0
O001040,C032,M002,2026-02-11,2026-03-01,2026-03-03,69,69,已交付,2
O001041,C035,M001,2026-04-16,2026-05-17,2026-05-18,69,69,已交付,1
O001042,C049,M001,2026-04-25,2026-05-28,2026-05-28,44,44,已交付,0
O001043,C024,M004,2026-02-10,2026-03-03,2026-03-03,23,23,已交付,0
O001044,C051,M004,2026-03-02,2026-03-15,2026-03-16,57,57,已交付,1
O001045,C054,M004,2026-05-24,2026-06-16,2026-06-24,34,34,延期交付,8
O001046,C036,M002,2026-02-20,2026-03-10,2026-03-11,34,34,已交付,1
O001047,C038,M008,2026-01-02,2026-01-25,2026-01-25,30,30,已交付,0
O001048,C035,M003,2026-02-17,2026-03-12,2026-03-12,10,10,已交付,0
O001049,C041,M003,2026-06-20,2026-07-22,,79,33,生产中,
O001050,C049,M004,2026-01-23,2026-02-21,2026-02-21,21,21,已交付,0
O001051,C050,M007,2026-01-27,2026-02-13,2026-02-13,24,24,已交付,0
O001052,C032,M001,2026-04-22,2026-05-26,2026-05-26,56,56,已交付,0
O001053,C030,M004,2026-02-26,2026-03-12,2026-03-12,74,74,已交付,0
O001054,C018,M004,2026-01-16,2026-02-06,2026-02-06,43,43,已交付,0
O001055,C048,M004,2026-01-24,2026-02-21,2026-02-21,26,26,已交付,0
O001056,C041,M001,2026-02-24,2026-03-29,2026-03-29,57,57,已交付,0
O001057,C031,M002,2026-02-25,2026-03-16,2026-03-19,15,15,已交付,3
O001058,C007,M002,2026-05-10,2026-06-12,2026-06-12,68,68,已交付,0
O001059,C034,M002,2026-02-17,2026-03-06,2026-03-06,15,15,已交付,0
O001060,C018,M001,2026-02-15,2026-03-12,2026-03-12,31,31,已交付,0
O001061,C039,M008,2026-02-14,2026-03-01,2026-03-01,55,55,已交付,0
O001062,C021,M006,2026-04-26,2026-05-23,2026-05-25,30,30,已交付,2
O001063,C013,M002,2026-01-24,2026-02-09,2026-02-09,24,24,已交付,0
O001064,C018,M001,2026-02-26,2026-03-28,2026-03-28,53,53,已交付,0
O001065,C055,M005,2026-05-03,2026-05-21,2026-05-22,80,80,已交付,1
O001066,C037,M005,2026-03-19,2026-04-04,2026-04-09,29,29,延期交付,5
O001067,C040,M002,2026-01-06,2026-01-19,2026-01-21,20,20,已交付,2
O001068,C053,M001,2026-01-10,2026-01-26,2026-01-28,33,33,已交付,2
O001069,C043,M003,2026-04-05,2026-04-17,2026-04-17,37,37,已交付,0
O001070,C001,M002,2026-04-10,2026-05-02,2026-05-02,55,55,已交付,0
O001071,C045,M004,2026-04-12,2026-04-25,2026-04-30,71,71,延期交付,5
O001072,C032,M001,2026-04-12,2026-05-13,2026-05-13,21,21,已交付,0
O001073,C005,M002,2026-04-19,2026-05-01,2026-05-01,68,68,已交付,0
O001074,C042,M006,2026-03-23,2026-04-04,2026-04-04,46,46,已交付,0
O001075,C032,M002,2026-06-20,2026-07-05,2026-07-05,14,14,已交付,0
O001076,C013,M003,2026-03-10,2026-04-11,2026-04-16,16,16,延期交付,5
O001077,C036,M004,2026-06-18,2026-07-19,2026-07-19,26,26,已交付,0
O001078,C003,M001,2026-03-18,2026-04-16,2026-04-16,17,17,已交付,0
O001079,C031,M006,2026-02-11,2026-03-11,2026-03-14,76,76,已交付,3
O001080,C023,M001,2026-05-28,2026-06-19,2026-06-19,70,70,已交付,0
O001081,C051,M005,2026-02-27,2026-03-15,2026-03-15,10,10,已交付,0
O001082,C018,M008,2026-01-27,2026-02-09,2026-02-09,54,54,已交付,0
O001083,C020,M005,2026-05-20,2026-06-20,2026-06-20,74,74,已交付,0
O001084,C060,M006,2026-04-02,2026-05-01,2026-05-04,43,43,已交付,3
O001085,C009,M003,2026-02-13,2026-03-10,2026-03-11,39,39,已交付,1
O001086,C004,M003,2026-05-31,2026-06-19,2026-06-25,11,11,延期交付,6
O001087,C019,M005,2026-06-16,2026-07-11,2026-07-11,11,11,已交付,0
O001088,C011,M005,2026-05-29,2026-06-10,2026-06-15,16,16,延期交付,5
O001089,C023,M005,2026-06-29,2026-08-01,,42,11,生产中,
O001090,C027,M001,2026-01-24,2026-02-16,2026-02-16,25,25,已交付,0
O001091,C057,M004,2026-02-10,2026-03-16,2026-03-17,60,60,已交付,1
O001092,C021,M003,2026-06-29,2026-07-11,2026-07-11,33,33,已交付,0
O001093,C003,M003,2026-06-08,2026-07-12,2026-07-13,37,37,已交付,1
O001094,C021,M008,2026-06-21,2026-07-13,2026-07-13,40,40,已交付,0
O001095,C010,M005,2026-03-22,2026-04-20,2026-04-23,48,48,已交付,3
O001096,C053,M003,2026-06-01,2026-06-13,2026-06-19,42,42,延期交付,6
O001097,C035,M002,2026-06-22,2026-07-26,,20,5,生产中,
O001098,C019,M002,2026-03-07,2026-03-23,2026-03-23,35,35,已交付,0
O001099,C026,M006,2026-03-31,2026-04-30,2026-05-01,74,74,已交付,1
O001100,C049,M003,2026-05-20,2026-06-14,2026-06-23,53,53,延期交付,9
O001101,C019,M006,2026-05-21,2026-06-13,2026-06-13,18,18,已交付,0
O001102,C004,M008,2026-01-15,2026-02-15,2026-02-15,25,25,已交付,0
O001103,C001,M001,2026-02-24,2026-03-13,2026-03-14,21,21,已交付,1
O001104,C019,M006,2026-04-09,2026-05-11,2026-05-11,51,51,已交付,0
O001105,C050,M008,2026-02-20,2026-03-24,2026-03-25,64,64,已交付,1
O001106,C004,M007,2026-02-01,2026-02-22,2026-02-22,39,39,已交付,0
O001107,C015,M002,2026-03-24,2026-04-18,2026-04-18,68,68,已交付,0
O001108,C047,M005,2026-04-22,2026-05-04,2026-05-06,78,78,已交付,2
O001109,C023,M004,2026-04-13,2026-05-12,2026-05-12,41,41,已交付,0
O001110,C037,M001,2026-05-19,2026-06-10,2026-06-12,40,40,已交付,2
O001111,C030,M007,2026-04-15,2026-05-01,2026-05-02,46,46,已交付,1
O001112,C009,M002,2026-05-10,2026-05-28,2026-05-28,75,75,已交付,0
O001113,C045,M003,2026-03-15,2026-04-12,2026-04-12,71,71,已交付,0
O001114,C026,M004,2026-06-16,2026-06-30,2026-07-03,52,52,已交付,3
O001115,C027,M007,2026-02-10,2026-03-11,2026-03-11,28,28,已交付,0
O001116,C005,M007,2026-02-03,2026-02-15,2026-02-15,53,53,已交付,0
O001117,C017,M007,2026-02-11,2026-02-26,2026-03-03,37,37,延期交付,5
O001118,C023,M003,2026-05-06,2026-06-01,2026-06-06,39,39,延期交付,5
O001119,C026,M007,2026-06-22,2026-07-07,2026-07-07,55,55,已交付,0
O001120,C046,M001,2026-01-16,2026-02-07,2026-02-09,10,10,已交付,2
O001121,C032,M007,2026-05-31,2026-06-14,2026-06-15,56,56,已交付,1
O001122,C001,M005,2026-02-28,2026-04-03,2026-04-06,68,68,已交付,3
O001123,C056,M006,2026-02-28,2026-03-18,2026-03-18,75,75,已交付,0
O001124,C011,M005,2026-05-14,2026-06-11,2026-06-11,57,57,已交付,0
O001125,C002,M005,2026-01-08,2026-02-03,2026-02-03,29,29,已交付,0
O001126,C042,M003,2026-05-28,2026-06-26,2026-07-11,62,62,延期交付,15
O001127,C043,M008,2026-01-11,2026-02-10,2026-02-10,70,70,已交付,0
O001128,C058,M005,2026-05-08,2026-05-23,2026-05-31,70,70,延期交付,8
O001129,C056,M004,2026-05-17,2026-06-18,2026-06-19,29,29,已交付,1
O001130,C017,M002,2026-06-03,2026-06-29,2026-06-30,26,26,已交付,1
O001131,C022,M001,2026-05-06,2026-05-21,2026-05-21,69,69,已交付,0
O001132,C046,M002,2026-04-05,2026-04-23,2026-04-26,72,72,已交付,3
O001133,C042,M001,2026-01-08,2026-02-11,2026-02-11,54,54,已交付,0
O001134,C042,M005,2026-06-09,2026-07-09,2026-07-09,61,61,已交付,0
O001135,C055,M002,2026-01-30,2026-02-14,2026-02-15,19,19,已交付,1
O001136,C054,M003,2026-04-14,2026-04-26,2026-04-28,70,70,已交付,2
O001137,C004,M002,2026-01-21,2026-02-22,2026-02-24,22,22,已交付,2
O001138,C011,M004,2026-04-07,2026-05-02,2026-05-02,74,74,已交付,0
O001139,C037,M004,2026-03-28,2026-04-16,2026-04-16,35,35,已交付,0
O001140,C059,M002,2026-06-08,2026-07-01,2026-07-02,21,21,已交付,1
O001141,C031,M001,2026-05-25,2026-06-20,2026-06-20,14,14,已交付,0
O001142,C035,M003,2026-04-18,2026-05-07,2026-05-08,11,11,已交付,1
O001143,C043,M003,2026-03-07,2026-04-01,2026-04-04,54,54,已交付,3
O001144,C055,M006,2026-02-18,2026-03-09,2026-03-09,34,34,已交付,0
O001145,C032,M003,2026-01-09,2026-02-09,2026-02-14,71,71,延期交付,5
O001146,C008,M004,2026-04-12,2026-04-24,2026-04-24,47,47,已交付,0
O001147,C053,M002,2026-05-16,2026-06-14,2026-06-14,35,35,已交付,0
O001148,C021,M005,2026-05-18,2026-06-01,2026-06-03,15,15,已交付,2
O001149,C058,M004,2026-03-10,2026-04-13,2026-04-13,54,54,已交付,0
O001150,C005,M008,2026-02-17,2026-03-09,2026-03-09,73,73,已交付,0
O001151,C041,M001,2026-04-12,2026-05-15,2026-05-15,12,12,已交付,0
O001152,C047,M003,2026-05-31,2026-07-04,2026-07-05,58,58,已交付,1
O001153,C009,M005,2026-04-12,2026-05-01,2026-05-02,76,76,已交付,1
O001154,C043,M003,2026-05-31,2026-07-04,2026-07-05,68,68,已交付,1
O001155,C012,M005,2026-02-27,2026-03-11,2026-03-14,66,66,已交付,3
O001156,C060,M006,2026-04-14,2026-04-27,2026-04-29,31,31,已交付,2
O001157,C005,M003,2026-06-01,2026-07-04,2026-07-05,94,94,已交付,1
O001158,C005,M002,2026-05-08,2026-06-08,2026-06-08,38,38,已交付,0
O001159,C048,M008,2026-01-17,2026-02-17,2026-02-18,27,27,已交付,1
O001160,C030,M004,2026-04-01,2026-04-25,2026-04-25,18,18,已交付,0
O001161,C017,M007,2026-02-02,2026-02-14,2026-02-15,18,18,已交付,1
O001162,C018,M002,2026-02-21,2026-03-26,2026-03-26,80,80,已交付,0
O001163,C028,M004,2026-01-07,2026-01-29,2026-01-29,23,23,已交付,0
O001164,C029,M005,2026-04-06,2026-04-18,2026-04-18,75,75,已交付,0
O001165,C005,M002,2026-05-14,2026-05-29,2026-05-29,35,35,已交付,0
O001166,C051,M002,2026-01-30,2026-03-05,2026-03-06,13,13,已交付,1
O001167,C010,M001,2026-06-07,2026-07-07,2026-07-08,80,80,已交付,1
O001168,C005,M002,2026-04-03,2026-04-23,2026-04-23,45,45,已交付,0
O001169,C042,M001,2026-06-26,2026-07-11,2026-07-11,11,11,已交付,0
O001170,C040,M001,2026-01-19,2026-02-22,2026-02-22,42,42,已交付,0
O001171,C002,M001,2026-03-18,2026-04-07,2026-04-07,74,74,已交付,0
O001172,C003,M004,2026-03-13,2026-03-27,2026-03-27,42,42,已交付,0
O001173,C053,M008,2026-05-27,2026-06-15,2026-06-17,24,24,已交付,2
O001174,C003,M001,2026-04-10,2026-05-06,2026-05-06,73,73,已交付,0
O001175,C021,M003,2026-05-16,2026-06-13,2026-06-19,31,31,延期交付,6
O001176,C030,M007,2026-01-12,2026-02-03,2026-02-03,35,35,已交付,0
O001177,C042,M002,2026-06-02,2026-06-21,2026-06-22,26,26,已交付,1
O001178,C005,M003,2026-06-03,2026-06-16,2026-06-30,73,73,延期交付,14
O001179,C055,M002,2026-05-30,2026-07-01,2026-07-01,43,43,已交付,0
O001180,C035,M005,2026-02-20,2026-03-07,2026-03-07,76,76,已交付,0
O001181,C057,M008,2026-04-28,2026-05-18,2026-05-21,34,34,已交付,3
O001182,C027,M005,2026-04-22,2026-05-25,2026-05-25,64,64,已交付,0
O001183,C006,M001,2026-04-27,2026-05-19,2026-05-19,22,22,已交付,0
O001184,C002,M002,2026-02-18,2026-03-17,2026-03-17,25,25,已交付,0
O001185,C046,M002,2026-01-07,2026-01-29,2026-01-29,28,28,已交付,0
O001186,C018,M004,2026-01-11,2026-02-11,2026-02-14,59,59,已交付,3
O001187,C005,M001,2026-01-01,2026-02-02,2026-02-02,40,40,已交付,0
O001188,C030,M002,2026-06-16,2026-07-18,2026-07-20,41,41,已交付,2
O001189,C051,M003,2026-01-03,2026-01-16,2026-01-24,55,55,延期交付,8
O001190,C012,M005,2026-02-19,2026-03-16,2026-03-16,12,12,已交付,0
O001191,C012,M001,2026-04-06,2026-05-09,2026-05-12,76,76,已交付,3
O001192,C007,M007,2026-05-21,2026-06-15,2026-06-15,8,8,已交付,0
O001193,C043,M006,2026-03-31,2026-04-17,2026-04-17,77,77,已交付,0
O001194,C005,M003,2026-04-03,2026-04-27,2026-04-30,49,49,已交付,3
O001195,C060,M007,2026-05-09,2026-05-29,2026-06-03,63,63,延期交付,5
O001196,C025,M003,2026-04-13,2026-05-09,2026-05-09,16,16,已交付,0
O001197,C004,M003,2026-03-23,2026-04-10,2026-04-10,31,31,已交付,0
O001198,C009,M005,2026-06-30,2026-08-03,,30,20,生产中,
O001199,C034,M003,2026-04-22,2026-05-18,2026-05-18,44,44,已交付,0
O001200,C027,M001,2026-01-06,2026-01-30,2026-01-31,41,41,已交付,1
O001201,C021,M007,2026-04-23,2026-05-09,2026-05-10,63,63,已交付,1
O001202,C046,M002,2026-05-15,2026-06-13,2026-06-13,13,13,已交付,0
O001203,C003,M005,2026-06-30,2026-07-15,2026-07-16,13,13,已交付,1
O001204,C042,M005,2026-05-31,2026-06-13,2026-06-13,65,65,已交付,0
O001205,C043,M004,2026-04-01,2026-04-19,2026-04-20,56,56,已交付,1
O001206,C058,M005,2026-03-02,2026-03-24,2026-03-25,57,57,已交付,1
O001207,C036,M003,2026-06-05,2026-07-04,2026-07-07,66,66,已交付,3
O001208,C004,M002,2026-01-31,2026-02-28,2026-03-02,24,24,已交付,2
O001209,C012,M008,2026-03-03,2026-03-20,2026-03-25,35,35,延期交付,5
O001210,C060,M002,2026-01-20,2026-02-08,2026-02-09,27,27,已交付,1
O001211,C040,M003,2026-01-01,2026-01-25,2026-01-25,70,70,已交付,0
O001212,C050,M003,2026-02-10,2026-03-15,2026-03-20,30,30,延期交付,5
O001213,C017,M001,2026-05-28,2026-06-29,2026-07-01,49,49,已交付,2
O001214,C005,M008,2026-03-29,2026-04-11,2026-04-13,60,60,已交付,2
O001215,C016,M003,2026-02-28,2026-03-30,2026-03-30,20,20,已交付,0
O001216,C005,M001,2026-03-02,2026-04-03,2026-04-03,62,62,已交付,0
O001217,C030,M005,2026-04-10,2026-05-02,2026-05-07,24,24,延期交付,5
O001218,C001,M004,2026-05-10,2026-06-02,2026-06-03,59,59,已交付,1
O001219,C050,M003,2026-05-27,2026-06-23,2026-06-30,73,73,延期交付,7
O001220,C009,M001,2026-03-17,2026-04-06,2026-04-06,67,67,已交付,0
O001221,C005,M008,2026-01-05,2026-01-27,2026-01-28,74,74,已交付,1
O001222,C016,M006,2026-02-11,2026-03-03,2026-03-08,69,69,延期交付,5
O001223,C005,M001,2026-04-16,2026-05-15,2026-05-18,61,61,已交付,3
O001224,C018,M001,2026-01-27,2026-02-13,2026-02-13,78,78,已交付,0
O001225,C026,M001,2026-06-06,2026-07-05,2026-07-07,43,43,已交付,2
O001226,C023,M004,2026-05-31,2026-06-21,2026-06-22,15,15,已交付,1
O001227,C005,M003,2026-01-08,2026-02-05,2026-02-06,39,39,已交付,1
O001228,C019,M002,2026-06-27,2026-07-23,,28,13,生产中,
O001229,C042,M007,2026-06-07,2026-07-01,2026-07-01,26,26,已交付,0
O001230,C005,M003,2026-06-28,2026-07-26,,64,13,生产中,
O001231,C046,M007,2026-05-24,2026-06-16,2026-06-19,29,29,已交付,3
O001232,C021,M005,2026-04-16,2026-05-06,2026-05-08,23,23,已交付,2
O001233,C028,M002,2026-06-17,2026-07-07,2026-07-07,61,61,已交付,0
O001234,C036,M005,2026-05-15,2026-06-06,2026-06-08,44,44,已交付,2
O001235,C035,M004,2026-03-05,2026-03-21,2026-03-21,80,80,已交付,0
O001236,C038,M004,2026-03-23,2026-04-15,2026-04-17,15,15,已交付,2
O001237,C030,M007,2026-01-18,2026-02-16,2026-02-17,10,10,已交付,1
O001238,C043,M007,2026-01-21,2026-02-21,2026-02-21,34,34,已交付,0
O001239,C011,M002,2026-04-02,2026-04-17,2026-04-17,50,50,已交付,0
O001240,C024,M003,2026-03-26,2026-04-16,2026-04-17,17,17,已交付,1
O001241,C026,M007,2026-03-02,2026-03-20,2026-03-20,51,51,已交付,0
O001242,C024,M002,2026-03-30,2026-04-28,2026-04-30,56,56,已交付,2
O001243,C050,M001,2026-04-14,2026-05-11,2026-05-19,24,24,延期交付,8
O001244,C045,M003,2026-06-08,2026-07-04,2026-07-04,38,38,已交付,0
O001245,C002,M006,2026-03-22,2026-04-19,2026-04-20,23,23,已交付,1
O001246,C020,M003,2026-02-23,2026-03-14,2026-03-15,34,34,已交付,1
O001247,C028,M001,2026-04-28,2026-06-01,2026-06-01,63,63,已交付,0
O001248,C029,M001,2026-04-05,2026-04-23,2026-04-23,15,15,已交付,0
O001249,C044,M001,2026-03-23,2026-04-15,2026-04-15,54,54,已交付,0
O001250,C051,M001,2026-05-04,2026-05-20,2026-05-20,9,9,已交付,0
O001251,C026,M004,2026-04-26,2026-05-23,2026-05-23,15,15,已交付,0
O001252,C016,M005,2026-03-24,2026-04-11,2026-04-11,14,14,已交付,0
O001253,C022,M001,2026-03-05,2026-04-06,2026-04-06,47,47,已交付,0
O001254,C015,M002,2026-06-12,2026-07-09,2026-07-12,64,64,已交付,3
O001255,C004,M007,2026-04-30,2026-05-27,2026-05-28,55,55,已交付,1
O001256,C005,M002,2026-03-06,2026-04-02,2026-04-02,29,29,已交付,0
O001257,C004,M006,2026-01-19,2026-02-05,2026-02-05,64,64,已交付,0
O001258,C032,M004,2026-05-06,2026-06-01,2026-06-06,39,39,延期交付,5
O001259,C046,M006,2026-03-31,2026-04-12,2026-04-12,27,27,已交付,0
O001260,C047,M002,2026-03-28,2026-05-01,2026-05-04,42,42,已交付,3
O001261,C057,M005,2026-06-26,2026-07-08,2026-07-11,53,53,已交付,3
O001262,C030,M005,2026-01-07,2026-01-21,2026-01-21,39,39,已交付,0
O001263,C059,M007,2026-06-28,2026-07-20,,9,6,生产中,
O001264,C024,M001,2026-04-28,2026-05-30,2026-05-30,30,30,已交付,0
O001265,C044,M004,2026-04-11,2026-04-29,2026-05-01,41,41,已交付,2
O001266,C058,M003,2026-04-13,2026-05-03,2026-05-03,80,80,已交付,0
O001267,C027,M006,2026-01-05,2026-01-25,2026-01-25,50,50,已交付,0
O001268,C010,M001,2026-05-05,2026-05-25,2026-05-25,21,21,已交付,0
O001269,C005,M001,2026-05-08,2026-06-04,2026-06-05,31,31,已交付,1
O001270,C005,M004,2026-04-18,2026-05-01,2026-05-01,54,54,已交付,0
O001271,C026,M007,2026-01-06,2026-01-30,2026-01-30,25,25,已交付,0
O001272,C029,M001,2026-04-16,2026-05-02,2026-05-02,19,19,已交付,0
O001273,C039,M002,2026-02-16,2026-03-04,2026-03-04,13,13,已交付,0
O001274,C005,M003,2026-03-29,2026-04-22,2026-04-22,59,59,已交付,0
O001275,C013,M002,2026-04-17,2026-05-11,2026-05-11,20,20,已交付,0
O001276,C024,M002,2026-02-28,2026-03-25,2026-03-25,59,59,已交付,0
O001277,C054,M005,2026-02-23,2026-03-18,2026-03-21,58,58,已交付,3
O001278,C032,M003,2026-04-23,2026-05-15,2026-05-17,35,35,已交付,2
O001279,C002,M005,2026-05-26,2026-06-23,2026-06-23,20,20,已交付,0
O001280,C044,M004,2026-03-29,2026-04-13,2026-04-14,18,18,已交付,1
O001281,C051,M004,2026-03-04,2026-04-05,2026-04-06,45,45,已交付,1
O001282,C023,M006,2026-01-13,2026-02-05,2026-02-06,40,40,已交付,1
O001283,C032,M007,2026-04-19,2026-05-09,2026-05-10,24,24,已交付,1
O001284,C034,M005,2026-02-27,2026-04-01,2026-04-04,59,59,已交付,3
O001285,C023,M002,2026-01-30,2026-03-05,2026-03-05,9,9,已交付,0
O001286,C020,M002,2026-06-11,2026-07-01,2026-07-03,80,80,已交付,2
O001287,C024,M003,2026-01-17,2026-02-05,2026-02-05,57,57,已交付,0
O001288,C028,M004,2026-01-02,2026-01-15,2026-01-17,16,16,已交付,2
O001289,C038,M007,2026-06-16,2026-07-15,,58,38,生产中,
O001290,C049,M005,2026-01-17,2026-01-31,2026-01-31,65,65,已交付,0
O001291,C034,M007,2026-01-14,2026-02-17,2026-02-19,15,15,已交付,2
O001292,C005,M003,2026-01-20,2026-02-19,2026-02-22,80,80,已交付,3
O001293,C048,M005,2026-01-22,2026-02-17,2026-02-17,57,57,已交付,0
O001294,C058,M002,2026-02-22,2026-03-21,2026-03-24,10,10,已交付,3
O001295,C001,M008,2026-05-14,2026-06-11,2026-06-11,25,25,已交付,0
O001296,C022,M005,2026-06-18,2026-07-10,2026-07-13,9,9,已交付,3
O001297,C003,M001,2026-02-20,2026-03-05,2026-03-05,70,70,已交付,0
O001298,C013,M003,2026-05-15,2026-06-07,2026-06-10,10,10,已交付,3
O001299,C006,M002,2026-05-12,2026-05-27,2026-05-28,33,33,已交付,1
O001300,C047,M004,2026-06-15,2026-07-05,2026-07-08,72,72,已交付,3
O001301,C016,M005,2026-04-01,2026-04-19,2026-04-21,45,45,已交付,2
O001302,C058,M008,2026-03-20,2026-04-07,2026-04-15,23,23,延期交付,8
O001303,C041,M003,2026-05-12,2026-06-08,2026-06-13,10,10,延期交付,5
O001304,C045,M003,2026-02-28,2026-03-12,2026-03-14,36,36,已交付,2
O001305,C015,M008,2026-05-12,2026-06-09,2026-06-10,70,70,已交付,1
O001306,C001,M008,2026-02-22,2026-03-28,2026-03-28,8,8,已交付,0
O001307,C010,M005,2026-04-27,2026-05-21,2026-05-21,27,27,已交付,0
O001308,C056,M003,2026-03-22,2026-04-13,2026-04-14,55,55,已交付,1
O001309,C028,M002,2026-06-04,2026-06-21,2026-06-21,65,65,已交付,0
O001310,C001,M001,2026-03-25,2026-04-14,2026-04-16,70,70,已交付,2
O001311,C032,M005,2026-03-04,2026-03-30,2026-03-31,53,53,已交付,1
O001312,C059,M005,2026-01-14,2026-02-09,2026-02-10,36,36,已交付,1
O001313,C056,M001,2026-03-17,2026-04-13,2026-04-14,63,63,已交付,1
O001314,C008,M001,2026-02-28,2026-03-22,2026-03-23,65,65,已交付,1
O001315,C036,M001,2026-02-23,2026-03-17,2026-03-17,31,31,已交付,0
O001316,C012,M002,2026-02-22,2026-03-20,2026-03-20,36,36,已交付,0
O001317,C016,M001,2026-03-19,2026-03-31,2026-03-31,73,73,已交付,0
O001318,C002,M003,2026-03-08,2026-03-20,2026-03-21,49,49,已交付,1
O001319,C040,M003,2026-04-16,2026-05-08,2026-05-08,31,31,已交付,0
O001320,C042,M001,2026-05-05,2026-06-04,2026-06-04,68,68,已交付,0
O001321,C017,M003,2026-01-26,2026-02-16,2026-02-17,49,49,已交付,1
O001322,C018,M003,2026-05-30,2026-06-23,2026-07-02,15,15,延期交付,9
O001323,C056,M002,2026-05-06,2026-06-04,2026-06-05,71,71,已交付,1
O001324,C026,M001,2026-01-06,2026-01-23,2026-01-23,11,11,已交付,0
O001325,C057,M001,2026-01-06,2026-01-31,2026-02-02,17,17,已交付,2
O001326,C021,M008,2026-01-16,2026-02-14,2026-02-15,12,12,已交付,1
O001327,C005,M005,2026-03-17,2026-04-20,2026-04-20,75,75,已交付,0
O001328,C005,M003,2026-06-06,2026-06-30,2026-07-19,39,39,延期交付,19
O001329,C033,M003,2026-01-10,2026-02-09,2026-02-11,56,56,已交付,2
O001330,C009,M007,2026-04-28,2026-05-13,2026-05-14,68,68,已交付,1
O001331,C018,M007,2026-01-17,2026-02-04,2026-02-05,56,56,已交付,1
O001332,C027,M006,2026-01-26,2026-02-07,2026-02-07,9,9,已交付,0
O001333,C030,M002,2026-06-07,2026-06-20,2026-06-20,58,58,已交付,0
O001334,C005,M003,2026-06-28,2026-07-30,,95,16,生产中,
O001335,C014,M002,2026-04-05,2026-05-07,2026-05-08,21,21,已交付,1
O001336,C051,M003,2026-03-06,2026-03-25,2026-03-25,68,68,已交付,0
O001337,C005,M003,2026-06-08,2026-07-08,2026-07-09,41,41,已交付,1
O001338,C016,M005,2026-01-25,2026-02-23,2026-02-28,62,62,延期交付,5
O001339,C007,M001,2026-05-02,2026-05-23,2026-05-23,59,59,已交付,0
O001340,C005,M006,2026-03-30,2026-04-29,2026-05-07,16,16,延期交付,8
O001341,C051,M001,2026-03-12,2026-03-27,2026-03-29,35,35,已交付,2
O001342,C005,M004,2026-05-28,2026-06-20,2026-06-20,50,50,已交付,0
O001343,C015,M002,2026-05-25,2026-06-23,2026-06-23,29,29,已交付,0
O001344,C059,M007,2026-04-08,2026-05-05,2026-05-05,65,65,已交付,0
O001345,C002,M005,2026-02-02,2026-02-19,2026-02-19,50,50,已交付,0
O001346,C039,M001,2026-03-06,2026-04-04,2026-04-04,19,19,已交付,0
O001347,C046,M005,2026-06-02,2026-06-27,2026-06-30,52,52,已交付,3
O001348,C028,M006,2026-03-27,2026-04-28,2026-05-01,44,44,已交付,3
O001349,C053,M006,2026-06-14,2026-07-13,2026-07-13,34,34,已交付,0
O001350,C022,M007,2026-01-06,2026-01-30,2026-01-31,43,43,已交付,1
O001351,C036,M005,2026-02-06,2026-02-22,2026-02-23,66,66,已交付,1
O001352,C033,M001,2026-02-11,2026-02-23,2026-02-23,30,30,已交付,0
O001353,C005,M007,2026-04-10,2026-05-01,2026-05-01,17,17,已交付,0
O001354,C041,M002,2026-03-22,2026-04-06,2026-04-06,32,32,已交付,0
O001355,C016,M001,2026-05-17,2026-06-16,2026-06-16,23,23,已交付,0
O001356,C009,M003,2026-06-18,2026-07-03,2026-07-06,28,28,已交付,3
O001357,C005,M001,2026-04-18,2026-05-11,2026-05-12,73,73,已交付,1
O001358,C042,M002,2026-03-28,2026-04-18,2026-04-21,78,78,已交付,3
O001359,C036,M005,2026-06-26,2026-07-09,2026-07-09,39,39,已交付,0
O001360,C014,M004,2026-02-02,2026-02-16,2026-02-16,8,8,已交付,0
O001361,C013,M002,2026-03-04,2026-03-30,2026-03-30,53,53,已交付,0
O001362,C039,M003,2026-05-16,2026-06-08,2026-06-14,24,24,延期交付,6
O001363,C053,M005,2026-01-25,2026-02-22,2026-02-24,44,44,已交付,2
O001364,C021,M008,2026-05-14,2026-05-28,2026-05-29,74,74,已交付,1
O001365,C057,M003,2026-03-20,2026-04-23,2026-04-28,43,43,延期交付,5
O001366,C060,M005,2026-02-06,2026-03-03,2026-03-03,70,70,已交付,0
O001367,C014,M001,2026-01-26,2026-02-08,2026-02-11,53,53,已交付,3
O001368,C035,M008,2026-06-12,2026-06-24,2026-06-24,70,70,已交付,0
O001369,C022,M007,2026-06-03,2026-06-15,2026-06-18,53,53,已交付,3
O001370,C051,M003,2026-02-13,2026-03-03,2026-03-03,15,15,已交付,0
O001371,C059,M008,2026-02-18,2026-03-12,2026-03-17,71,71,延期交付,5
O001372,C012,M003,2026-04-05,2026-05-08,2026-05-08,33,33,已交付,0
O001373,C010,M001,2026-05-11,2026-06-09,2026-06-09,14,14,已交付,0
O001374,C041,M001,2026-04-13,2026-05-08,2026-05-08,38,38,已交付,0
O001375,C038,M001,2026-05-22,2026-06-04,2026-06-05,46,46,已交付,1
O001376,C016,M007,2026-01-30,2026-02-19,2026-02-19,9,9,已交付,0
O001377,C012,M005,2026-03-21,2026-04-22,2026-04-22,39,39,已交付,0
O001378,C026,M008,2026-03-13,2026-03-31,2026-04-01,40,40,已交付,1
O001379,C029,M005,2026-03-13,2026-04-16,2026-04-18,37,37,已交付,2
O001380,C016,M002,2026-06-18,2026-07-09,2026-07-09,77,77,已交付,0
O001381,C059,M006,2026-01-26,2026-02-28,2026-03-02,36,36,已交付,2
O001382,C037,M001,2026-03-05,2026-04-03,2026-04-04,73,73,已交付,1
O001383,C037,M004,2026-04-03,2026-04-29,2026-04-30,15,15,已交付,1
O001384,C047,M001,2026-04-26,2026-05-12,2026-05-12,21,21,已交付,0
O001385,C007,M005,2026-05-25,2026-06-21,2026-06-21,75,75,已交付,0
O001386,C051,M005,2026-03-17,2026-03-30,2026-03-30,78,78,已交付,0
O001387,C008,M007,2026-05-17,2026-05-31,2026-05-31,38,38,已交付,0
O001388,C035,M001,2026-02-01,2026-02-26,2026-03-03,54,54,延期交付,5
O001389,C043,M003,2026-05-10,2026-05-25,2026-05-26,61,61,已交付,1
O001390,C013,M004,2026-04-09,2026-04-25,2026-04-25,51,51,已交付,0
O001391,C003,M002,2026-01-23,2026-02-10,2026-02-10,10,10,已交付,0
O001392,C029,M007,2026-03-09,2026-03-30,2026-03-30,67,67,已交付,0
O001393,C054,M006,2026-01-07,2026-02-06,2026-02-06,20,20,已交付,0
O001394,C004,M002,2026-01-28,2026-02-28,2026-03-01,49,49,已交付,1
O001395,C050,M005,2026-04-11,2026-05-12,2026-05-12,16,16,已交付,0
O001396,C052,M002,2026-01-15,2026-02-01,2026-02-01,49,49,已交付,0
O001397,C027,M007,2026-06-17,2026-07-01,2026-07-01,41,41,已交付,0
O001398,C006,M003,2026-05-18,2026-06-07,2026-06-13,51,51,延期交付,6
O001399,C024,M006,2026-05-21,2026-06-11,2026-06-13,19,19,已交付,2
O001400,C025,M002,2026-03-27,2026-04-30,2026-05-02,35,35,已交付,2
O001401,C021,M004,2026-05-26,2026-06-13,2026-06-18,74,74,延期交付,5
O001402,C027,M006,2026-04-15,2026-05-09,2026-05-14,24,24,延期交付,5
O001403,C032,M008,2026-04-30,2026-05-22,2026-05-22,35,35,已交付,0
O001404,C014,M003,2026-05-10,2026-06-13,2026-06-28,27,27,延期交付,15
O001405,C029,M008,2026-04-25,2026-05-09,2026-05-10,32,32,已交付,1
O001406,C031,M005,2026-01-31,2026-02-17,2026-02-17,49,49,已交付,0
O001407,C031,M005,2026-04-02,2026-04-29,2026-04-29,52,52,已交付,0
O001408,C045,M007,2026-01-16,2026-02-08,2026-02-09,12,12,已交付,1
O001409,C035,M004,2026-04-15,2026-05-07,2026-05-08,55,55,已交付,1
O001410,C017,M005,2026-03-26,2026-04-19,2026-04-19,20,20,已交付,0
O001411,C021,M005,2026-05-17,2026-06-12,2026-06-17,52,52,延期交付,5
O001412,C037,M007,2026-01-12,2026-02-01,2026-02-01,13,13,已交付,0
O001413,C021,M006,2026-01-25,2026-02-09,2026-02-11,40,40,已交付,2
O001414,C050,M003,2026-03-13,2026-04-09,2026-04-12,16,16,已交付,3
O001415,C040,M006,2026-01-13,2026-02-15,2026-02-16,56,56,已交付,1
O001416,C043,M001,2026-04-28,2026-05-12,2026-05-13,28,28,已交付,1
O001417,C042,M003,2026-03-27,2026-04-20,2026-04-20,76,76,已交付,0
O001418,C036,M001,2026-03-29,2026-04-29,2026-04-30,52,52,已交付,1
O001419,C008,M005,2026-02-25,2026-03-13,2026-03-13,19,19,已交付,0
O001420,C005,M007,2026-03-17,2026-03-31,2026-03-31,48,48,已交付,0
O001421,C056,M002,2026-05-02,2026-05-30,2026-05-30,52,52,已交付,0
O001422,C040,M004,2026-05-29,2026-06-22,2026-06-25,42,42,已交付,3
O001423,C017,M008,2026-05-14,2026-06-16,2026-06-17,45,45,已交付,1
O001424,C053,M006,2026-03-03,2026-03-19,2026-03-24,74,74,延期交付,5
O001425,C017,M001,2026-01-10,2026-02-13,2026-02-13,78,78,已交付,0
O001426,C027,M006,2026-02-19,2026-03-15,2026-03-16,26,26,已交付,1
O001427,C015,M004,2026-02-03,2026-02-18,2026-02-26,23,23,延期交付,8
O001428,C017,M002,2026-03-29,2026-04-22,2026-04-24,25,25,已交付,2
O001429,C021,M006,2026-03-27,2026-04-26,2026-04-26,66,66,已交付,0
O001430,C009,M003,2026-05-22,2026-06-16,2026-06-22,30,30,延期交付,6
O001431,C033,M008,2026-01-05,2026-02-04,2026-02-04,15,15,已交付,0
O001432,C050,M002,2026-03-10,2026-04-12,2026-04-12,69,69,已交付,0
O001433,C016,M001,2026-01-14,2026-01-28,2026-01-28,40,40,已交付,0
O001434,C009,M001,2026-04-29,2026-05-11,2026-05-11,15,15,已交付,0
O001435,C060,M004,2026-04-29,2026-06-02,2026-06-02,26,26,已交付,0
O001436,C026,M001,2026-04-29,2026-05-28,2026-05-28,17,17,已交付,0
O001437,C056,M005,2026-03-23,2026-04-25,2026-04-25,37,37,已交付,0
O001438,C007,M007,2026-05-22,2026-06-18,2026-06-23,35,35,延期交付,5
O001439,C017,M006,2026-01-31,2026-02-19,2026-02-19,74,74,已交付,0
O001440,C051,M005,2026-01-19,2026-02-06,2026-02-11,18,18,延期交付,5
O001441,C001,M002,2026-06-22,2026-07-14,2026-07-17,63,63,已交付,3
O001442,C056,M004,2026-05-20,2026-06-13,2026-06-18,13,13,延期交付,5
O001443,C038,M005,2026-05-10,2026-05-22,2026-05-24,53,53,已交付,2
O001444,C009,M001,2026-05-12,2026-05-31,2026-05-31,16,16,已交付,0
O001445,C057,M005,2026-01-21,2026-02-08,2026-02-09,51,51,已交付,1
O001446,C011,M008,2026-05-05,2026-05-18,2026-05-18,70,70,已交付,0
O001447,C006,M002,2026-05-23,2026-06-24,2026-06-24,79,79,已交付,0
O001448,C021,M001,2026-05-26,2026-06-20,2026-06-20,51,51,已交付,0
O001449,C012,M006,2026-02-08,2026-02-25,2026-02-25,78,78,已交付,0
O001450,C015,M008,2026-02-10,2026-03-05,2026-03-05,38,38,已交付,0
O001451,C002,M001,2026-05-31,2026-06-16,2026-06-18,28,28,已交付,2
O001452,C013,M002,2026-02-05,2026-03-01,2026-03-03,20,20,已交付,2
O001453,C039,M001,2026-03-29,2026-04-22,2026-04-22,58,58,已交付,0
O001454,C040,M003,2026-06-15,2026-07-02,2026-07-02,35,35,已交付,0
O001455,C016,M001,2026-02-15,2026-03-02,2026-03-03,55,55,已交付,1
O001456,C032,M008,2026-02-02,2026-02-17,2026-02-18,42,42,已交付,1
O001457,C005,M001,2026-03-15,2026-03-28,2026-03-28,35,35,已交付,0
O001458,C029,M005,2026-06-12,2026-07-07,2026-07-07,30,30,已交付,0
O001459,C028,M002,2026-02-12,2026-03-09,2026-03-09,77,77,已交付,0
O001460,C036,M005,2026-02-26,2026-03-23,2026-03-24,69,69,已交付,1
O001461,C038,M001,2026-01-16,2026-02-01,2026-02-02,28,28,已交付,1
O001462,C021,M003,2026-02-22,2026-03-10,2026-03-10,30,30,已交付,0
O001463,C033,M005,2026-01-18,2026-02-17,2026-02-19,73,73,已交付,2
O001464,C001,M002,2026-04-23,2026-05-23,2026-05-23,57,57,已交付,0
O001465,C031,M008,2026-05-14,2026-06-07,2026-06-09,47,47,已交付,2
O001466,C023,M006,2026-03-29,2026-04-18,2026-04-18,53,53,已交付,0
O001467,C005,M003,2026-05-16,2026-06-12,2026-06-27,50,50,延期交付,15
O001468,C011,M003,2026-03-08,2026-03-21,2026-03-21,57,57,已交付,0
O001469,C013,M008,2026-05-25,2026-06-26,2026-06-26,29,29,已交付,0
O001470,C049,M008,2026-03-09,2026-03-24,2026-03-26,74,74,已交付,2
O001471,C024,M001,2026-02-02,2026-02-16,2026-02-21,40,40,延期交付,5
O001472,C019,M008,2026-06-15,2026-07-03,2026-07-03,42,42,已交付,0
O001473,C028,M004,2026-05-14,2026-06-15,2026-06-17,13,13,已交付,2
O001474,C018,M002,2026-03-19,2026-04-09,2026-04-12,67,67,已交付,3
O001475,C044,M005,2026-06-19,2026-07-09,2026-07-09,78,78,已交付,0
O001476,C019,M004,2026-01-17,2026-02-20,2026-02-22,59,59,已交付,2
O001477,C005,M008,2026-03-24,2026-04-25,2026-04-26,46,46,已交付,1
O001478,C034,M002,2026-05-23,2026-06-11,2026-06-16,30,30,延期交付,5
O001479,C003,M004,2026-02-04,2026-03-01,2026-03-01,43,43,已交付,0
O001480,C030,M003,2026-06-12,2026-06-24,2026-06-29,65,65,延期交付,5
O001481,C021,M005,2026-01-03,2026-01-17,2026-01-20,9,9,已交付,3
O001482,C005,M001,2026-03-25,2026-04-13,2026-04-13,74,74,已交付,0
O001483,C050,M001,2026-03-05,2026-04-08,2026-04-08,47,47,已交付,0
O001484,C040,M003,2026-06-15,2026-07-01,2026-07-06,61,61,延期交付,5
O001485,C050,M002,2026-06-02,2026-06-25,2026-06-26,16,16,已交付,1
O001486,C029,M001,2026-04-30,2026-06-03,2026-06-03,23,23,已交付,0
O001487,C058,M002,2026-01-14,2026-02-15,2026-02-17,44,44,已交付,2
O001488,C012,M005,2026-01-18,2026-02-10,2026-02-10,78,78,已交付,0
O001489,C060,M004,2026-05-29,2026-06-16,2026-06-16,79,79,已交付,0
O001490,C004,M006,2026-06-05,2026-06-27,2026-07-02,26,26,延期交付,5
O001491,C051,M006,2026-05-07,2026-05-22,2026-05-22,55,55,已交付,0
O001492,C004,M002,2026-01-08,2026-01-25,2026-01-30,28,28,延期交付,5
O001493,C009,M001,2026-06-14,2026-07-16,2026-07-16,16,16,已交付,0
O001494,C027,M001,2026-02-16,2026-03-22,2026-03-25,30,30,已交付,3
O001495,C046,M001,2026-05-07,2026-06-10,2026-06-10,33,33,已交付,0
O001496,C001,M007,2026-02-22,2026-03-18,2026-03-18,20,20,已交付,0
O001497,C020,M008,2026-01-24,2026-02-24,2026-02-25,49,49,已交付,1
O001498,C041,M007,2026-01-07,2026-02-04,2026-02-04,16,16,已交付,0
O001499,C054,M002,2026-01-21,2026-02-12,2026-02-12,31,31,已交付,0
O001500,C040,M001,2026-04-24,2026-05-06,2026-05-07,68,68,已交付,1
O001501,C011,M004,2026-02-15,2026-02-28,2026-03-08,10,10,延期交付,8
O001502,C047,M001,2026-05-22,2026-06-06,2026-06-08,75,75,已交付,2
O001503,C005,M004,2026-05-22,2026-06-05,2026-06-07,46,46,已交付,2
O001504,C001,M008,2026-05-08,2026-05-25,2026-05-27,46,46,已交付,2
O001505,C050,M003,2026-01-16,2026-02-16,2026-02-16,77,77,已交付,0
O001506,C001,M003,2026-01-22,2026-02-14,2026-02-19,40,40,延期交付,5
O001507,C031,M004,2026-06-26,2026-07-11,2026-07-11,50,50,已交付,0
O001508,C005,M002,2026-01-27,2026-02-14,2026-02-16,56,56,已交付,2
O001509,C033,M003,2026-02-16,2026-03-10,2026-03-11,50,50,已交付,1
O001510,C015,M002,2026-03-25,2026-04-09,2026-04-09,39,39,已交付,0
O001511,C013,M002,2026-01-26,2026-02-24,2026-02-24,51,51,已交付,0
O001512,C002,M001,2026-04-08,2026-04-27,2026-04-29,30,30,已交付,2
O001513,C018,M003,2026-03-17,2026-04-17,2026-04-17,57,57,已交付,0
O001514,C028,M002,2026-04-20,2026-05-16,2026-05-16,34,34,已交付,0
O001515,C024,M001,2026-01-20,2026-02-15,2026-02-15,21,21,已交付,0
O001516,C018,M003,2026-02-01,2026-02-20,2026-02-25,54,54,延期交付,5
O001517,C037,M004,2026-02-14,2026-02-27,2026-02-27,11,11,已交付,0
O001518,C001,M005,2026-03-17,2026-04-11,2026-04-16,78,78,延期交付,5
O001519,C019,M002,2026-05-25,2026-06-22,2026-06-23,35,35,已交付,1
O001520,C058,M001,2026-05-28,2026-06-24,2026-06-24,74,74,已交付,0
O001521,C039,M003,2026-04-05,2026-04-30,2026-05-01,57,57,已交付,1
O001522,C016,M007,2026-04-09,2026-05-08,2026-05-08,19,19,已交付,0
O001523,C049,M007,2026-02-19,2026-03-07,2026-03-12,74,74,延期交付,5
O001524,C011,M001,2026-02-06,2026-03-04,2026-03-04,60,60,已交付,0
O001525,C021,M001,2026-06-01,2026-06-22,2026-06-22,24,24,已交付,0
O001526,C055,M001,2026-02-27,2026-03-18,2026-03-18,11,11,已交付,0
O001527,C042,M008,2026-01-07,2026-01-28,2026-01-28,72,72,已交付,0
O001528,C047,M005,2026-06-11,2026-07-01,2026-07-03,19,19,已交付,2
O001529,C002,M003,2026-06-25,2026-07-23,,61,23,生产中,
O001530,C015,M002,2026-02-12,2026-03-03,2026-03-06,20,20,已交付,3
O001531,C028,M008,2026-03-22,2026-04-18,2026-04-18,61,61,已交付,0
O001532,C051,M001,2026-06-12,2026-07-10,2026-07-10,39,39,已交付,0
O001533,C025,M007,2026-06-22,2026-07-07,2026-07-12,34,34,延期交付,5
O001534,C015,M001,2026-01-16,2026-02-18,2026-02-23,35,35,延期交付,5
O001535,C036,M002,2026-05-01,2026-05-26,2026-05-28,61,61,已交付,2
O001536,C018,M005,2026-03-21,2026-04-20,2026-04-20,64,64,已交付,0
O001537,C043,M003,2026-02-02,2026-02-25,2026-02-26,59,59,已交付,1
O001538,C016,M006,2026-02-09,2026-03-07,2026-03-07,41,41,已交付,0
O001539,C018,M001,2026-05-30,2026-06-14,2026-06-15,38,38,已交付,1
O001540,C050,M002,2026-04-20,2026-05-19,2026-05-19,22,22,已交付,0
O001541,C005,M003,2026-06-20,2026-07-11,2026-07-11,62,62,已交付,0
O001542,C014,M001,2026-01-12,2026-01-25,2026-01-26,18,18,已交付,1
O001543,C031,M008,2026-03-28,2026-04-24,2026-04-27,69,69,已交付,3
O001544,C030,M004,2026-03-07,2026-03-30,2026-03-30,59,59,已交付,0
O001545,C029,M001,2026-02-20,2026-03-19,2026-03-19,8,8,已交付,0
O001546,C037,M006,2026-04-05,2026-04-24,2026-04-25,11,11,已交付,1
O001547,C005,M008,2026-05-26,2026-06-09,2026-06-09,17,17,已交付,0
O001548,C005,M002,2026-04-17,2026-05-17,2026-05-17,58,58,已交付,0
O001549,C013,M002,2026-04-11,2026-04-28,2026-04-28,27,27,已交付,0
O001550,C027,M005,2026-04-28,2026-05-12,2026-05-15,8,8,已交付,3
O001551,C038,M003,2026-01-19,2026-02-09,2026-02-10,37,37,已交付,1
O001552,C036,M002,2026-01-31,2026-02-22,2026-02-25,35,35,已交付,3
O001553,C016,M004,2026-04-18,2026-05-22,2026-05-27,25,25,延期交付,5
O001554,C009,M001,2026-06-05,2026-06-19,2026-06-19,23,23,已交付,0
O001555,C029,M002,2026-06-04,2026-06-30,2026-06-30,13,13,已交付,0
O001556,C011,M005,2026-05-31,2026-06-26,2026-06-27,24,24,已交付,1
O001557,C050,M004,2026-04-12,2026-05-01,2026-05-01,37,37,已交付,0
O001558,C005,M004,2026-01-25,2026-02-08,2026-02-09,39,39,已交付,1
O001559,C009,M004,2026-05-22,2026-06-23,2026-06-24,26,26,已交付,1
O001560,C017,M005,2026-04-13,2026-04-29,2026-05-02,57,57,已交付,3
O001561,C040,M004,2026-01-23,2026-02-11,2026-02-11,20,20,已交付,0
O001562,C008,M001,2026-02-01,2026-02-25,2026-02-25,44,44,已交付,0
O001563,C007,M004,2026-03-22,2026-04-15,2026-04-16,11,11,已交付,1
O001564,C037,M003,2026-02-10,2026-03-13,2026-03-15,47,47,已交付,2
O001565,C017,M001,2026-06-06,2026-07-09,2026-07-09,67,67,已交付,0
O001566,C002,M004,2026-03-26,2026-04-23,2026-04-23,60,60,已交付,0
O001567,C039,M005,2026-02-24,2026-03-15,2026-03-15,63,63,已交付,0
O001568,C013,M002,2026-02-07,2026-02-23,2026-02-24,41,41,已交付,1
O001569,C005,M002,2026-04-11,2026-05-10,2026-05-11,72,72,已交付,1
O001570,C007,M003,2026-04-26,2026-05-27,2026-05-27,25,25,已交付,0
O001571,C054,M002,2026-05-12,2026-06-03,2026-06-03,20,20,已交付,0
O001572,C015,M007,2026-01-08,2026-01-26,2026-01-26,66,66,已交付,0
O001573,C005,M007,2026-02-20,2026-03-17,2026-03-17,21,21,已交付,0
O001574,C005,M007,2026-03-23,2026-04-16,2026-04-19,39,39,已交付,3
O001575,C044,M002,2026-02-07,2026-03-10,2026-03-12,8,8,已交付,2
O001576,C046,M005,2026-05-02,2026-06-04,2026-06-04,54,54,已交付,0
O001577,C058,M003,2026-01-13,2026-02-08,2026-02-09,60,60,已交付,1
O001578,C024,M004,2026-04-10,2026-05-11,2026-05-13,16,16,已交付,2
O001579,C012,M002,2026-04-17,2026-05-21,2026-05-21,33,33,已交付,0
O001580,C044,M001,2026-04-11,2026-05-05,2026-05-06,19,19,已交付,1
O001581,C044,M008,2026-03-12,2026-03-26,2026-03-26,26,26,已交付,0
O001582,C030,M002,2026-05-04,2026-05-28,2026-05-29,43,43,已交付,1
O001583,C018,M005,2026-03-04,2026-03-30,2026-03-31,53,53,已交付,1
O001584,C030,M005,2026-01-23,2026-02-21,2026-02-21,35,35,已交付,0
O001585,C052,M006,2026-01-22,2026-02-18,2026-02-19,55,55,已交付,1
O001586,C032,M008,2026-06-30,2026-07-22,,44,24,生产中,
O001587,C045,M003,2026-06-24,2026-07-06,2026-07-07,71,71,已交付,1
O001588,C006,M001,2026-04-06,2026-05-01,2026-05-01,30,30,已交付,0
O001589,C028,M001,2026-03-09,2026-03-30,2026-03-30,47,47,已交付,0
O001590,C038,M004,2026-03-11,2026-04-10,2026-04-11,38,38,已交付,1
O001591,C030,M008,2026-06-29,2026-07-25,,51,18,生产中,
O001592,C008,M007,2026-03-30,2026-04-20,2026-04-20,16,16,已交付,0
O001593,C024,M002,2026-02-27,2026-03-20,2026-03-21,31,31,已交付,1
O001594,C029,M008,2026-01-09,2026-01-27,2026-01-27,11,11,已交付,0
O001595,C031,M001,2026-05-19,2026-06-12,2026-06-15,14,14,已交付,3
O001596,C059,M004,2026-03-16,2026-04-08,2026-04-09,74,74,已交付,1
O001597,C037,M001,2026-05-21,2026-06-17,2026-06-20,36,36,已交付,3
O001598,C022,M001,2026-01-26,2026-03-01,2026-03-01,26,26,已交付,0
O001599,C026,M002,2026-06-05,2026-06-29,2026-06-30,31,31,已交付,1
O001600,C008,M008,2026-05-26,2026-06-07,2026-06-07,41,41,已交付,0
O001601,C012,M008,2026-03-08,2026-04-09,2026-04-17,51,51,延期交付,8
O001602,C057,M003,2026-04-21,2026-05-10,2026-05-13,48,48,已交付,3
O001603,C048,M003,2026-01-12,2026-02-11,2026-02-11,15,15,已交付,0
O001604,C006,M004,2026-01-03,2026-01-20,2026-01-22,19,19,已交付,2
O001605,C036,M004,2026-05-28,2026-06-10,2026-06-18,33,33,延期交付,8
O001606,C019,M006,2026-03-03,2026-03-17,2026-03-17,10,10,已交付,0
O001607,C045,M003,2026-04-19,2026-05-13,2026-05-13,37,37,已交付,0
O001608,C052,M005,2026-04-02,2026-05-01,2026-05-09,19,19,延期交付,8
O001609,C028,M001,2026-01-21,2026-02-09,2026-02-09,27,27,已交付,0
O001610,C053,M002,2026-06-03,2026-07-04,2026-07-04,18,18,已交付,0
O001611,C028,M001,2026-06-27,2026-07-25,,40,14,生产中,
O001612,C001,M002,2026-03-03,2026-03-24,2026-03-24,80,80,已交付,0
O001613,C032,M002,2026-02-09,2026-02-27,2026-03-02,79,79,已交付,3
O001614,C030,M005,2026-03-30,2026-04-16,2026-04-16,32,32,已交付,0
O001615,C013,M001,2026-01-12,2026-02-10,2026-02-10,37,37,已交付,0
O001616,C034,M006,2026-02-06,2026-03-02,2026-03-02,33,33,已交付,0
O001617,C053,M002,2026-03-18,2026-04-20,2026-04-20,72,72,已交付,0
O001618,C009,M003,2026-03-15,2026-03-31,2026-03-31,39,39,已交付,0
O001619,C057,M006,2026-05-11,2026-05-24,2026-05-24,42,42,已交付,0
O001620,C048,M001,2026-06-02,2026-06-26,2026-06-27,32,32,已交付,1
O001621,C003,M005,2026-03-09,2026-04-05,2026-04-05,45,45,已交付,0
O001622,C047,M004,2026-06-18,2026-07-02,2026-07-03,65,65,已交付,1
O001623,C058,M005,2026-03-16,2026-03-29,2026-03-30,46,46,已交付,1
O001624,C023,M001,2026-03-29,2026-04-30,2026-05-01,23,23,已交付,1
O001625,C018,M006,2026-05-29,2026-06-30,2026-06-30,19,19,已交付,0
O001626,C035,M001,2026-02-03,2026-03-03,2026-03-03,76,76,已交付,0
O001627,C005,M005,2026-02-04,2026-02-19,2026-02-21,30,30,已交付,2
O001628,C011,M008,2026-01-11,2026-02-05,2026-02-10,75,75,延期交付,5
O001629,C030,M001,2026-03-06,2026-03-21,2026-03-22,32,32,已交付,1
O001630,C016,M006,2026-01-07,2026-02-05,2026-02-06,16,16,已交付,1
O001631,C004,M005,2026-04-12,2026-04-30,2026-04-30,52,52,已交付,0
O001632,C033,M003,2026-04-24,2026-05-28,2026-05-29,70,70,已交付,1
O001633,C005,M003,2026-03-10,2026-04-04,2026-04-04,19,19,已交付,0
O001634,C043,M001,2026-04-05,2026-04-25,2026-04-26,68,68,已交付,1
O001635,C005,M005,2026-03-10,2026-03-26,2026-03-27,42,42,已交付,1
O001636,C001,M005,2026-04-29,2026-05-21,2026-05-21,22,22,已交付,0
O001637,C014,M004,2026-05-05,2026-05-29,2026-05-29,29,29,已交付,0
O001638,C045,M004,2026-03-06,2026-03-24,2026-03-24,10,10,已交付,0
O001639,C005,M003,2026-06-22,2026-07-25,,42,15,生产中,
O001640,C014,M006,2026-01-03,2026-01-31,2026-02-03,53,53,已交付,3
O001641,C003,M008,2026-03-14,2026-04-13,2026-04-13,19,19,已交付,0
O001642,C012,M002,2026-06-20,2026-07-07,2026-07-07,50,50,已交付,0
O001643,C044,M005,2026-01-22,2026-02-11,2026-02-16,52,52,延期交付,5
O001644,C032,M001,2026-03-15,2026-03-30,2026-04-01,9,9,已交付,2
O001645,C036,M003,2026-02-11,2026-03-10,2026-03-11,36,36,已交付,1
O001646,C011,M005,2026-02-03,2026-03-02,2026-03-02,66,66,已交付,0
O001647,C030,M006,2026-01-25,2026-02-27,2026-02-27,72,72,已交付,0
O001648,C041,M005,2026-04-18,2026-05-16,2026-05-17,21,21,已交付,1
O001649,C005,M001,2026-05-28,2026-06-10,2026-06-10,53,53,已交付,0
O001650,C040,M005,2026-05-26,2026-06-24,2026-06-25,47,47,已交付,1
O001651,C001,M002,2026-03-25,2026-04-27,2026-04-27,32,32,已交付,0
O001652,C036,M002,2026-03-21,2026-04-24,2026-04-25,29,29,已交付,1
O001653,C035,M005,2026-06-05,2026-07-04,2026-07-04,76,76,已交付,0
O001654,C038,M005,2026-03-29,2026-04-15,2026-04-17,28,28,已交付,2
O001655,C060,M001,2026-06-08,2026-07-11,2026-07-12,71,71,已交付,1
O001656,C021,M001,2026-04-06,2026-04-28,2026-04-30,29,29,已交付,2
O001657,C047,M001,2026-04-16,2026-05-18,2026-05-23,55,55,延期交付,5
O001658,C033,M001,2026-05-04,2026-06-03,2026-06-08,10,10,延期交付,5
O001659,C014,M001,2026-03-27,2026-04-15,2026-04-15,15,15,已交付,0
O001660,C054,M008,2026-03-03,2026-04-06,2026-04-09,69,69,已交付,3
O001661,C015,M007,2026-05-12,2026-06-08,2026-06-16,80,80,延期交付,8
O001662,C005,M003,2026-06-27,2026-07-24,,94,52,生产中,
O001663,C021,M008,2026-05-19,2026-06-16,2026-06-18,68,68,已交付,2
O001664,C005,M005,2026-03-07,2026-04-03,2026-04-03,72,72,已交付,0
O001665,C059,M004,2026-04-02,2026-04-16,2026-04-17,66,66,已交付,1
O001666,C029,M002,2026-01-20,2026-02-19,2026-02-24,63,63,延期交付,5
O001667,C045,M002,2026-05-10,2026-06-05,2026-06-05,40,40,已交付,0
O001668,C030,M008,2026-01-24,2026-02-06,2026-02-07,37,37,已交付,1
O001669,C059,M001,2026-04-03,2026-04-27,2026-04-27,71,71,已交付,0
O001670,C060,M007,2026-05-18,2026-06-02,2026-06-02,59,59,已交付,0
O001671,C054,M002,2026-02-19,2026-03-14,2026-03-14,18,18,已交付,0
O001672,C037,M005,2026-06-16,2026-07-16,2026-07-16,56,56,已交付,0
O001673,C053,M001,2026-03-15,2026-04-04,2026-04-04,8,8,已交付,0
O001674,C025,M003,2026-05-31,2026-06-18,2026-06-25,37,37,延期交付,7
O001675,C013,M004,2026-04-26,2026-05-21,2026-05-22,66,66,已交付,1
O001676,C045,M005,2026-01-31,2026-02-20,2026-02-20,9,9,已交付,0
O001677,C018,M002,2026-06-03,2026-06-27,2026-06-27,10,10,已交付,0
O001678,C044,M002,2026-06-22,2026-07-05,2026-07-05,43,43,已交付,0
O001679,C008,M001,2026-02-23,2026-03-09,2026-03-09,72,72,已交付,0
O001680,C053,M003,2026-02-09,2026-03-10,2026-03-10,33,33,已交付,0
O001681,C010,M006,2026-04-18,2026-05-18,2026-05-18,32,32,已交付,0
O001682,C042,M001,2026-02-06,2026-02-24,2026-02-24,77,77,已交付,0
O001683,C014,M004,2026-06-30,2026-07-27,,15,5,生产中,
O001684,C033,M007,2026-02-07,2026-03-07,2026-03-07,23,23,已交付,0
O001685,C013,M004,2026-02-07,2026-03-05,2026-03-13,38,38,延期交付,8
O001686,C020,M002,2026-02-28,2026-04-03,2026-04-03,28,28,已交付,0
O001687,C019,M004,2026-05-31,2026-06-21,2026-06-21,38,38,已交付,0
O001688,C005,M001,2026-05-16,2026-05-30,2026-05-30,65,65,已交付,0
O001689,C056,M001,2026-06-30,2026-07-21,,52,24,生产中,
O001690,C022,M008,2026-01-04,2026-02-04,2026-02-06,56,56,已交付,2
O001691,C038,M001,2026-05-08,2026-06-03,2026-06-05,52,52,已交付,2
O001692,C012,M003,2026-03-11,2026-04-13,2026-04-13,75,75,已交付,0
O001693,C033,M002,2026-01-13,2026-02-13,2026-02-15,45,45,已交付,2
O001694,C038,M007,2026-06-13,2026-07-03,2026-07-06,37,37,已交付,3
O001695,C007,M001,2026-02-05,2026-03-08,2026-03-08,20,20,已交付,0
O001696,C010,M008,2026-05-28,2026-06-13,2026-06-13,11,11,已交付,0
O001697,C046,M007,2026-06-01,2026-06-25,2026-07-03,27,27,延期交付,8
O001698,C037,M003,2026-02-12,2026-03-03,2026-03-03,11,11,已交付,0
O001699,C047,M008,2026-03-30,2026-04-13,2026-04-14,15,15,已交付,1
O001700,C047,M002,2026-02-12,2026-03-06,2026-03-06,72,72,已交付,0
O001701,C022,M005,2026-06-13,2026-07-02,2026-07-03,68,68,已交付,1
O001702,C008,M006,2026-06-13,2026-07-17,2026-07-17,17,17,已交付,0
O001703,C056,M002,2026-02-17,2026-03-01,2026-03-01,62,62,已交付,0
O001704,C005,M005,2026-02-01,2026-02-22,2026-02-23,76,76,已交付,1
O001705,C031,M001,2026-05-14,2026-06-08,2026-06-08,25,25,已交付,0
O001706,C012,M006,2026-02-24,2026-03-17,2026-03-17,13,13,已交付,0
O001707,C015,M004,2026-05-30,2026-06-14,2026-06-14,44,44,已交付,0
O001708,C053,M001,2026-05-13,2026-05-29,2026-05-31,55,55,已交付,2
O001709,C049,M007,2026-06-16,2026-07-10,2026-07-10,70,70,已交付,0
O001710,C050,M002,2026-02-20,2026-03-09,2026-03-10,18,18,已交付,1
O001711,C007,M004,2026-01-26,2026-02-23,2026-02-24,67,67,已交付,1
O001712,C005,M008,2026-02-13,2026-03-11,2026-03-11,11,11,已交付,0
O001713,C041,M001,2026-06-30,2026-07-16,2026-07-17,50,50,已交付,1
O001714,C026,M007,2026-04-29,2026-05-12,2026-05-14,40,40,已交付,2
O001715,C010,M002,2026-03-12,2026-04-05,2026-04-06,71,71,已交付,1
O001716,C038,M007,2026-01-11,2026-02-11,2026-02-11,42,42,已交付,0
O001717,C038,M004,2026-01-24,2026-02-14,2026-02-19,66,66,延期交付,5
O001718,C029,M003,2026-04-07,2026-05-11,2026-05-12,70,70,已交付,1
O001719,C012,M004,2026-01-19,2026-02-05,2026-02-05,23,23,已交付,0
O001720,C048,M001,2026-01-29,2026-02-20,2026-02-20,20,20,已交付,0
O001721,C029,M007,2026-01-12,2026-02-05,2026-02-06,70,70,已交付,1
O001722,C048,M005,2026-05-05,2026-05-31,2026-05-31,36,36,已交付,0
O001723,C005,M007,2026-02-20,2026-03-19,2026-03-22,32,32,已交付,3
O001724,C049,M003,2026-02-23,2026-03-27,2026-03-27,34,34,已交付,0
O001725,C018,M007,2026-01-29,2026-02-21,2026-02-21,62,62,已交付,0
O001726,C041,M002,2026-04-12,2026-05-15,2026-05-17,75,75,已交付,2
O001727,C057,M004,2026-04-17,2026-05-15,2026-05-15,75,75,已交付,0
O001728,C005,M005,2026-05-17,2026-06-08,2026-06-08,26,26,已交付,0
O001729,C030,M002,2026-01-10,2026-02-04,2026-02-05,14,14,已交付,1
O001730,C047,M004,2026-03-28,2026-04-22,2026-04-22,25,25,已交付,0
O001731,C033,M001,2026-06-11,2026-07-07,2026-07-10,22,22,已交付,3
O001732,C057,M005,2026-01-12,2026-01-26,2026-01-28,39,39,已交付,2
O001733,C044,M005,2026-05-04,2026-05-21,2026-05-21,32,32,已交付,0
O001734,C054,M005,2026-01-24,2026-02-18,2026-02-18,20,20,已交付,0
O001735,C028,M007,2026-06-09,2026-07-08,2026-07-09,67,67,已交付,1
O001736,C053,M001,2026-06-27,2026-07-16,2026-07-16,62,62,已交付,0
O001737,C013,M004,2026-01-23,2026-02-08,2026-02-11,29,29,已交付,3
O001738,C022,M006,2026-03-01,2026-04-03,2026-04-04,75,75,已交付,1
O001739,C043,M007,2026-06-25,2026-07-25,,14,10,生产中,
O001740,C007,M004,2026-04-04,2026-05-05,2026-05-05,77,77,已交付,0
O001741,C028,M002,2026-06-04,2026-06-21,2026-06-22,77,77,已交付,1
O001742,C060,M003,2026-06-03,2026-07-05,2026-07-13,35,35,延期交付,8
O001743,C003,M001,2026-02-07,2026-02-19,2026-02-20,55,55,已交付,1
O001744,C054,M005,2026-03-20,2026-04-20,2026-04-21,79,79,已交付,1
O001745,C041,M006,2026-01-05,2026-01-31,2026-01-31,9,9,已交付,0
O001746,C025,M003,2026-06-24,2026-07-28,,74,25,生产中,
O001747,C042,M003,2026-05-14,2026-05-28,2026-05-28,69,69,已交付,0
O001748,C048,M006,2026-05-05,2026-06-07,2026-06-07,10,10,已交付,0
O001749,C024,M002,2026-04-16,2026-04-30,2026-05-01,18,18,已交付,1
O001750,C056,M005,2026-01-23,2026-02-26,2026-03-03,35,35,延期交付,5
O001751,C005,M001,2026-05-15,2026-06-01,2026-06-01,49,49,已交付,0
O001752,C059,M007,2026-06-05,2026-06-25,2026-06-25,27,27,已交付,0
O001753,C054,M004,2026-04-14,2026-05-03,2026-05-06,30,30,已交付,3
O001754,C025,M002,2026-06-28,2026-07-19,2026-07-19,51,51,已交付,0
O001755,C024,M002,2026-05-01,2026-05-29,2026-05-29,74,74,已交付,0
O001756,C025,M004,2026-02-27,2026-03-11,2026-03-14,15,15,已交付,3
O001757,C054,M001,2026-05-08,2026-05-24,2026-05-25,57,57,已交付,1
O001758,C034,M004,2026-03-01,2026-04-02,2026-04-02,58,58,已交付,0
O001759,C027,M002,2026-06-17,2026-06-29,2026-06-29,33,33,已交付,0
O001760,C039,M002,2026-04-02,2026-04-25,2026-04-25,29,29,已交付,0
O001761,C014,M005,2026-03-24,2026-04-20,2026-04-20,45,45,已交付,0
O001762,C015,M002,2026-01-10,2026-01-25,2026-01-30,75,75,延期交付,5
O001763,C035,M007,2026-06-17,2026-06-29,2026-07-02,27,27,已交付,3
O001764,C041,M002,2026-01-30,2026-02-24,2026-02-24,13,13,已交付,0
O001765,C057,M003,2026-01-21,2026-02-16,2026-02-16,34,34,已交付,0
O001766,C055,M003,2026-01-21,2026-02-06,2026-02-06,55,55,已交付,0
O001767,C055,M003,2026-01-04,2026-01-22,2026-01-27,72,72,延期交付,5
O001768,C005,M004,2026-04-07,2026-05-09,2026-05-10,20,20,已交付,1
O001769,C060,M006,2026-06-08,2026-07-04,2026-07-04,17,17,已交付,0
O001770,C059,M006,2026-04-05,2026-04-24,2026-04-26,15,15,已交付,2
O001771,C005,M003,2026-03-29,2026-04-13,2026-04-14,78,78,已交付,1
O001772,C029,M001,2026-01-20,2026-02-20,2026-02-21,49,49,已交付,1
O001773,C023,M005,2026-04-19,2026-05-18,2026-05-19,50,50,已交付,1
O001774,C005,M001,2026-04-19,2026-05-05,2026-05-05,15,15,已交付,0
O001775,C005,M005,2026-05-01,2026-05-17,2026-05-17,67,67,已交付,0
O001776,C054,M005,2026-04-29,2026-05-31,2026-05-31,11,11,已交付,0
O001777,C039,M005,2026-03-31,2026-04-19,2026-04-19,17,17,已交付,0
O001778,C014,M006,2026-03-23,2026-04-25,2026-04-25,57,57,已交付,0
O001779,C019,M002,2026-02-28,2026-03-26,2026-03-28,18,18,已交付,2
O001780,C036,M003,2026-06-28,2026-07-23,,40,19,生产中,
O001781,C041,M002,2026-06-20,2026-07-18,2026-07-18,21,21,已交付,0
O001782,C022,M003,2026-03-11,2026-04-10,2026-04-10,33,33,已交付,0
O001783,C055,M007,2026-05-07,2026-05-30,2026-06-04,65,65,延期交付,5
O001784,C032,M006,2026-05-08,2026-06-01,2026-06-02,51,51,已交付,1
O001785,C033,M004,2026-02-25,2026-03-30,2026-04-01,9,9,已交付,2
O001786,C011,M003,2026-02-02,2026-02-25,2026-02-25,35,35,已交付,0
O001787,C024,M008,2026-02-27,2026-03-11,2026-03-11,44,44,已交付,0
O001788,C012,M001,2026-05-04,2026-06-01,2026-06-02,27,27,已交付,1
O001789,C043,M005,2026-01-27,2026-02-21,2026-02-22,55,55,已交付,1
O001790,C023,M005,2026-02-08,2026-03-13,2026-03-13,51,51,已交付,0
O001791,C056,M003,2026-04-13,2026-04-28,2026-04-30,68,68,已交付,2
O001792,C013,M004,2026-04-19,2026-05-06,2026-05-11,52,52,延期交付,5
O001793,C050,M004,2026-06-25,2026-07-14,2026-07-15,45,45,已交付,1
O001794,C024,M002,2026-01-18,2026-02-10,2026-02-12,41,41,已交付,2
O001795,C023,M001,2026-01-14,2026-02-01,2026-02-01,8,8,已交付,0
O001796,C041,M005,2026-05-06,2026-06-07,2026-06-07,25,25,已交付,0
O001797,C035,M005,2026-05-14,2026-05-30,2026-05-30,49,49,已交付,0
O001798,C040,M001,2026-03-13,2026-03-28,2026-03-28,22,22,已交付,0
O001799,C060,M001,2026-05-15,2026-06-11,2026-06-13,78,78,已交付,2
O001800,C057,M007,2026-01-11,2026-01-23,2026-01-23,33,33,已交付,0
O001801,C017,M005,2026-01-16,2026-02-09,2026-02-17,10,10,延期交付,8
O001802,C005,M006,2026-04-12,2026-05-12,2026-05-12,14,14,已交付,0
O001803,C032,M007,2026-05-17,2026-06-15,2026-06-15,57,57,已交付,0
O001804,C057,M005,2026-01-14,2026-02-03,2026-02-04,77,77,已交付,1
O001805,C031,M005,2026-01-18,2026-02-07,2026-02-07,11,11,已交付,0
O001806,C014,M006,2026-06-27,2026-07-18,,79,32,生产中,
O001807,C056,M007,2026-05-17,2026-05-29,2026-05-29,75,75,已交付,0
O001808,C007,M001,2026-02-13,2026-02-25,2026-02-25,20,20,已交付,0
O001809,C006,M007,2026-02-21,2026-03-18,2026-03-19,59,59,已交付,1
O001810,C013,M001,2026-03-21,2026-04-10,2026-04-11,24,24,已交付,1
O001811,C051,M002,2026-06-06,2026-06-19,2026-06-19,47,47,已交付,0
O001812,C005,M003,2026-04-29,2026-05-16,2026-05-19,31,31,已交付,3
O001813,C001,M002,2026-03-23,2026-04-05,2026-04-05,17,17,已交付,0
O001814,C055,M004,2026-05-27,2026-06-23,2026-06-23,18,18,已交付,0
O001815,C050,M003,2026-04-28,2026-05-23,2026-05-25,75,75,已交付,2
O001816,C035,M005,2026-03-20,2026-04-17,2026-04-19,55,55,已交付,2
O001817,C058,M005,2026-06-18,2026-07-07,2026-07-08,11,11,已交付,1
O001818,C029,M003,2026-03-08,2026-04-05,2026-04-05,18,18,已交付,0
O001819,C039,M003,2026-05-22,2026-06-05,2026-06-14,34,34,延期交付,9
O001820,C025,M003,2026-02-13,2026-03-05,2026-03-05,39,39,已交付,0
O001821,C042,M008,2026-02-23,2026-03-13,2026-03-13,27,27,已交付,0
O001822,C056,M002,2026-03-10,2026-03-31,2026-03-31,25,25,已交付,0
O001823,C001,M004,2026-01-06,2026-01-27,2026-01-28,66,66,已交付,1
O001824,C026,M001,2026-06-20,2026-07-23,,15,4,生产中,
O001825,C048,M003,2026-04-04,2026-05-04,2026-05-05,41,41,已交付,1
O001826,C008,M005,2026-04-23,2026-05-27,2026-05-29,17,17,已交付,2
O001827,C017,M003,2026-01-21,2026-02-12,2026-02-12,32,32,已交付,0
O001828,C044,M001,2026-02-13,2026-02-28,2026-02-28,71,71,已交付,0
O001829,C005,M003,2026-04-05,2026-05-06,2026-05-06,31,31,已交付,0
O001830,C021,M004,2026-04-17,2026-05-18,2026-05-19,8,8,已交付,1
O001831,C005,M001,2026-02-17,2026-03-04,2026-03-04,79,79,已交付,0
O001832,C032,M005,2026-05-02,2026-05-16,2026-05-21,18,18,延期交付,5
O001833,C041,M007,2026-01-04,2026-01-16,2026-01-17,76,76,已交付,1
O001834,C034,M004,2026-01-14,2026-02-06,2026-02-07,64,64,已交付,1
O001835,C035,M007,2026-06-29,2026-07-31,,36,22,生产中,
O001836,C049,M003,2026-04-11,2026-04-26,2026-04-26,58,58,已交付,0
O001837,C042,M001,2026-01-15,2026-02-07,2026-02-08,20,20,已交付,1
O001838,C025,M007,2026-04-05,2026-04-20,2026-04-21,73,73,已交付,1
O001839,C016,M001,2026-02-11,2026-03-02,2026-03-02,64,64,已交付,0
O001840,C047,M008,2026-06-07,2026-06-26,2026-07-04,34,34,延期交付,8
O001841,C054,M006,2026-01-11,2026-02-05,2026-02-06,63,63,已交付,1
O001842,C004,M005,2026-05-26,2026-06-24,2026-06-24,77,77,已交付,0
O001843,C051,M008,2026-02-22,2026-03-17,2026-03-18,62,62,已交付,1
O001844,C027,M002,2026-02-13,2026-03-04,2026-03-05,53,53,已交付,1
O001845,C020,M007,2026-06-19,2026-07-18,2026-07-18,80,80,已交付,0
O001846,C023,M008,2026-04-01,2026-04-14,2026-04-14,51,51,已交付,0
O001847,C043,M005,2026-03-28,2026-04-15,2026-04-15,36,36,已交付,0
O001848,C037,M003,2026-01-29,2026-02-26,2026-02-26,32,32,已交付,0
O001849,C043,M001,2026-04-05,2026-05-02,2026-05-04,74,74,已交付,2
O001850,C015,M006,2026-04-03,2026-05-03,2026-05-03,33,33,已交付,0
