defect_id,defect_date,line_id,model_id,process,defect_type,defect_count,severity,rework_status
D000001,2026-01-01,L001,M002,总装,内饰装配偏差,4,低,已返修
D000002,2026-01-01,L001,M002,总装,线束松动,3,低,已返修
D000003,2026-01-01,L002,M004,焊装,焊缝气孔,3,低,已返修
D000004,2026-01-01,L002,M004,焊装,零件错位,4,中,已返修
D000005,2026-01-01,L003,M004,总装,线束松动,3,高,返修中
D000006,2026-01-01,L003,M004,总装,线束松动,2,中,返修中
D000007,2026-01-01,L004,M002,涂装,颗粒点,3,低,已返修
D000008,2026-01-01,L004,M001,涂装,色差,3,高,已返修
D000009,2026-01-01,L005,M006,总装,内饰装配偏差,2,中,已返修
D000010,2026-01-01,L005,M006,总装,线束松动,2,低,返修中
D000011,2026-01-01,L006,M006,焊装,零件错位,1,中,已返修
D000012,2026-01-01,L006,M005,焊装,零件错位,2,高,已返修
D000013,2026-01-01,L007,M008,总装,螺栓扭矩不足,1,低,已返修
D000014,2026-01-01,L007,M008,总装,螺栓扭矩不足,1,中,返修中
D000015,2026-01-01,L008,M006,检测,电控报警,4,低,已返修
D000016,2026-01-01,L008,M006,检测,制动检测异常,3,低,已返修
D000017,2026-01-02,L001,M002,总装,线束松动,1,中,已返修
D000018,2026-01-02,L001,M001,总装,内饰装配偏差,2,低,已返修
D000019,2026-01-02,L002,M004,焊装,零件错位,2,高,已返修
D000020,2026-01-02,L002,M004,焊装,焊缝气孔,2,低,已返修
D000021,2026-01-02,L003,M004,总装,螺栓扭矩不足,1,中,待确认
D000022,2026-01-02,L003,M003,总装,内饰装配偏差,2,低,已返修
D000023,2026-01-02,L004,M002,涂装,颗粒点,2,低,已返修
D000024,2026-01-02,L004,M002,涂装,色差,4,低,已返修
D000025,2026-01-02,L005,M005,总装,线束松动,1,中,返修中
D000026,2026-01-02,L005,M006,总装,内饰装配偏差,1,低,返修中
D000027,2026-01-02,L006,M005,焊装,焊缝气孔,2,低,已返修
D000028,2026-01-02,L006,M005,焊装,焊点虚焊,3,低,已返修
D000029,2026-01-02,L007,M007,总装,内饰装配偏差,1,中,已返修
D000030,2026-01-02,L007,M008,总装,螺栓扭矩不足,4,低,已返修
D000031,2026-01-02,L008,M003,检测,密封性异常,3,中,已返修
D000032,2026-01-02,L008,M008,检测,密封性异常,1,低,已返修
D000033,2026-01-03,L001,M002,总装,内饰装配偏差,1,低,已返修
D000034,2026-01-03,L001,M002,总装,线束松动,2,低,已返修
D000035,2026-01-03,L002,M004,焊装,零件错位,2,低,已返修
D000036,2026-01-03,L002,M004,焊装,焊点虚焊,1,低,已返修
D000037,2026-01-03,L003,M004,总装,螺栓扭矩不足,2,中,已返修
D000038,2026-01-03,L003,M004,总装,螺栓扭矩不足,1,中,已返修
D000039,2026-01-03,L004,M002,涂装,色差,1,中,已返修
D000040,2026-01-03,L004,M001,涂装,色差,2,低,返修中
D000041,2026-01-03,L005,M006,总装,内饰装配偏差,3,低,返修中
D000042,2026-01-03,L005,M006,总装,线束松动,1,低,已返修
D000043,2026-01-03,L006,M005,焊装,零件错位,3,低,已返修
D000044,2026-01-03,L006,M006,焊装,零件错位,1,高,已返修
D000045,2026-01-03,L007,M007,总装,螺栓扭矩不足,1,低,已返修
D000046,2026-01-03,L007,M007,总装,内饰装配偏差,2,低,已返修
D000047,2026-01-03,L008,M005,检测,电控报警,2,中,返修中
D000048,2026-01-03,L008,M002,检测,电控报警,1,低,已返修
D000049,2026-01-04,L001,M002,总装,螺栓扭矩不足,1,低,已返修
D000050,2026-01-04,L001,M001,总装,内饰装配偏差,3,高,已返修
D000051,2026-01-04,L002,M004,焊装,焊点虚焊,3,低,已返修
D000052,2026-01-04,L002,M004,焊装,焊点虚焊,3,低,已返修
D000053,2026-01-04,L003,M003,总装,螺栓扭矩不足,3,中,已返修
D000054,2026-01-04,L003,M003,总装,内饰装配偏差,1,中,已返修
D000055,2026-01-04,L003,M003,总装,线束松动,2,中,已返修
D000056,2026-01-04,L004,M002,涂装,色差,1,中,返修中
D000057,2026-01-04,L004,M002,涂装,色差,3,中,已返修
D000058,2026-01-04,L005,M005,总装,螺栓扭矩不足,2,低,已返修
D000059,2026-01-04,L005,M006,总装,内饰装配偏差,1,中,已返修
D000060,2026-01-04,L006,M005,焊装,焊缝气孔,2,中,已返修
D000061,2026-01-04,L006,M005,焊装,零件错位,1,低,返修中
D000062,2026-01-04,L007,M008,总装,内饰装配偏差,1,低,已返修
D000063,2026-01-04,L007,M007,总装,螺栓扭矩不足,1,中,已返修
D000064,2026-01-04,L008,M003,检测,密封性异常,2,高,返修中
D000065,2026-01-04,L008,M006,检测,密封性异常,3,低,已返修
D000066,2026-01-05,L001,M002,总装,螺栓扭矩不足,3,中,已返修
D000067,2026-01-05,L001,M002,总装,螺栓扭矩不足,3,低,已返修
D000068,2026-01-05,L002,M003,焊装,焊缝气孔,4,中,已返修
D000069,2026-01-05,L002,M003,焊装,零件错位,3,低,返修中
D000070,2026-01-05,L003,M003,总装,线束松动,3,中,已返修
D000071,2026-01-05,L003,M003,总装,线束松动,2,低,已返修
D000072,2026-01-05,L004,M001,涂装,色差,2,高,已返修
D000073,2026-01-05,L004,M001,涂装,颗粒点,1,中,已返修
D000074,2026-01-05,L005,M006,总装,内饰装配偏差,2,低,已返修
D000075,2026-01-05,L005,M006,总装,内饰装配偏差,1,低,待确认
D000076,2026-01-05,L006,M006,焊装,焊点虚焊,1,低,已返修
D000077,2026-01-05,L006,M006,焊装,焊缝气孔,3,中,已返修
D000078,2026-01-05,L007,M007,总装,螺栓扭矩不足,1,低,已返修
D000079,2026-01-05,L007,M008,总装,螺栓扭矩不足,3,低,已返修
D000080,2026-01-05,L008,M006,检测,密封性异常,2,低,返修中
D000081,2026-01-05,L008,M004,检测,制动检测异常,3,低,已返修
D000082,2026-01-06,L001,M001,总装,线束松动,2,低,已返修
D000083,2026-01-06,L001,M002,总装,内饰装配偏差,2,低,已返修
D000084,2026-01-06,L002,M003,焊装,焊缝气孔,4,中,已返修
D000085,2026-01-06,L002,M004,焊装,零件错位,3,中,已返修
D000086,2026-01-06,L002,M004,焊装,焊点虚焊,1,中,已返修
D000087,2026-01-06,L003,M004,总装,内饰装配偏差,2,低,返修中
D000088,2026-01-06,L003,M003,总装,螺栓扭矩不足,1,高,已返修
D000089,2026-01-06,L004,M002,涂装,颗粒点,2,中,返修中
D000090,2026-01-06,L004,M002,涂装,色差,2,中,已返修
D000091,2026-01-06,L005,M005,总装,螺栓扭矩不足,2,低,已返修
D000092,2026-01-06,L005,M006,总装,内饰装配偏差,4,高,已返修
D000093,2026-01-06,L006,M005,焊装,焊缝气孔,2,低,返修中
D000094,2026-01-06,L006,M005,焊装,焊缝气孔,3,低,已返修
D000095,2026-01-06,L007,M008,总装,内饰装配偏差,1,低,已返修
D000096,2026-01-06,L007,M008,总装,线束松动,1,中,已返修
D000097,2026-01-06,L008,M006,检测,密封性异常,1,低,已返修
D000098,2026-01-06,L008,M007,检测,制动检测异常,4,低,返修中
D000099,2026-01-07,L001,M001,总装,螺栓扭矩不足,3,中,返修中
D000100,2026-01-07,L001,M001,总装,线束松动,3,低,已返修
D000101,2026-01-07,L002,M003,焊装,焊点虚焊,3,低,已返修
D000102,2026-01-07,L002,M003,焊装,焊缝气孔,3,低,已返修
D000103,2026-01-07,L003,M003,总装,线束松动,3,低,已返修
D000104,2026-01-07,L003,M004,总装,线束松动,1,低,返修中
D000105,2026-01-07,L004,M002,涂装,颗粒点,2,低,返修中
D000106,2026-01-07,L004,M001,涂装,色差,1,高,待确认
D000107,2026-01-07,L005,M005,总装,内饰装配偏差,2,低,待确认
D000108,2026-01-07,L005,M006,总装,线束松动,2,中,已返修
D000109,2026-01-07,L006,M005,焊装,焊缝气孔,1,中,已返修
D000110,2026-01-07,L006,M005,焊装,焊点虚焊,2,低,已返修
D000111,2026-01-07,L007,M008,总装,线束松动,3,中,待确认
D000112,2026-01-07,L007,M008,总装,内饰装配偏差,1,中,已返修
D000113,2026-01-07,L007,M007,总装,螺栓扭矩不足,3,低,已返修
D000114,2026-01-07,L008,M007,检测,电控报警,2,低,已返修
D000115,2026-01-07,L008,M008,检测,电控报警,3,低,待确认
D000116,2026-01-08,L001,M002,总装,螺栓扭矩不足,3,中,待确认
D000117,2026-01-08,L001,M001,总装,线束松动,1,低,已返修
D000118,2026-01-08,L002,M003,焊装,焊点虚焊,2,中,待确认
D000119,2026-01-08,L002,M003,焊装,焊缝气孔,2,中,返修中
D000120,2026-01-08,L003,M004,总装,内饰装配偏差,2,低,已返修
D000121,2026-01-08,L003,M004,总装,螺栓扭矩不足,3,低,已返修
D000122,2026-01-08,L004,M002,涂装,漆面流挂,2,高,已返修
D000123,2026-01-08,L004,M002,涂装,漆面流挂,1,高,已返修
D000124,2026-01-08,L005,M005,总装,内饰装配偏差,1,低,已返修
D000125,2026-01-08,L005,M006,总装,螺栓扭矩不足,1,中,已返修
D000126,2026-01-08,L006,M006,焊装,焊点虚焊,3,低,已返修
D000127,2026-01-08,L006,M006,焊装,焊缝气孔,2,高,已返修
D000128,2026-01-08,L007,M008,总装,螺栓扭矩不足,3,低,已返修
D000129,2026-01-08,L007,M008,总装,螺栓扭矩不足,3,中,已返修
D000130,2026-01-08,L008,M002,检测,电控报警,2,低,已返修
D000131,2026-01-08,L008,M007,检测,密封性异常,4,中,已返修
D000132,2026-01-09,L001,M001,总装,螺栓扭矩不足,1,中,已返修
D000133,2026-01-09,L001,M002,总装,内饰装配偏差,3,中,返修中
D000134,2026-01-09,L002,M004,焊装,焊缝气孔,2,低,返修中
D000135,2026-01-09,L002,M003,焊装,零件错位,2,低,已返修
D000136,2026-01-09,L003,M003,总装,螺栓扭矩不足,2,低,已返修
D000137,2026-01-09,L003,M004,总装,内饰装配偏差,3,低,已返修
D000138,2026-01-09,L004,M002,涂装,漆面流挂,3,低,已返修
D000139,2026-01-09,L004,M002,涂装,漆面流挂,2,中,待确认
D000140,2026-01-09,L005,M005,总装,内饰装配偏差,1,低,已返修
D000141,2026-01-09,L005,M005,总装,螺栓扭矩不足,2,中,返修中
D000142,2026-01-09,L006,M006,焊装,焊缝气孔,2,低,已返修
D000143,2026-01-09,L006,M006,焊装,焊点虚焊,3,高,已返修
D000144,2026-01-09,L007,M008,总装,线束松动,2,中,已返修
D000145,2026-01-09,L007,M008,总装,螺栓扭矩不足,1,低,已返修
D000146,2026-01-09,L008,M006,检测,制动检测异常,2,低,待确认
D000147,2026-01-09,L008,M008,检测,密封性异常,3,低,已返修
D000148,2026-01-10,L001,M002,总装,线束松动,4,低,已返修
D000149,2026-01-10,L001,M002,总装,线束松动,3,中,已返修
D000150,2026-01-10,L001,M002,总装,内饰装配偏差,1,中,已返修
D000151,2026-01-10,L002,M004,焊装,焊点虚焊,2,低,已返修
D000152,2026-01-10,L002,M004,焊装,零件错位,2,低,已返修
D000153,2026-01-10,L003,M003,总装,螺栓扭矩不足,3,中,已返修
D000154,2026-01-10,L003,M003,总装,线束松动,1,中,已返修
D000155,2026-01-10,L003,M004,总装,线束松动,1,中,返修中
D000156,2026-01-10,L004,M002,涂装,色差,1,中,已返修
D000157,2026-01-10,L004,M001,涂装,颗粒点,1,中,已返修
D000158,2026-01-10,L005,M005,总装,螺栓扭矩不足,1,低,已返修
D000159,2026-01-10,L005,M005,总装,内饰装配偏差,1,中,返修中
D000160,2026-01-10,L006,M005,焊装,零件错位,3,高,已返修
D000161,2026-01-10,L006,M006,焊装,零件错位,3,低,已返修
D000162,2026-01-10,L007,M008,总装,螺栓扭矩不足,1,低,已返修
D000163,2026-01-10,L007,M007,总装,内饰装配偏差,3,低,返修中
D000164,2026-01-10,L008,M003,检测,密封性异常,1,中,已返修
D000165,2026-01-10,L008,M003,检测,电控报警,2,低,返修中
D000166,2026-01-11,L001,M002,总装,内饰装配偏差,3,中,已返修
D000167,2026-01-11,L001,M002,总装,螺栓扭矩不足,1,中,返修中
D000168,2026-01-11,L001,M002,总装,内饰装配偏差,3,中,待确认
D000169,2026-01-11,L002,M003,焊装,焊缝气孔,1,低,已返修
D000170,2026-01-11,L002,M004,焊装,零件错位,1,低,已返修
D000171,2026-01-11,L003,M004,总装,螺栓扭矩不足,1,低,返修中
D000172,2026-01-11,L003,M004,总装,螺栓扭矩不足,2,低,已返修
D000173,2026-01-11,L004,M002,涂装,漆面流挂,2,高,已返修
D000174,2026-01-11,L004,M001,涂装,颗粒点,1,中,已返修
D000175,2026-01-11,L005,M005,总装,螺栓扭矩不足,1,中,已返修
D000176,2026-01-11,L005,M005,总装,线束松动,1,低,已返修
D000177,2026-01-11,L006,M006,焊装,焊点虚焊,2,低,已返修
D000178,2026-01-11,L006,M006,焊装,零件错位,1,低,已返修
D000179,2026-01-11,L007,M007,总装,内饰装配偏差,1,低,已返修
D000180,2026-01-11,L007,M008,总装,线束松动,2,中,已返修
D000181,2026-01-11,L008,M006,检测,电控报警,2,低,已返修
D000182,2026-01-11,L008,M002,检测,制动检测异常,1,中,已返修
D000183,2026-01-12,L001,M001,总装,内饰装配偏差,4,中,已返修
D000184,2026-01-12,L001,M002,总装,线束松动,3,低,已返修
D000185,2026-01-12,L002,M004,焊装,焊缝气孔,2,中,返修中
D000186,2026-01-12,L002,M004,焊装,零件错位,4,低,已返修
D000187,2026-01-12,L003,M004,总装,内饰装配偏差,1,低,已返修
D000188,2026-01-12,L003,M004,总装,螺栓扭矩不足,3,低,已返修
D000189,2026-01-12,L004,M002,涂装,漆面流挂,4,高,已返修
D000190,2026-01-12,L004,M002,涂装,颗粒点,1,低,已返修
D000191,2026-01-12,L005,M005,总装,螺栓扭矩不足,3,低,已返修
D000192,2026-01-12,L005,M006,总装,内饰装配偏差,1,低,已返修
D000193,2026-01-12,L006,M006,焊装,零件错位,1,低,已返修
D000194,2026-01-12,L006,M006,焊装,焊缝气孔,2,低,已返修
D000195,2026-01-12,L007,M008,总装,线束松动,1,低,已返修
D000196,2026-01-12,L007,M007,总装,线束松动,3,中,已返修
D000197,2026-01-12,L008,M003,检测,制动检测异常,2,高,已返修
D000198,2026-01-12,L008,M001,检测,电控报警,3,低,已返修
D000199,2026-01-13,L001,M001,总装,螺栓扭矩不足,1,低,已返修
D000200,2026-01-13,L001,M002,总装,内饰装配偏差,2,低,返修中
D000201,2026-01-13,L002,M003,焊装,焊点虚焊,2,低,已返修
D000202,2026-01-13,L002,M004,焊装,零件错位,2,中,返修中
D000203,2026-01-13,L003,M004,总装,螺栓扭矩不足,1,低,返修中
D000204,2026-01-13,L003,M004,总装,内饰装配偏差,1,低,已返修
D000205,2026-01-13,L004,M002,涂装,色差,2,中,已返修
D000206,2026-01-13,L004,M002,涂装,色差,2,中,已返修
D000207,2026-01-13,L005,M006,总装,螺栓扭矩不足,3,高,待确认
D000208,2026-01-13,L005,M006,总装,线束松动,1,低,已返修
D000209,2026-01-13,L006,M006,焊装,零件错位,1,中,已返修
D000210,2026-01-13,L006,M006,焊装,零件错位,1,低,已返修
D000211,2026-01-13,L007,M008,总装,螺栓扭矩不足,1,低,已返修
D000212,2026-01-13,L007,M007,总装,螺栓扭矩不足,1,低,返修中
D000213,2026-01-13,L008,M006,检测,密封性异常,1,中,已返修
D000214,2026-01-13,L008,M002,检测,电控报警,4,中,已返修
D000215,2026-01-14,L001,M001,总装,内饰装配偏差,1,高,返修中
D000216,2026-01-14,L001,M002,总装,螺栓扭矩不足,4,中,返修中
D000217,2026-01-14,L001,M002,总装,线束松动,1,中,已返修
D000218,2026-01-14,L002,M004,焊装,零件错位,2,低,待确认
D000219,2026-01-14,L002,M003,焊装,焊点虚焊,4,中,待确认
D000220,2026-01-14,L003,M003,总装,螺栓扭矩不足,3,中,已返修
D000221,2026-01-14,L003,M004,总装,内饰装配偏差,2,低,已返修
D000222,2026-01-14,L004,M001,涂装,漆面流挂,3,低,已返修
D000223,2026-01-14,L004,M002,涂装,色差,3,低,已返修
D000224,2026-01-14,L005,M005,总装,线束松动,3,低,返修中
D000225,2026-01-14,L005,M006,总装,螺栓扭矩不足,2,高,已返修
D000226,2026-01-14,L006,M005,焊装,焊点虚焊,1,高,已返修
D000227,2026-01-14,L006,M005,焊装,焊点虚焊,1,低,已返修
D000228,2026-01-14,L007,M007,总装,线束松动,2,低,已返修
D000229,2026-01-14,L007,M008,总装,线束松动,1,低,已返修
D000230,2026-01-14,L008,M001,检测,密封性异常,3,低,返修中
D000231,2026-01-14,L008,M003,检测,制动检测异常,3,低,返修中
D000232,2026-01-15,L001,M001,总装,螺栓扭矩不足,2,中,待确认
D000233,2026-01-15,L001,M002,总装,内饰装配偏差,4,低,已返修
D000234,2026-01-15,L002,M004,焊装,零件错位,3,中,已返修
D000235,2026-01-15,L002,M003,焊装,零件错位,3,高,已返修
D000236,2026-01-15,L003,M004,总装,内饰装配偏差,3,低,已返修
D000237,2026-01-15,L003,M004,总装,螺栓扭矩不足,4,低,已返修
D000238,2026-01-15,L004,M002,涂装,漆面流挂,1,低,已返修
D000239,2026-01-15,L004,M001,涂装,颗粒点,3,中,已返修
D000240,2026-01-15,L005,M005,总装,内饰装配偏差,3,低,已返修
D000241,2026-01-15,L005,M005,总装,内饰装配偏差,1,中,已返修
D000242,2026-01-15,L006,M005,焊装,焊缝气孔,2,低,已返修
D000243,2026-01-15,L006,M005,焊装,焊缝气孔,1,低,已返修
D000244,2026-01-15,L007,M008,总装,线束松动,1,低,已返修
D000245,2026-01-15,L007,M007,总装,螺栓扭矩不足,1,中,返修中
D000246,2026-01-15,L008,M004,检测,电控报警,4,低,已返修
D000247,2026-01-15,L008,M004,检测,电控报警,3,低,已返修
D000248,2026-01-16,L001,M002,总装,螺栓扭矩不足,1,低,已返修
D000249,2026-01-16,L001,M002,总装,线束松动,3,低,已返修
D000250,2026-01-16,L002,M003,焊装,焊点虚焊,2,低,已返修
D000251,2026-01-16,L002,M004,焊装,焊缝气孔,3,低,返修中
D000252,2026-01-16,L003,M003,总装,内饰装配偏差,3,低,已返修
D000253,2026-01-16,L003,M004,总装,螺栓扭矩不足,3,高,已返修
D000254,2026-01-16,L004,M001,涂装,颗粒点,3,低,已返修
D000255,2026-01-16,L004,M002,涂装,漆面流挂,1,低,已返修
D000256,2026-01-16,L005,M005,总装,内饰装配偏差,2,低,已返修
D000257,2026-01-16,L005,M005,总装,螺栓扭矩不足,3,高,已返修
D000258,2026-01-16,L006,M006,焊装,焊缝气孔,1,低,已返修
D000259,2026-01-16,L006,M006,焊装,零件错位,2,低,已返修
D000260,2026-01-16,L007,M007,总装,内饰装配偏差,2,低,已返修
D000261,2026-01-16,L007,M007,总装,螺栓扭矩不足,1,中,已返修
D000262,2026-01-16,L008,M008,检测,制动检测异常,1,中,已返修
D000263,2026-01-16,L008,M003,检测,制动检测异常,3,中,已返修
D000264,2026-01-17,L001,M001,总装,螺栓扭矩不足,2,低,已返修
D000265,2026-01-17,L001,M002,总装,线束松动,2,低,已返修
D000266,2026-01-17,L002,M004,焊装,焊缝气孔,2,中,已返修
D000267,2026-01-17,L002,M003,焊装,焊缝气孔,3,中,已返修
D000268,2026-01-17,L003,M003,总装,线束松动,1,低,已返修
D000269,2026-01-17,L003,M003,总装,内饰装配偏差,1,低,返修中
D000270,2026-01-17,L004,M001,涂装,颗粒点,3,中,已返修
D000271,2026-01-17,L004,M002,涂装,颗粒点,3,中,返修中
D000272,2026-01-17,L005,M005,总装,螺栓扭矩不足,1,高,已返修
D000273,2026-01-17,L005,M005,总装,线束松动,2,低,已返修
D000274,2026-01-17,L006,M005,焊装,焊点虚焊,1,低,待确认
D000275,2026-01-17,L006,M006,焊装,焊缝气孔,2,高,已返修
D000276,2026-01-17,L007,M007,总装,螺栓扭矩不足,2,低,已返修
D000277,2026-01-17,L007,M007,总装,线束松动,2,低,返修中
D000278,2026-01-17,L008,M003,检测,电控报警,3,中,待确认
D000279,2026-01-17,L008,M002,检测,电控报警,3,中,已返修
D000280,2026-01-18,L001,M001,总装,螺栓扭矩不足,3,中,返修中
D000281,2026-01-18,L001,M001,总装,内饰装配偏差,3,中,已返修
D000282,2026-01-18,L002,M003,焊装,焊点虚焊,2,低,已返修
D000283,2026-01-18,L002,M003,焊装,焊点虚焊,2,低,已返修
D000284,2026-01-18,L003,M004,总装,线束松动,3,低,已返修
D000285,2026-01-18,L003,M004,总装,线束松动,2,低,待确认
D000286,2026-01-18,L004,M001,涂装,色差,4,中,已返修
D000287,2026-01-18,L004,M001,涂装,颗粒点,2,高,返修中
D000288,2026-01-18,L005,M006,总装,螺栓扭矩不足,1,高,已返修
D000289,2026-01-18,L005,M006,总装,线束松动,3,中,待确认
D000290,2026-01-18,L006,M006,焊装,焊点虚焊,2,低,返修中
D000291,2026-01-18,L006,M006,焊装,焊点虚焊,3,中,已返修
D000292,2026-01-18,L007,M007,总装,螺栓扭矩不足,3,中,已返修
D000293,2026-01-18,L008,M002,检测,电控报警,2,中,返修中
D000294,2026-01-18,L008,M007,检测,制动检测异常,1,低,返修中
D000295,2026-01-19,L001,M001,总装,内饰装配偏差,3,低,返修中
D000296,2026-01-19,L001,M002,总装,线束松动,4,中,待确认
D000297,2026-01-19,L002,M004,焊装,焊点虚焊,3,低,已返修
D000298,2026-01-19,L002,M003,焊装,焊点虚焊,2,中,已返修
D000299,2026-01-19,L003,M003,总装,螺栓扭矩不足,1,低,已返修
D000300,2026-01-19,L003,M003,总装,螺栓扭矩不足,3,低,已返修
D000301,2026-01-19,L004,M001,涂装,色差,3,低,已返修
D000302,2026-01-19,L004,M001,涂装,颗粒点,3,低,返修中
D000303,2026-01-19,L005,M005,总装,线束松动,2,低,返修中
D000304,2026-01-19,L005,M006,总装,内饰装配偏差,3,低,已返修
D000305,2026-01-19,L005,M006,总装,螺栓扭矩不足,1,中,待确认
D000306,2026-01-19,L006,M005,焊装,焊点虚焊,1,低,待确认
D000307,2026-01-19,L006,M006,焊装,零件错位,3,低,返修中
D000308,2026-01-19,L007,M008,总装,线束松动,1,中,已返修
D000309,2026-01-19,L007,M007,总装,线束松动,1,低,已返修
D000310,2026-01-19,L008,M007,检测,电控报警,1,中,返修中
D000311,2026-01-19,L008,M003,检测,制动检测异常,4,低,已返修
D000312,2026-01-20,L001,M002,总装,线束松动,3,高,已返修
D000313,2026-01-20,L001,M002,总装,螺栓扭矩不足,1,中,已返修
D000314,2026-01-20,L001,M001,总装,内饰装配偏差,4,低,已返修
D000315,2026-01-20,L001,M001,总装,螺栓扭矩不足,1,中,已返修
D000316,2026-01-20,L002,M003,焊装,焊缝气孔,3,低,返修中
D000317,2026-01-20,L002,M003,焊装,焊点虚焊,3,中,已返修
D000318,2026-01-20,L003,M004,总装,螺栓扭矩不足,3,低,已返修
D000319,2026-01-20,L003,M004,总装,内饰装配偏差,1,中,已返修
D000320,2026-01-20,L004,M001,涂装,漆面流挂,1,中,已返修
D000321,2026-01-20,L004,M002,涂装,漆面流挂,3,低,返修中
D000322,2026-01-20,L005,M005,总装,螺栓扭矩不足,2,低,已返修
D000323,2026-01-20,L005,M005,总装,内饰装配偏差,2,中,已返修
D000324,2026-01-20,L006,M005,焊装,焊点虚焊,1,中,已返修
D000325,2026-01-20,L006,M006,焊装,零件错位,1,高,已返修
D000326,2026-01-20,L007,M008,总装,线束松动,2,低,返修中
D000327,2026-01-20,L007,M007,总装,内饰装配偏差,2,中,待确认
D000328,2026-01-20,L008,M005,检测,电控报警,3,高,已返修
D000329,2026-01-20,L008,M005,检测,制动检测异常,1,中,已返修
D000330,2026-01-20,L008,M008,检测,制动检测异常,1,高,返修中
D000331,2026-01-21,L001,M002,总装,线束松动,2,低,已返修
D000332,2026-01-21,L001,M001,总装,线束松动,3,低,已返修
D000333,2026-01-21,L002,M004,焊装,焊缝气孔,2,低,已返修
D000334,2026-01-21,L002,M003,焊装,焊点虚焊,2,中,返修中
D000335,2026-01-21,L003,M004,总装,螺栓扭矩不足,2,低,已返修
D000336,2026-01-21,L003,M003,总装,内饰装配偏差,1,低,已返修
D000337,2026-01-21,L004,M002,涂装,色差,2,低,已返修
D000338,2026-01-21,L004,M002,涂装,色差,3,低,已返修
D000339,2026-01-21,L005,M006,总装,线束松动,2,中,返修中
D000340,2026-01-21,L005,M006,总装,螺栓扭矩不足,2,低,已返修
D000341,2026-01-21,L006,M005,焊装,焊缝气孔,1,中,已返修
D000342,2026-01-21,L006,M006,焊装,焊点虚焊,2,中,返修中
D000343,2026-01-21,L007,M007,总装,内饰装配偏差,2,低,待确认
D000344,2026-01-21,L007,M008,总装,内饰装配偏差,1,低,已返修
D000345,2026-01-21,L008,M005,检测,电控报警,1,低,已返修
D000346,2026-01-21,L008,M007,检测,制动检测异常,2,中,返修中
D000347,2026-01-22,L001,M002,总装,线束松动,3,中,已返修
D000348,2026-01-22,L001,M001,总装,内饰装配偏差,3,低,已返修
D000349,2026-01-22,L002,M003,焊装,焊点虚焊,3,高,已返修
D000350,2026-01-22,L002,M003,焊装,零件错位,1,中,已返修
D000351,2026-01-22,L002,M003,焊装,焊缝气孔,3,低,已返修
D000352,2026-01-22,L003,M004,总装,线束松动,2,中,返修中
D000353,2026-01-22,L003,M003,总装,线束松动,3,低,已返修
D000354,2026-01-22,L004,M002,涂装,漆面流挂,1,低,已返修
D000355,2026-01-22,L004,M002,涂装,颗粒点,1,中,已返修
D000356,2026-01-22,L005,M005,总装,线束松动,1,低,已返修
D000357,2026-01-22,L005,M006,总装,螺栓扭矩不足,1,低,已返修
D000358,2026-01-22,L006,M005,焊装,零件错位,3,低,已返修
D000359,2026-01-22,L006,M006,焊装,焊点虚焊,3,高,已返修
D000360,2026-01-22,L007,M008,总装,螺栓扭矩不足,3,低,已返修
D000361,2026-01-22,L007,M007,总装,螺栓扭矩不足,3,高,已返修
D000362,2026-01-22,L008,M002,检测,电控报警,3,中,待确认
D000363,2026-01-22,L008,M006,检测,密封性异常,2,低,已返修
D000364,2026-01-23,L001,M002,总装,线束松动,2,低,已返修
D000365,2026-01-23,L001,M002,总装,线束松动,3,低,返修中
D000366,2026-01-23,L002,M004,焊装,焊缝气孔,3,高,已返修
D000367,2026-01-23,L002,M003,焊装,焊缝气孔,2,低,已返修
D000368,2026-01-23,L003,M004,总装,内饰装配偏差,2,中,已返修
D000369,2026-01-23,L003,M003,总装,内饰装配偏差,1,中,已返修
D000370,2026-01-23,L004,M001,涂装,漆面流挂,4,低,已返修
D000371,2026-01-23,L004,M001,涂装,漆面流挂,1,中,已返修
D000372,2026-01-23,L005,M006,总装,线束松动,2,低,已返修
D000373,2026-01-23,L005,M005,总装,内饰装配偏差,3,中,待确认
D000374,2026-01-23,L006,M006,焊装,焊缝气孔,1,低,待确认
D000375,2026-01-23,L006,M006,焊装,零件错位,2,高,已返修
D000376,2026-01-23,L007,M008,总装,螺栓扭矩不足,1,低,返修中
D000377,2026-01-23,L007,M008,总装,螺栓扭矩不足,2,中,已返修
D000378,2026-01-23,L008,M002,检测,密封性异常,4,低,返修中
D000379,2026-01-23,L008,M003,检测,电控报警,1,低,已返修
D000380,2026-01-24,L001,M002,总装,线束松动,3,中,待确认
D000381,2026-01-24,L001,M001,总装,内饰装配偏差,2,中,已返修
D000382,2026-01-24,L002,M004,焊装,焊缝气孔,2,高,已返修
D000383,2026-01-24,L002,M004,焊装,零件错位,3,中,已返修
D000384,2026-01-24,L003,M003,总装,螺栓扭矩不足,1,中,已返修
D000385,2026-01-24,L003,M004,总装,螺栓扭矩不足,2,低,已返修
D000386,2026-01-24,L004,M002,涂装,颗粒点,1,低,待确认
D000387,2026-01-24,L004,M001,涂装,颗粒点,4,低,已返修
D000388,2026-01-24,L005,M005,总装,螺栓扭矩不足,1,低,返修中
D000389,2026-01-24,L005,M005,总装,内饰装配偏差,1,低,已返修
D000390,2026-01-24,L006,M005,焊装,零件错位,3,低,返修中
D000391,2026-01-24,L006,M005,焊装,焊点虚焊,3,低,已返修
D000392,2026-01-24,L007,M008,总装,线束松动,3,低,已返修
D000393,2026-01-24,L007,M007,总装,线束松动,1,高,已返修
D000394,2026-01-24,L008,M001,检测,密封性异常,3,低,待确认
D000395,2026-01-24,L008,M007,检测,密封性异常,2,低,返修中
D000396,2026-01-25,L001,M001,总装,线束松动,4,中,已返修
D000397,2026-01-25,L001,M001,总装,内饰装配偏差,2,低,已返修
D000398,2026-01-25,L002,M004,焊装,焊点虚焊,1,中,返修中
D000399,2026-01-25,L002,M004,焊装,焊缝气孔,1,低,待确认
D000400,2026-01-25,L003,M004,总装,螺栓扭矩不足,3,低,已返修
D000401,2026-01-25,L003,M004,总装,螺栓扭矩不足,2,低,返修中
D000402,2026-01-25,L004,M001,涂装,色差,2,中,返修中
D000403,2026-01-25,L004,M002,涂装,颗粒点,1,中,已返修
D000404,2026-01-25,L005,M006,总装,螺栓扭矩不足,3,低,已返修
D000405,2026-01-25,L005,M006,总装,螺栓扭矩不足,1,中,已返修
D000406,2026-01-25,L006,M005,焊装,零件错位,2,低,已返修
D000407,2026-01-25,L006,M006,焊装,焊点虚焊,3,低,已返修
D000408,2026-01-25,L007,M007,总装,螺栓扭矩不足,1,低,已返修
D000409,2026-01-25,L007,M007,总装,线束松动,2,低,已返修
D000410,2026-01-25,L008,M008,检测,密封性异常,3,低,待确认
D000411,2026-01-25,L008,M003,检测,电控报警,2,中,返修中
D000412,2026-01-26,L001,M002,总装,内饰装配偏差,2,低,返修中
D000413,2026-01-26,L001,M002,总装,线束松动,2,低,已返修
D000414,2026-01-26,L002,M004,焊装,焊点虚焊,1,低,返修中
D000415,2026-01-26,L002,M003,焊装,零件错位,2,低,已返修
D000416,2026-01-26,L003,M004,总装,内饰装配偏差,1,低,已返修
D000417,2026-01-26,L003,M004,总装,螺栓扭矩不足,2,低,已返修
D000418,2026-01-26,L004,M001,涂装,颗粒点,2,中,已返修
D000419,2026-01-26,L004,M002,涂装,颗粒点,1,低,已返修
D000420,2026-01-26,L005,M006,总装,螺栓扭矩不足,1,中,已返修
D000421,2026-01-26,L005,M006,总装,内饰装配偏差,1,高,返修中
D000422,2026-01-26,L006,M006,焊装,零件错位,1,低,已返修
D000423,2026-01-26,L006,M006,焊装,焊缝气孔,1,高,已返修
D000424,2026-01-26,L007,M008,总装,线束松动,2,低,已返修
D000425,2026-01-26,L007,M008,总装,内饰装配偏差,3,低,已返修
D000426,2026-01-26,L008,M001,检测,密封性异常,3,低,已返修
D000427,2026-01-26,L008,M004,检测,密封性异常,3,低,已返修
D000428,2026-01-27,L001,M002,总装,线束松动,4,中,已返修
D000429,2026-01-27,L001,M001,总装,内饰装配偏差,2,高,已返修
D000430,2026-01-27,L002,M004,焊装,焊缝气孔,3,低,返修中
D000431,2026-01-27,L002,M004,焊装,焊点虚焊,3,低,已返修
D000432,2026-01-27,L003,M003,总装,螺栓扭矩不足,1,中,已返修
D000433,2026-01-27,L003,M003,总装,内饰装配偏差,2,低,已返修
D000434,2026-01-27,L004,M002,涂装,色差,1,中,已返修
D000435,2026-01-27,L004,M001,涂装,漆面流挂,1,中,已返修
D000436,2026-01-27,L005,M005,总装,螺栓扭矩不足,1,低,已返修
D000437,2026-01-27,L005,M005,总装,线束松动,2,中,已返修
D000438,2026-01-27,L006,M005,焊装,焊点虚焊,1,低,已返修
D000439,2026-01-27,L006,M006,焊装,焊缝气孔,3,低,返修中
D000440,2026-01-27,L007,M008,总装,螺栓扭矩不足,1,低,已返修
D000441,2026-01-27,L007,M008,总装,线束松动,3,低,返修中
D000442,2026-01-27,L008,M004,检测,密封性异常,3,低,已返修
D000443,2026-01-27,L008,M002,检测,密封性异常,3,低,已返修
D000444,2026-01-28,L001,M002,总装,内饰装配偏差,3,中,已返修
D000445,2026-01-28,L001,M002,总装,线束松动,3,中,已返修
D000446,2026-01-28,L002,M003,焊装,焊缝气孔,2,中,已返修
D000447,2026-01-28,L002,M004,焊装,焊点虚焊,1,中,已返修
D000448,2026-01-28,L003,M004,总装,螺栓扭矩不足,3,低,已返修
D000449,2026-01-28,L003,M003,总装,线束松动,3,中,已返修
D000450,2026-01-28,L003,M003,总装,螺栓扭矩不足,1,中,返修中
D000451,2026-01-28,L004,M001,涂装,漆面流挂,2,高,已返修
D000452,2026-01-28,L004,M002,涂装,色差,3,中,已返修
D000453,2026-01-28,L005,M006,总装,螺栓扭矩不足,1,低,已返修
D000454,2026-01-28,L005,M006,总装,螺栓扭矩不足,1,中,已返修
D000455,2026-01-28,L006,M006,焊装,焊缝气孔,1,高,待确认
D000456,2026-01-28,L006,M006,焊装,焊点虚焊,2,中,返修中
D000457,2026-01-28,L007,M008,总装,线束松动,2,低,返修中
D000458,2026-01-28,L007,M007,总装,螺栓扭矩不足,1,中,已返修
D000459,2026-01-28,L008,M005,检测,制动检测异常,4,低,已返修
D000460,2026-01-28,L008,M002,检测,电控报警,4,低,已返修
D000461,2026-01-29,L001,M001,总装,内饰装配偏差,4,中,已返修
D000462,2026-01-29,L001,M002,总装,线束松动,4,低,已返修
D000463,2026-01-29,L002,M004,焊装,零件错位,2,低,已返修
D000464,2026-01-29,L002,M004,焊装,焊缝气孔,2,低,已返修
D000465,2026-01-29,L003,M004,总装,螺栓扭矩不足,4,高,返修中
D000466,2026-01-29,L003,M003,总装,内饰装配偏差,2,低,已返修
D000467,2026-01-29,L004,M001,涂装,漆面流挂,2,低,待确认
D000468,2026-01-29,L004,M001,涂装,色差,1,高,已返修
D000469,2026-01-29,L005,M006,总装,螺栓扭矩不足,1,高,已返修
D000470,2026-01-29,L005,M006,总装,线束松动,2,高,已返修
D000471,2026-01-29,L006,M005,焊装,焊缝气孔,2,高,已返修
D000472,2026-01-29,L006,M005,焊装,零件错位,3,低,已返修
D000473,2026-01-29,L007,M008,总装,内饰装配偏差,3,中,已返修
D000474,2026-01-29,L007,M008,总装,螺栓扭矩不足,2,中,已返修
D000475,2026-01-29,L008,M007,检测,密封性异常,2,中,待确认
D000476,2026-01-29,L008,M006,检测,制动检测异常,3,低,已返修
D000477,2026-01-30,L001,M001,总装,螺栓扭矩不足,1,中,已返修
D000478,2026-01-30,L001,M001,总装,线束松动,3,低,已返修
D000479,2026-01-30,L002,M004,焊装,零件错位,3,低,已返修
D000480,2026-01-30,L002,M004,焊装,焊点虚焊,3,低,已返修
D000481,2026-01-30,L003,M003,总装,螺栓扭矩不足,2,中,已返修
D000482,2026-01-30,L003,M003,总装,线束松动,3,中,待确认
D000483,2026-01-30,L004,M001,涂装,颗粒点,2,低,返修中
D000484,2026-01-30,L004,M001,涂装,颗粒点,1,低,已返修
D000485,2026-01-30,L005,M005,总装,线束松动,2,低,已返修
D000486,2026-01-30,L005,M006,总装,螺栓扭矩不足,4,低,返修中
D000487,2026-01-30,L006,M006,焊装,焊缝气孔,2,低,已返修
D000488,2026-01-30,L006,M005,焊装,焊点虚焊,1,低,已返修
D000489,2026-01-30,L007,M007,总装,内饰装配偏差,1,低,已返修
D000490,2026-01-30,L007,M008,总装,螺栓扭矩不足,1,中,已返修
D000491,2026-01-30,L008,M005,检测,制动检测异常,3,高,已返修
D000492,2026-01-30,L008,M005,检测,电控报警,1,中,待确认
D000493,2026-01-30,L008,M005,检测,电控报警,2,低,返修中
D000494,2026-01-31,L001,M002,总装,内饰装配偏差,3,中,已返修
D000495,2026-01-31,L001,M001,总装,螺栓扭矩不足,3,中,已返修
D000496,2026-01-31,L002,M003,焊装,焊缝气孔,2,低,返修中
D000497,2026-01-31,L002,M004,焊装,焊缝气孔,1,低,已返修
D000498,2026-01-31,L003,M004,总装,内饰装配偏差,4,中,已返修
D000499,2026-01-31,L003,M004,总装,螺栓扭矩不足,2,低,已返修
D000500,2026-01-31,L004,M001,涂装,颗粒点,2,中,返修中
D000501,2026-01-31,L004,M002,涂装,色差,4,低,返修中
D000502,2026-01-31,L005,M005,总装,螺栓扭矩不足,3,中,返修中
D000503,2026-01-31,L005,M006,总装,线束松动,3,中,已返修
D000504,2026-01-31,L006,M005,焊装,焊点虚焊,2,低,已返修
D000505,2026-01-31,L006,M006,焊装,焊点虚焊,2,低,待确认
D000506,2026-01-31,L007,M007,总装,线束松动,2,低,已返修
D000507,2026-01-31,L007,M007,总装,螺栓扭矩不足,3,低,已返修
D000508,2026-01-31,L008,M007,检测,电控报警,1,低,待确认
D000509,2026-01-31,L008,M006,检测,制动检测异常,1,高,已返修
D000510,2026-02-01,L001,M001,总装,线束松动,3,低,已返修
D000511,2026-02-01,L001,M001,总装,内饰装配偏差,3,低,已返修
D000512,2026-02-01,L002,M003,焊装,焊点虚焊,1,低,已返修
D000513,2026-02-01,L002,M004,焊装,焊缝气孔,2,中,已返修
D000514,2026-02-01,L003,M003,总装,内饰装配偏差,1,低,已返修
D000515,2026-02-01,L003,M003,总装,螺栓扭矩不足,3,低,已返修
D000516,2026-02-01,L004,M002,涂装,漆面流挂,1,中,已返修
D000517,2026-02-01,L004,M002,涂装,色差,1,低,已返修
D000518,2026-02-01,L005,M005,总装,内饰装配偏差,3,低,已返修
D000519,2026-02-01,L005,M005,总装,螺栓扭矩不足,1,中,返修中
D000520,2026-02-01,L006,M006,焊装,零件错位,3,低,已返修
D000521,2026-02-01,L006,M006,焊装,焊点虚焊,1,低,已返修
D000522,2026-02-01,L007,M008,总装,线束松动,1,中,已返修
D000523,2026-02-01,L007,M007,总装,线束松动,1,低,已返修
D000524,2026-02-01,L008,M001,检测,制动检测异常,1,低,返修中
D000525,2026-02-01,L008,M002,检测,密封性异常,2,高,已返修
D000526,2026-02-02,L001,M001,总装,内饰装配偏差,3,低,已返修
D000527,2026-02-02,L001,M001,总装,螺栓扭矩不足,5,低,返修中
D000528,2026-02-02,L002,M003,焊装,零件错位,2,高,待确认
D000529,2026-02-02,L002,M003,焊装,焊缝气孔,1,低,返修中
D000530,2026-02-02,L003,M004,总装,内饰装配偏差,1,低,待确认
D000531,2026-02-02,L003,M004,总装,螺栓扭矩不足,2,高,已返修
D000532,2026-02-02,L004,M002,涂装,颗粒点,2,低,已返修
D000533,2026-02-02,L004,M002,涂装,漆面流挂,2,中,已返修
D000534,2026-02-02,L005,M005,总装,螺栓扭矩不足,3,低,已返修
D000535,2026-02-02,L005,M006,总装,螺栓扭矩不足,2,中,已返修
D000536,2026-02-02,L006,M006,焊装,焊点虚焊,1,低,待确认
D000537,2026-02-02,L006,M005,焊装,零件错位,4,低,返修中
D000538,2026-02-02,L007,M007,总装,内饰装配偏差,1,低,已返修
D000539,2026-02-02,L007,M008,总装,内饰装配偏差,2,中,已返修
D000540,2026-02-02,L008,M007,检测,制动检测异常,1,高,已返修
D000541,2026-02-02,L008,M007,检测,电控报警,3,低,返修中
D000542,2026-02-03,L001,M002,总装,线束松动,3,中,已返修
D000543,2026-02-03,L001,M002,总装,内饰装配偏差,1,中,已返修
D000544,2026-02-03,L001,M001,总装,内饰装配偏差,3,低,返修中
D000545,2026-02-03,L002,M004,焊装,焊缝气孔,3,中,已返修
D000546,2026-02-03,L002,M004,焊装,焊点虚焊,3,低,已返修
D000547,2026-02-03,L003,M003,总装,螺栓扭矩不足,1,低,返修中
D000548,2026-02-03,L003,M003,总装,螺栓扭矩不足,1,中,已返修
D000549,2026-02-03,L004,M002,涂装,颗粒点,2,中,返修中
D000550,2026-02-03,L004,M002,涂装,色差,1,低,已返修
D000551,2026-02-03,L005,M006,总装,螺栓扭矩不足,1,低,返修中
D000552,2026-02-03,L005,M005,总装,内饰装配偏差,2,中,返修中
D000553,2026-02-03,L006,M006,焊装,零件错位,2,中,已返修
D000554,2026-02-03,L006,M005,焊装,焊缝气孔,3,低,返修中
D000555,2026-02-03,L007,M008,总装,内饰装配偏差,2,中,已返修
D000556,2026-02-03,L007,M007,总装,线束松动,2,低,已返修
D000557,2026-02-03,L008,M006,检测,电控报警,1,高,返修中
D000558,2026-02-03,L008,M008,检测,电控报警,2,中,返修中
D000559,2026-02-04,L001,M001,总装,线束松动,4,低,已返修
D000560,2026-02-04,L001,M001,总装,线束松动,4,低,已返修
D000561,2026-02-04,L002,M004,焊装,焊点虚焊,2,高,已返修
D000562,2026-02-04,L002,M004,焊装,焊点虚焊,3,中,已返修
D000563,2026-02-04,L003,M004,总装,螺栓扭矩不足,1,低,已返修
D000564,2026-02-04,L003,M003,总装,内饰装配偏差,1,低,已返修
D000565,2026-02-04,L004,M001,涂装,漆面流挂,3,中,返修中
D000566,2026-02-04,L004,M002,涂装,漆面流挂,2,低,返修中
D000567,2026-02-04,L005,M006,总装,螺栓扭矩不足,1,低,已返修
D000568,2026-02-04,L005,M005,总装,内饰装配偏差,3,中,已返修
D000569,2026-02-04,L006,M005,焊装,焊缝气孔,3,低,已返修
D000570,2026-02-04,L006,M005,焊装,零件错位,2,中,返修中
D000571,2026-02-04,L007,M008,总装,内饰装配偏差,2,高,返修中
D000572,2026-02-04,L007,M008,总装,内饰装配偏差,2,中,待确认
D000573,2026-02-04,L008,M005,检测,制动检测异常,3,中,返修中
D000574,2026-02-04,L008,M003,检测,制动检测异常,1,低,已返修
D000575,2026-02-05,L001,M001,总装,内饰装配偏差,4,低,待确认
D000576,2026-02-05,L001,M001,总装,螺栓扭矩不足,2,低,已返修
D000577,2026-02-05,L002,M003,焊装,焊缝气孔,3,中,已返修
D000578,2026-02-05,L002,M003,焊装,零件错位,2,中,已返修
D000579,2026-02-05,L003,M003,总装,螺栓扭矩不足,2,低,已返修
D000580,2026-02-05,L003,M003,总装,螺栓扭矩不足,2,低,已返修
D000581,2026-02-05,L004,M001,涂装,色差,2,低,待确认
D000582,2026-02-05,L004,M002,涂装,颗粒点,3,低,已返修
D000583,2026-02-05,L005,M005,总装,螺栓扭矩不足,1,中,已返修
D000584,2026-02-05,L005,M006,总装,内饰装配偏差,1,低,待确认
D000585,2026-02-05,L006,M006,焊装,零件错位,1,中,已返修
D000586,2026-02-05,L006,M005,焊装,焊点虚焊,1,中,已返修
D000587,2026-02-05,L007,M007,总装,内饰装配偏差,2,中,已返修
D000588,2026-02-05,L007,M007,总装,内饰装配偏差,1,低,已返修
D000589,2026-02-05,L008,M003,检测,密封性异常,3,中,返修中
D000590,2026-02-05,L008,M001,检测,制动检测异常,2,中,返修中
D000591,2026-02-06,L001,M001,总装,线束松动,1,低,已返修
D000592,2026-02-06,L001,M001,总装,螺栓扭矩不足,2,低,已返修
D000593,2026-02-06,L002,M003,焊装,焊缝气孔,1,低,返修中
D000594,2026-02-06,L002,M003,焊装,焊缝气孔,2,中,已返修
D000595,2026-02-06,L003,M004,总装,螺栓扭矩不足,2,低,返修中
D000596,2026-02-06,L003,M003,总装,螺栓扭矩不足,3,低,已返修
D000597,2026-02-06,L004,M002,涂装,漆面流挂,2,低,返修中
D000598,2026-02-06,L004,M001,涂装,色差,2,低,已返修
D000599,2026-02-06,L005,M005,总装,内饰装配偏差,3,低,已返修
D000600,2026-02-06,L005,M006,总装,内饰装配偏差,1,中,已返修
D000601,2026-02-06,L006,M005,焊装,焊缝气孔,1,低,已返修
D000602,2026-02-06,L006,M006,焊装,焊缝气孔,1,低,已返修
D000603,2026-02-06,L007,M008,总装,内饰装配偏差,1,低,已返修
D000604,2026-02-06,L007,M008,总装,螺栓扭矩不足,1,低,已返修
D000605,2026-02-06,L008,M007,检测,电控报警,2,低,返修中
D000606,2026-02-06,L008,M003,检测,电控报警,2,中,已返修
D000607,2026-02-07,L001,M002,总装,线束松动,3,低,已返修
D000608,2026-02-07,L001,M001,总装,螺栓扭矩不足,3,低,已返修
D000609,2026-02-07,L001,M001,总装,内饰装配偏差,1,中,已返修
D000610,2026-02-07,L002,M003,焊装,焊点虚焊,4,低,已返修
D000611,2026-02-07,L002,M003,焊装,焊缝气孔,4,高,返修中
D000612,2026-02-07,L003,M003,总装,螺栓扭矩不足,2,低,已返修
D000613,2026-02-07,L003,M003,总装,螺栓扭矩不足,2,中,已返修
D000614,2026-02-07,L004,M001,涂装,色差,1,低,已返修
D000615,2026-02-07,L004,M001,涂装,颗粒点,4,中,已返修
D000616,2026-02-07,L005,M006,总装,螺栓扭矩不足,3,低,返修中
D000617,2026-02-07,L005,M005,总装,内饰装配偏差,3,低,已返修
D000618,2026-02-07,L006,M006,焊装,零件错位,2,低,待确认
D000619,2026-02-07,L006,M005,焊装,零件错位,3,低,已返修
D000620,2026-02-07,L007,M008,总装,线束松动,1,低,已返修
D000621,2026-02-07,L007,M008,总装,线束松动,1,低,返修中
D000622,2026-02-07,L008,M003,检测,制动检测异常,3,低,已返修
D000623,2026-02-07,L008,M005,检测,制动检测异常,2,低,已返修
D000624,2026-02-08,L001,M002,总装,内饰装配偏差,2,低,已返修
D000625,2026-02-08,L001,M002,总装,螺栓扭矩不足,2,低,已返修
D000626,2026-02-08,L002,M004,焊装,零件错位,1,中,已返修
D000627,2026-02-08,L002,M004,焊装,焊缝气孔,3,中,返修中
D000628,2026-02-08,L003,M003,总装,内饰装配偏差,2,低,已返修
D000629,2026-02-08,L003,M004,总装,内饰装配偏差,1,低,已返修
D000630,2026-02-08,L004,M002,涂装,色差,3,高,待确认
D000631,2026-02-08,L004,M001,涂装,色差,1,高,已返修
D000632,2026-02-08,L005,M005,总装,内饰装配偏差,2,低,已返修
D000633,2026-02-08,L005,M005,总装,线束松动,3,中,返修中
D000634,2026-02-08,L006,M005,焊装,零件错位,3,中,返修中
D000635,2026-02-08,L006,M005,焊装,焊点虚焊,2,低,已返修
D000636,2026-02-08,L007,M008,总装,线束松动,1,低,返修中
D000637,2026-02-08,L008,M004,检测,制动检测异常,1,低,已返修
D000638,2026-02-08,L008,M006,检测,制动检测异常,2,中,已返修
D000639,2026-02-09,L001,M001,总装,线束松动,1,低,已返修
D000640,2026-02-09,L001,M002,总装,内饰装配偏差,3,中,已返修
D000641,2026-02-09,L002,M004,焊装,零件错位,2,中,已返修
D000642,2026-02-09,L002,M003,焊装,焊缝气孔,3,低,已返修
D000643,2026-02-09,L002,M003,焊装,焊点虚焊,1,中,已返修
D000644,2026-02-09,L003,M003,总装,线束松动,2,低,已返修
D000645,2026-02-09,L003,M004,总装,内饰装配偏差,3,中,返修中
D000646,2026-02-09,L004,M001,涂装,颗粒点,4,低,返修中
D000647,2026-02-09,L004,M001,涂装,漆面流挂,3,低,已返修
D000648,2026-02-09,L005,M006,总装,内饰装配偏差,2,中,返修中
D000649,2026-02-09,L005,M005,总装,螺栓扭矩不足,3,中,已返修
D000650,2026-02-09,L006,M006,焊装,焊点虚焊,4,低,已返修
D000651,2026-02-09,L006,M005,焊装,焊缝气孔,1,低,已返修
D000652,2026-02-09,L007,M008,总装,螺栓扭矩不足,3,低,返修中
D000653,2026-02-09,L007,M007,总装,螺栓扭矩不足,3,中,已返修
D000654,2026-02-09,L008,M008,检测,密封性异常,3,低,返修中
D000655,2026-02-09,L008,M006,检测,密封性异常,2,高,已返修
D000656,2026-02-10,L001,M001,总装,内饰装配偏差,2,中,已返修
D000657,2026-02-10,L001,M001,总装,螺栓扭矩不足,3,中,已返修
D000658,2026-02-10,L002,M003,焊装,零件错位,2,低,返修中
D000659,2026-02-10,L002,M004,焊装,零件错位,2,低,已返修
D000660,2026-02-10,L003,M003,总装,螺栓扭矩不足,1,低,已返修
D000661,2026-02-10,L003,M004,总装,线束松动,1,中,返修中
D000662,2026-02-10,L004,M002,涂装,颗粒点,2,低,已返修
D000663,2026-02-10,L004,M001,涂装,色差,1,高,已返修
D000664,2026-02-10,L005,M005,总装,内饰装配偏差,1,低,已返修
D000665,2026-02-10,L005,M006,总装,内饰装配偏差,2,中,已返修
D000666,2026-02-10,L006,M005,焊装,焊点虚焊,2,中,返修中
D000667,2026-02-10,L006,M006,焊装,焊缝气孔,2,低,已返修
D000668,2026-02-10,L007,M007,总装,螺栓扭矩不足,1,中,已返修
D000669,2026-02-10,L007,M007,总装,线束松动,2,中,已返修
D000670,2026-02-10,L008,M003,检测,制动检测异常,2,低,待确认
D000671,2026-02-10,L008,M006,检测,电控报警,1,低,已返修
D000672,2026-02-11,L001,M002,总装,内饰装配偏差,2,中,已返修
D000673,2026-02-11,L001,M001,总装,内饰装配偏差,3,中,已返修
D000674,2026-02-11,L002,M003,焊装,焊点虚焊,2,低,已返修
D000675,2026-02-11,L002,M003,焊装,焊缝气孔,3,低,已返修
D000676,2026-02-11,L003,M003,总装,线束松动,4,中,已返修
D000677,2026-02-11,L003,M003,总装,内饰装配偏差,3,中,已返修
D000678,2026-02-11,L004,M002,涂装,颗粒点,2,低,已返修
D000679,2026-02-11,L004,M002,涂装,色差,2,中,返修中
D000680,2026-02-11,L005,M006,总装,线束松动,1,中,返修中
D000681,2026-02-11,L005,M006,总装,线束松动,2,高,已返修
D000682,2026-02-11,L006,M006,焊装,零件错位,2,低,已返修
D000683,2026-02-11,L006,M005,焊装,零件错位,3,低,待确认
D000684,2026-02-11,L007,M008,总装,螺栓扭矩不足,2,高,已返修
D000685,2026-02-11,L007,M008,总装,线束松动,1,高,已返修
D000686,2026-02-11,L008,M004,检测,密封性异常,4,低,已返修
D000687,2026-02-11,L008,M004,检测,制动检测异常,3,高,返修中
D000688,2026-02-12,L001,M002,总装,内饰装配偏差,2,中,已返修
D000689,2026-02-12,L001,M002,总装,线束松动,5,低,已返修
D000690,2026-02-12,L002,M004,焊装,零件错位,3,低,已返修
D000691,2026-02-12,L002,M004,焊装,焊缝气孔,1,中,已返修
D000692,2026-02-12,L002,M004,焊装,焊点虚焊,2,低,已返修
D000693,2026-02-12,L003,M003,总装,线束松动,2,低,已返修
D000694,2026-02-12,L003,M004,总装,线束松动,3,低,已返修
D000695,2026-02-12,L004,M001,涂装,漆面流挂,2,中,已返修
D000696,2026-02-12,L004,M001,涂装,漆面流挂,3,中,已返修
D000697,2026-02-12,L005,M006,总装,线束松动,1,低,返修中
D000698,2026-02-12,L005,M005,总装,螺栓扭矩不足,2,低,已返修
D000699,2026-02-12,L006,M005,焊装,零件错位,3,低,已返修
D000700,2026-02-12,L006,M005,焊装,零件错位,1,中,已返修
D000701,2026-02-12,L007,M007,总装,线束松动,2,低,已返修
D000702,2026-02-12,L007,M008,总装,线束松动,1,低,已返修
D000703,2026-02-12,L008,M002,检测,电控报警,1,中,已返修
D000704,2026-02-12,L008,M008,检测,密封性异常,2,低,已返修
D000705,2026-02-13,L001,M001,总装,线束松动,5,中,返修中
D000706,2026-02-13,L001,M002,总装,螺栓扭矩不足,3,低,返修中
D000707,2026-02-13,L002,M004,焊装,焊缝气孔,3,中,已返修
D000708,2026-02-13,L002,M003,焊装,焊点虚焊,4,低,已返修
D000709,2026-02-13,L003,M003,总装,线束松动,1,中,已返修
D000710,2026-02-13,L003,M004,总装,内饰装配偏差,2,低,已返修
D000711,2026-02-13,L004,M002,涂装,色差,2,低,返修中
D000712,2026-02-13,L004,M002,涂装,色差,2,低,返修中
D000713,2026-02-13,L005,M006,总装,螺栓扭矩不足,2,低,已返修
D000714,2026-02-13,L005,M005,总装,内饰装配偏差,1,高,返修中
D000715,2026-02-13,L006,M005,焊装,焊缝气孔,1,低,已返修
D000716,2026-02-13,L006,M005,焊装,焊缝气孔,1,中,已返修
D000717,2026-02-13,L007,M008,总装,线束松动,2,中,已返修
D000718,2026-02-13,L007,M007,总装,线束松动,1,中,已返修
D000719,2026-02-13,L008,M005,检测,制动检测异常,3,中,已返修
D000720,2026-02-13,L008,M002,检测,制动检测异常,2,中,已返修
D000721,2026-02-14,L001,M001,总装,线束松动,2,中,已返修
D000722,2026-02-14,L001,M001,总装,内饰装配偏差,3,低,已返修
D000723,2026-02-14,L002,M004,焊装,焊点虚焊,1,低,已返修
D000724,2026-02-14,L002,M004,焊装,零件错位,2,高,返修中
D000725,2026-02-14,L003,M004,总装,内饰装配偏差,3,中,已返修
D000726,2026-02-14,L003,M003,总装,线束松动,1,中,已返修
D000727,2026-02-14,L004,M001,涂装,色差,3,中,返修中
D000728,2026-02-14,L004,M002,涂装,色差,4,高,待确认
D000729,2026-02-14,L005,M006,总装,线束松动,2,低,已返修
D000730,2026-02-14,L005,M005,总装,螺栓扭矩不足,2,低,已返修
D000731,2026-02-14,L006,M005,焊装,零件错位,1,低,已返修
D000732,2026-02-14,L006,M006,焊装,零件错位,1,中,已返修
D000733,2026-02-14,L007,M008,总装,螺栓扭矩不足,2,中,已返修
D000734,2026-02-14,L007,M007,总装,内饰装配偏差,2,低,已返修
D000735,2026-02-14,L008,M007,检测,制动检测异常,2,中,待确认
D000736,2026-02-14,L008,M008,检测,制动检测异常,2,低,已返修
D000737,2026-02-15,L001,M001,总装,内饰装配偏差,3,低,已返修
D000738,2026-02-15,L001,M001,总装,线束松动,1,中,已返修
D000739,2026-02-15,L001,M001,总装,螺栓扭矩不足,2,低,已返修
D000740,2026-02-15,L002,M003,焊装,焊缝气孔,2,低,已返修
D000741,2026-02-15,L002,M003,焊装,焊点虚焊,2,低,返修中
D000742,2026-02-15,L003,M003,总装,线束松动,3,中,已返修
D000743,2026-02-15,L003,M003,总装,内饰装配偏差,1,低,待确认
D000744,2026-02-15,L004,M002,涂装,色差,3,低,已返修
D000745,2026-02-15,L004,M002,涂装,色差,1,低,返修中
D000746,2026-02-15,L005,M006,总装,内饰装配偏差,3,低,已返修
D000747,2026-02-15,L005,M006,总装,线束松动,1,低,已返修
D000748,2026-02-15,L006,M006,焊装,焊点虚焊,3,高,已返修
D000749,2026-02-15,L007,M008,总装,内饰装配偏差,1,低,已返修
D000750,2026-02-15,L007,M007,总装,线束松动,1,中,已返修
D000751,2026-02-15,L008,M001,检测,制动检测异常,3,低,已返修
D000752,2026-02-15,L008,M008,检测,制动检测异常,1,低,已返修
D000753,2026-02-16,L001,M001,总装,螺栓扭矩不足,3,低,返修中
D000754,2026-02-16,L001,M002,总装,内饰装配偏差,4,低,已返修
D000755,2026-02-16,L002,M003,焊装,焊点虚焊,3,低,已返修
D000756,2026-02-16,L002,M004,焊装,零件错位,2,低,已返修
D000757,2026-02-16,L003,M004,总装,内饰装配偏差,4,低,已返修
D000758,2026-02-16,L003,M004,总装,线束松动,2,低,已返修
D000759,2026-02-16,L004,M002,涂装,漆面流挂,2,低,已返修
D000760,2026-02-16,L004,M001,涂装,色差,3,低,待确认
D000761,2026-02-16,L005,M005,总装,线束松动,3,高,已返修
D000762,2026-02-16,L005,M006,总装,线束松动,3,低,已返修
D000763,2026-02-16,L006,M005,焊装,零件错位,3,低,已返修
D000764,2026-02-16,L006,M006,焊装,零件错位,1,低,已返修
D000765,2026-02-16,L007,M007,总装,内饰装配偏差,2,低,已返修
D000766,2026-02-16,L007,M008,总装,螺栓扭矩不足,2,低,已返修
D000767,2026-02-16,L008,M006,检测,制动检测异常,1,低,已返修
D000768,2026-02-16,L008,M001,检测,制动检测异常,4,低,返修中
D000769,2026-02-17,L001,M002,总装,螺栓扭矩不足,2,高,返修中
D000770,2026-02-17,L001,M001,总装,内饰装配偏差,2,低,已返修
D000771,2026-02-17,L002,M004,焊装,焊点虚焊,4,中,返修中
D000772,2026-02-17,L002,M003,焊装,零件错位,2,中,待确认
D000773,2026-02-17,L003,M004,总装,线束松动,4,中,已返修
D000774,2026-02-17,L003,M003,总装,内饰装配偏差,2,低,已返修
D000775,2026-02-17,L004,M002,涂装,颗粒点,2,低,已返修
D000776,2026-02-17,L004,M002,涂装,颗粒点,2,低,已返修
D000777,2026-02-17,L005,M006,总装,线束松动,2,低,已返修
D000778,2026-02-17,L005,M006,总装,内饰装配偏差,1,低,已返修
D000779,2026-02-17,L006,M006,焊装,焊缝气孔,3,中,返修中
D000780,2026-02-17,L006,M005,焊装,焊点虚焊,1,低,已返修
D000781,2026-02-17,L007,M008,总装,内饰装配偏差,3,低,待确认
D000782,2026-02-17,L007,M007,总装,螺栓扭矩不足,1,中,已返修
D000783,2026-02-17,L008,M003,检测,制动检测异常,2,低,已返修
D000784,2026-02-17,L008,M005,检测,制动检测异常,2,中,返修中
D000785,2026-02-18,L001,M002,总装,螺栓扭矩不足,3,低,已返修
D000786,2026-02-18,L001,M002,总装,螺栓扭矩不足,4,低,待确认
D000787,2026-02-18,L002,M003,焊装,焊缝气孔,2,中,已返修
D000788,2026-02-18,L002,M003,焊装,零件错位,2,低,已返修
D000789,2026-02-18,L003,M003,总装,内饰装配偏差,3,中,已返修
D000790,2026-02-18,L003,M004,总装,内饰装配偏差,2,中,返修中
D000791,2026-02-18,L004,M001,涂装,颗粒点,3,高,返修中
D000792,2026-02-18,L004,M001,涂装,漆面流挂,2,低,待确认
D000793,2026-02-18,L005,M005,总装,螺栓扭矩不足,1,低,已返修
D000794,2026-02-18,L005,M005,总装,螺栓扭矩不足,3,低,已返修
D000795,2026-02-18,L006,M006,焊装,焊缝气孔,3,低,已返修
D000796,2026-02-18,L006,M006,焊装,焊点虚焊,3,高,已返修
D000797,2026-02-18,L007,M007,总装,线束松动,3,低,待确认
D000798,2026-02-18,L007,M007,总装,螺栓扭矩不足,3,低,已返修
D000799,2026-02-18,L008,M008,检测,制动检测异常,3,高,已返修
D000800,2026-02-18,L008,M007,检测,制动检测异常,3,中,返修中
D000801,2026-02-19,L001,M001,总装,螺栓扭矩不足,3,中,返修中
D000802,2026-02-19,L001,M001,总装,螺栓扭矩不足,3,高,已返修
D000803,2026-02-19,L001,M001,总装,线束松动,1,中,已返修
D000804,2026-02-19,L002,M004,焊装,焊缝气孔,2,低,返修中
D000805,2026-02-19,L002,M004,焊装,焊缝气孔,4,中,返修中
D000806,2026-02-19,L003,M004,总装,线束松动,4,低,已返修
D000807,2026-02-19,L003,M004,总装,内饰装配偏差,1,低,返修中
D000808,2026-02-19,L004,M001,涂装,漆面流挂,1,中,已返修
D000809,2026-02-19,L004,M001,涂装,漆面流挂,3,中,已返修
D000810,2026-02-19,L005,M006,总装,线束松动,3,低,已返修
D000811,2026-02-19,L005,M006,总装,螺栓扭矩不足,2,低,已返修
D000812,2026-02-19,L006,M006,焊装,焊缝气孔,3,低,已返修
D000813,2026-02-19,L006,M005,焊装,焊点虚焊,1,低,已返修
D000814,2026-02-19,L007,M007,总装,线束松动,3,低,已返修
D000815,2026-02-19,L007,M008,总装,螺栓扭矩不足,1,低,已返修
D000816,2026-02-19,L008,M003,检测,制动检测异常,5,低,已返修
D000817,2026-02-19,L008,M001,检测,密封性异常,2,低,已返修
D000818,2026-02-20,L001,M002,总装,线束松动,4,中,已返修
D000819,2026-02-20,L001,M002,总装,线束松动,4,中,已返修
D000820,2026-02-20,L002,M003,焊装,零件错位,4,低,待确认
D000821,2026-02-20,L002,M004,焊装,焊点虚焊,2,低,已返修
D000822,2026-02-20,L003,M003,总装,螺栓扭矩不足,3,低,待确认
D000823,2026-02-20,L003,M004,总装,螺栓扭矩不足,3,中,已返修
D000824,2026-02-20,L004,M002,涂装,颗粒点,2,低,已返修
D000825,2026-02-20,L004,M001,涂装,色差,1,中,已返修
D000826,2026-02-20,L005,M005,总装,螺栓扭矩不足,1,中,已返修
D000827,2026-02-20,L005,M006,总装,螺栓扭矩不足,3,低,已返修
D000828,2026-02-20,L006,M006,焊装,零件错位,3,中,返修中
D000829,2026-02-20,L006,M005,焊装,焊缝气孔,2,低,返修中
D000830,2026-02-20,L007,M008,总装,内饰装配偏差,3,低,已返修
D000831,2026-02-20,L007,M008,总装,螺栓扭矩不足,3,低,返修中
D000832,2026-02-20,L008,M002,检测,密封性异常,2,低,已返修
D000833,2026-02-20,L008,M008,检测,密封性异常,3,低,已返修
D000834,2026-02-21,L001,M001,总装,线束松动,4,低,已返修
D000835,2026-02-21,L001,M002,总装,线束松动,1,低,已返修
D000836,2026-02-21,L002,M004,焊装,零件错位,3,低,已返修
D000837,2026-02-21,L002,M004,焊装,焊点虚焊,2,低,已返修
D000838,2026-02-21,L003,M004,总装,螺栓扭矩不足,2,高,待确认
D000839,2026-02-21,L003,M003,总装,线束松动,3,低,已返修
D000840,2026-02-21,L004,M001,涂装,色差,2,中,待确认
D000841,2026-02-21,L004,M001,涂装,色差,3,低,已返修
D000842,2026-02-21,L005,M005,总装,内饰装配偏差,2,低,返修中
D000843,2026-02-21,L005,M005,总装,螺栓扭矩不足,1,低,已返修
D000844,2026-02-21,L006,M005,焊装,零件错位,1,中,已返修
D000845,2026-02-21,L006,M005,焊装,零件错位,3,中,已返修
D000846,2026-02-21,L007,M007,总装,螺栓扭矩不足,3,中,已返修
D000847,2026-02-21,L007,M008,总装,螺栓扭矩不足,3,低,已返修
D000848,2026-02-21,L008,M005,检测,密封性异常,1,中,已返修
D000849,2026-02-21,L008,M007,检测,制动检测异常,1,高,已返修
D000850,2026-02-22,L001,M002,总装,内饰装配偏差,3,低,已返修
D000851,2026-02-22,L001,M002,总装,线束松动,1,中,返修中
D000852,2026-02-22,L002,M004,焊装,焊点虚焊,1,低,已返修
D000853,2026-02-22,L002,M003,焊装,焊缝气孔,1,中,返修中
D000854,2026-02-22,L003,M004,总装,螺栓扭矩不足,1,中,已返修
D000855,2026-02-22,L003,M003,总装,线束松动,2,低,返修中
D000856,2026-02-22,L004,M001,涂装,漆面流挂,2,低,已返修
D000857,2026-02-22,L004,M001,涂装,漆面流挂,1,低,已返修
D000858,2026-02-22,L005,M006,总装,螺栓扭矩不足,1,低,返修中
D000859,2026-02-22,L006,M005,焊装,焊点虚焊,1,低,已返修
D000860,2026-02-22,L006,M005,焊装,焊缝气孔,1,高,已返修
D000861,2026-02-22,L007,M008,总装,螺栓扭矩不足,2,中,已返修
D000862,2026-02-22,L007,M007,总装,螺栓扭矩不足,2,中,已返修
D000863,2026-02-22,L008,M008,检测,密封性异常,3,高,已返修
D000864,2026-02-22,L008,M004,检测,电控报警,2,中,已返修
D000865,2026-02-23,L001,M001,总装,螺栓扭矩不足,3,低,返修中
D000866,2026-02-23,L001,M001,总装,线束松动,1,中,已返修
D000867,2026-02-23,L001,M001,总装,内饰装配偏差,5,中,已返修
D000868,2026-02-23,L002,M003,焊装,零件错位,2,高,返修中
D000869,2026-02-23,L002,M003,焊装,焊缝气孔,3,低,已返修
D000870,2026-02-23,L003,M004,总装,螺栓扭矩不足,4,高,已返修
D000871,2026-02-23,L003,M004,总装,螺栓扭矩不足,3,低,已返修
D000872,2026-02-23,L004,M001,涂装,漆面流挂,2,高,已返修
D000873,2026-02-23,L004,M001,涂装,颗粒点,1,中,返修中
D000874,2026-02-23,L005,M005,总装,线束松动,3,中,返修中
D000875,2026-02-23,L005,M006,总装,螺栓扭矩不足,1,低,返修中
D000876,2026-02-23,L006,M005,焊装,焊点虚焊,1,低,已返修
D000877,2026-02-23,L006,M006,焊装,焊缝气孔,1,低,已返修
D000878,2026-02-23,L007,M008,总装,螺栓扭矩不足,3,低,已返修
D000879,2026-02-23,L007,M007,总装,内饰装配偏差,1,低,已返修
D000880,2026-02-23,L008,M002,检测,制动检测异常,3,低,已返修
D000881,2026-02-23,L008,M005,检测,电控报警,1,低,已返修
D000882,2026-02-24,L001,M001,总装,线束松动,2,低,已返修
D000883,2026-02-24,L001,M001,总装,螺栓扭矩不足,2,中,返修中
D000884,2026-02-24,L002,M003,焊装,焊缝气孔,3,高,返修中
D000885,2026-02-24,L002,M003,焊装,焊点虚焊,2,高,已返修
D000886,2026-02-24,L003,M003,总装,线束松动,1,低,已返修
D000887,2026-02-24,L003,M004,总装,内饰装配偏差,2,低,已返修
D000888,2026-02-24,L004,M002,涂装,漆面流挂,2,低,返修中
D000889,2026-02-24,L004,M002,涂装,漆面流挂,4,低,已返修
D000890,2026-02-24,L005,M006,总装,线束松动,1,中,已返修
D000891,2026-02-24,L005,M006,总装,内饰装配偏差,2,中,已返修
D000892,2026-02-24,L006,M006,焊装,零件错位,1,中,已返修
D000893,2026-02-24,L006,M006,焊装,焊点虚焊,3,中,已返修
D000894,2026-02-24,L007,M007,总装,内饰装配偏差,1,中,返修中
D000895,2026-02-24,L007,M008,总装,线束松动,3,高,返修中
D000896,2026-02-24,L008,M007,检测,电控报警,3,高,已返修
D000897,2026-02-24,L008,M005,检测,电控报警,1,低,已返修
D000898,2026-02-25,L001,M002,总装,螺栓扭矩不足,2,低,已返修
D000899,2026-02-25,L001,M001,总装,内饰装配偏差,2,低,返修中
D000900,2026-02-25,L002,M004,焊装,零件错位,2,中,已返修
D000901,2026-02-25,L002,M004,焊装,零件错位,3,低,已返修
D000902,2026-02-25,L003,M003,总装,螺栓扭矩不足,3,中,已返修
D000903,2026-02-25,L003,M003,总装,内饰装配偏差,2,中,返修中
D000904,2026-02-25,L004,M001,涂装,颗粒点,2,低,已返修
D000905,2026-02-25,L004,M002,涂装,漆面流挂,3,低,已返修
D000906,2026-02-25,L004,M002,涂装,色差,1,中,已返修
D000907,2026-02-25,L005,M005,总装,螺栓扭矩不足,2,低,已返修
D000908,2026-02-25,L005,M006,总装,内饰装配偏差,1,低,已返修
D000909,2026-02-25,L006,M005,焊装,零件错位,1,中,已返修
D000910,2026-02-25,L006,M005,焊装,零件错位,3,低,已返修
D000911,2026-02-25,L007,M008,总装,螺栓扭矩不足,2,低,返修中
D000912,2026-02-25,L007,M007,总装,内饰装配偏差,1,低,已返修
D000913,2026-02-25,L008,M003,检测,制动检测异常,2,低,已返修
D000914,2026-02-25,L008,M007,检测,电控报警,4,高,已返修
D000915,2026-02-26,L001,M001,总装,螺栓扭矩不足,2,低,已返修
D000916,2026-02-26,L001,M001,总装,内饰装配偏差,2,低,已返修
D000917,2026-02-26,L002,M003,焊装,焊缝气孔,2,高,已返修
D000918,2026-02-26,L002,M004,焊装,焊点虚焊,3,中,已返修
D000919,2026-02-26,L002,M004,焊装,零件错位,1,中,已返修
D000920,2026-02-26,L003,M003,总装,内饰装配偏差,1,高,返修中
D000921,2026-02-26,L003,M003,总装,线束松动,1,中,已返修
D000922,2026-02-26,L004,M001,涂装,色差,1,中,已返修
D000923,2026-02-26,L004,M001,涂装,颗粒点,2,中,已返修
D000924,2026-02-26,L005,M005,总装,内饰装配偏差,3,高,返修中
D000925,2026-02-26,L005,M006,总装,线束松动,1,中,已返修
D000926,2026-02-26,L006,M005,焊装,零件错位,2,低,返修中
D000927,2026-02-26,L006,M006,焊装,零件错位,4,中,已返修
D000928,2026-02-26,L007,M008,总装,线束松动,2,低,已返修
D000929,2026-02-26,L007,M008,总装,内饰装配偏差,1,低,已返修
D000930,2026-02-26,L008,M006,检测,制动检测异常,3,低,已返修
D000931,2026-02-26,L008,M005,检测,制动检测异常,3,中,已返修
D000932,2026-02-27,L001,M002,总装,线束松动,4,中,已返修
D000933,2026-02-27,L001,M002,总装,线束松动,2,低,已返修
D000934,2026-02-27,L002,M004,焊装,零件错位,3,中,返修中
D000935,2026-02-27,L002,M004,焊装,焊缝气孔,2,低,返修中
D000936,2026-02-27,L003,M004,总装,螺栓扭矩不足,3,低,已返修
D000937,2026-02-27,L003,M003,总装,线束松动,2,中,已返修
D000938,2026-02-27,L004,M002,涂装,色差,1,中,已返修
D000939,2026-02-27,L004,M001,涂装,色差,2,低,已返修
D000940,2026-02-27,L005,M006,总装,内饰装配偏差,1,中,返修中
D000941,2026-02-27,L005,M006,总装,内饰装配偏差,2,低,已返修
D000942,2026-02-27,L006,M005,焊装,焊缝气孔,2,高,已返修
D000943,2026-02-27,L006,M005,焊装,焊缝气孔,3,中,已返修
D000944,2026-02-27,L007,M008,总装,内饰装配偏差,1,低,返修中
D000945,2026-02-27,L007,M008,总装,线束松动,1,中,已返修
D000946,2026-02-27,L008,M001,检测,电控报警,4,低,返修中
D000947,2026-02-27,L008,M001,检测,密封性异常,1,中,已返修
D000948,2026-02-28,L001,M002,总装,内饰装配偏差,3,低,待确认
D000949,2026-02-28,L001,M002,总装,内饰装配偏差,2,低,已返修
D000950,2026-02-28,L002,M004,焊装,焊缝气孔,2,低,已返修
D000951,2026-02-28,L002,M004,焊装,零件错位,2,中,已返修
D000952,2026-02-28,L003,M003,总装,线束松动,1,中,已返修
D000953,2026-02-28,L003,M004,总装,螺栓扭矩不足,3,低,已返修
D000954,2026-02-28,L004,M002,涂装,漆面流挂,1,中,返修中
D000955,2026-02-28,L004,M002,涂装,颗粒点,3,中,已返修
D000956,2026-02-28,L005,M006,总装,线束松动,3,低,已返修
D000957,2026-02-28,L005,M005,总装,螺栓扭矩不足,2,低,已返修
D000958,2026-02-28,L006,M006,焊装,焊缝气孔,2,低,已返修
D000959,2026-02-28,L006,M005,焊装,零件错位,1,低,返修中
D000960,2026-02-28,L007,M007,总装,线束松动,3,低,待确认
D000961,2026-02-28,L007,M008,总装,螺栓扭矩不足,2,中,已返修
D000962,2026-02-28,L008,M001,检测,制动检测异常,4,低,已返修
D000963,2026-02-28,L008,M006,检测,制动检测异常,3,中,返修中
D000964,2026-03-01,L001,M002,总装,内饰装配偏差,3,高,返修中
D000965,2026-03-01,L001,M002,总装,线束松动,1,低,已返修
D000966,2026-03-01,L002,M004,焊装,焊点虚焊,1,低,已返修
D000967,2026-03-01,L002,M003,焊装,焊点虚焊,1,低,已返修
D000968,2026-03-01,L003,M004,总装,线束松动,3,低,待确认
D000969,2026-03-01,L003,M003,总装,线束松动,2,低,已返修
D000970,2026-03-01,L004,M002,涂装,颗粒点,1,低,已返修
D000971,2026-03-01,L004,M002,涂装,颗粒点,1,低,已返修
D000972,2026-03-01,L005,M005,总装,线束松动,3,中,已返修
D000973,2026-03-01,L005,M006,总装,线束松动,3,高,已返修
D000974,2026-03-01,L006,M006,焊装,焊缝气孔,1,低,已返修
D000975,2026-03-01,L006,M006,焊装,焊缝气孔,3,中,返修中
D000976,2026-03-01,L007,M008,总装,线束松动,1,中,已返修
D000977,2026-03-01,L007,M008,总装,线束松动,2,低,已返修
D000978,2026-03-01,L008,M003,检测,密封性异常,2,中,返修中
D000979,2026-03-01,L008,M005,检测,电控报警,3,低,返修中
D000980,2026-03-02,L001,M002,总装,线束松动,1,中,已返修
D000981,2026-03-02,L001,M002,总装,螺栓扭矩不足,2,中,已返修
D000982,2026-03-02,L002,M003,焊装,焊缝气孔,3,中,已返修
D000983,2026-03-02,L002,M004,焊装,焊点虚焊,1,中,已返修
D000984,2026-03-02,L003,M003,总装,螺栓扭矩不足,3,中,已返修
D000985,2026-03-02,L003,M003,总装,线束松动,2,中,已返修
D000986,2026-03-02,L004,M001,涂装,颗粒点,3,中,已返修
D000987,2026-03-02,L004,M001,涂装,色差,1,高,已返修
D000988,2026-03-02,L005,M005,总装,线束松动,2,低,已返修
D000989,2026-03-02,L005,M005,总装,螺栓扭矩不足,3,高,待确认
D000990,2026-03-02,L006,M005,焊装,焊缝气孔,1,中,返修中
D000991,2026-03-02,L006,M005,焊装,零件错位,3,中,已返修
D000992,2026-03-02,L007,M008,总装,内饰装配偏差,3,高,返修中
D000993,2026-03-02,L007,M007,总装,线束松动,3,低,已返修
D000994,2026-03-02,L008,M006,检测,制动检测异常,1,中,已返修
D000995,2026-03-02,L008,M006,检测,电控报警,1,低,返修中
D000996,2026-03-03,L001,M001,总装,线束松动,3,低,已返修
D000997,2026-03-03,L001,M001,总装,螺栓扭矩不足,1,中,已返修
D000998,2026-03-03,L001,M001,总装,线束松动,2,中,已返修
D000999,2026-03-03,L002,M004,焊装,零件错位,2,低,返修中
D001000,2026-03-03,L002,M004,焊装,焊缝气孔,4,低,已返修
D001001,2026-03-03,L003,M004,总装,螺栓扭矩不足,3,低,已返修
D001002,2026-03-03,L003,M004,总装,线束松动,3,中,已返修
D001003,2026-03-03,L004,M001,涂装,颗粒点,3,低,已返修
D001004,2026-03-03,L004,M001,涂装,颗粒点,1,中,返修中
D001005,2026-03-03,L005,M006,总装,螺栓扭矩不足,2,中,已返修
D001006,2026-03-03,L005,M005,总装,内饰装配偏差,3,低,已返修
D001007,2026-03-03,L006,M005,焊装,焊缝气孔,1,低,返修中
D001008,2026-03-03,L006,M005,焊装,焊点虚焊,2,中,已返修
D001009,2026-03-03,L007,M008,总装,内饰装配偏差,2,中,待确认
D001010,2026-03-03,L007,M007,总装,线束松动,3,中,待确认
D001011,2026-03-03,L008,M006,检测,制动检测异常,2,低,已返修
D001012,2026-03-03,L008,M002,检测,密封性异常,1,低,已返修
D001013,2026-03-04,L001,M002,总装,线束松动,3,低,已返修
D001014,2026-03-04,L001,M002,总装,螺栓扭矩不足,2,中,已返修
D001015,2026-03-04,L002,M004,焊装,焊点虚焊,3,中,已返修
D001016,2026-03-04,L002,M004,焊装,焊缝气孔,2,低,返修中
D001017,2026-03-04,L003,M003,总装,线束松动,2,低,已返修
D001018,2026-03-04,L003,M004,总装,螺栓扭矩不足,1,中,已返修
D001019,2026-03-04,L004,M002,涂装,颗粒点,3,中,已返修
D001020,2026-03-04,L004,M002,涂装,颗粒点,2,高,待确认
D001021,2026-03-04,L005,M006,总装,螺栓扭矩不足,2,低,返修中
D001022,2026-03-04,L005,M005,总装,线束松动,2,高,已返修
D001023,2026-03-04,L006,M006,焊装,焊缝气孔,3,低,已返修
D001024,2026-03-04,L006,M006,焊装,零件错位,1,中,已返修
D001025,2026-03-04,L006,M006,焊装,焊点虚焊,1,中,已返修
D001026,2026-03-04,L007,M008,总装,内饰装配偏差,1,高,返修中
D001027,2026-03-04,L007,M007,总装,螺栓扭矩不足,1,低,已返修
D001028,2026-03-04,L008,M008,检测,电控报警,2,中,返修中
D001029,2026-03-04,L008,M001,检测,制动检测异常,2,低,已返修
D001030,2026-03-05,L001,M001,总装,内饰装配偏差,4,中,返修中
D001031,2026-03-05,L001,M002,总装,内饰装配偏差,2,中,返修中
D001032,2026-03-05,L002,M004,焊装,零件错位,3,低,返修中
D001033,2026-03-05,L002,M004,焊装,零件错位,2,低,已返修
D001034,2026-03-05,L003,M003,总装,螺栓扭矩不足,1,低,已返修
D001035,2026-03-05,L003,M004,总装,线束松动,1,低,待确认
D001036,2026-03-05,L004,M001,涂装,颗粒点,1,低,返修中
D001037,2026-03-05,L004,M002,涂装,色差,2,低,已返修
D001038,2026-03-05,L005,M006,总装,内饰装配偏差,3,低,已返修
D001039,2026-03-05,L005,M006,总装,线束松动,1,中,已返修
D001040,2026-03-05,L006,M006,焊装,焊点虚焊,2,低,已返修
D001041,2026-03-05,L006,M005,焊装,焊缝气孔,2,中,已返修
D001042,2026-03-05,L007,M008,总装,螺栓扭矩不足,3,低,已返修
D001043,2026-03-05,L007,M008,总装,内饰装配偏差,3,中,已返修
D001044,2026-03-05,L008,M008,检测,制动检测异常,3,中,返修中
D001045,2026-03-05,L008,M002,检测,制动检测异常,2,高,已返修
D001046,2026-03-06,L001,M002,总装,螺栓扭矩不足,1,高,已返修
D001047,2026-03-06,L001,M001,总装,线束松动,4,中,返修中
D001048,2026-03-06,L001,M001,总装,螺栓扭矩不足,1,中,已返修
D001049,2026-03-06,L002,M004,焊装,零件错位,2,高,返修中
D001050,2026-03-06,L002,M004,焊装,焊点虚焊,3,低,已返修
D001051,2026-03-06,L003,M003,总装,线束松动,1,中,已返修
D001052,2026-03-06,L003,M003,总装,内饰装配偏差,2,低,已返修
D001053,2026-03-06,L004,M001,涂装,色差,2,低,已返修
D001054,2026-03-06,L004,M001,涂装,颗粒点,2,低,已返修
D001055,2026-03-06,L005,M006,总装,螺栓扭矩不足,2,低,已返修
D001056,2026-03-06,L005,M005,总装,螺栓扭矩不足,3,高,已返修
D001057,2026-03-06,L006,M005,焊装,零件错位,2,低,已返修
D001058,2026-03-06,L006,M005,焊装,焊点虚焊,1,中,已返修
D001059,2026-03-06,L007,M008,总装,线束松动,3,低,已返修
D001060,2026-03-06,L007,M007,总装,线束松动,2,低,返修中
D001061,2026-03-06,L008,M001,检测,密封性异常,3,低,已返修
D001062,2026-03-06,L008,M001,检测,电控报警,1,中,返修中
D001063,2026-03-06,L008,M004,检测,密封性异常,4,高,返修中
D001064,2026-03-07,L001,M002,总装,螺栓扭矩不足,4,低,已返修
D001065,2026-03-07,L001,M002,总装,线束松动,2,低,已返修
D001066,2026-03-07,L002,M003,焊装,焊点虚焊,3,低,待确认
D001067,2026-03-07,L002,M004,焊装,零件错位,3,高,已返修
D001068,2026-03-07,L003,M003,总装,线束松动,3,中,待确认
D001069,2026-03-07,L003,M004,总装,线束松动,3,低,返修中
D001070,2026-03-07,L004,M002,涂装,漆面流挂,2,低,返修中
D001071,2026-03-07,L004,M002,涂装,色差,3,中,已返修
D001072,2026-03-07,L004,M002,涂装,颗粒点,1,中,已返修
D001073,2026-03-07,L005,M006,总装,内饰装配偏差,3,低,已返修
D001074,2026-03-07,L005,M006,总装,线束松动,2,低,待确认
D001075,2026-03-07,L006,M005,焊装,焊点虚焊,1,低,已返修
D001076,2026-03-07,L006,M005,焊装,零件错位,1,中,已返修
D001077,2026-03-07,L007,M007,总装,内饰装配偏差,1,低,已返修
D001078,2026-03-07,L007,M007,总装,线束松动,1,高,返修中
D001079,2026-03-07,L008,M004,检测,电控报警,2,低,返修中
D001080,2026-03-07,L008,M006,检测,密封性异常,2,高,已返修
D001081,2026-03-08,L001,M002,总装,线束松动,2,低,待确认
D001082,2026-03-08,L001,M001,总装,线束松动,4,低,返修中
D001083,2026-03-08,L002,M003,焊装,焊点虚焊,2,中,已返修
D001084,2026-03-08,L002,M004,焊装,焊缝气孔,3,低,已返修
D001085,2026-03-08,L003,M003,总装,螺栓扭矩不足,4,低,已返修
D001086,2026-03-08,L003,M003,总装,内饰装配偏差,2,中,已返修
D001087,2026-03-08,L004,M002,涂装,颗粒点,1,高,已返修
D001088,2026-03-08,L004,M001,涂装,漆面流挂,2,中,待确认
D001089,2026-03-08,L005,M006,总装,螺栓扭矩不足,3,低,返修中
D001090,2026-03-08,L005,M006,总装,内饰装配偏差,2,高,已返修
D001091,2026-03-08,L006,M005,焊装,焊缝气孔,2,低,已返修
D001092,2026-03-08,L006,M005,焊装,零件错位,2,低,已返修
D001093,2026-03-08,L007,M008,总装,线束松动,1,低,已返修
D001094,2026-03-08,L007,M007,总装,线束松动,2,低,已返修
D001095,2026-03-08,L008,M005,检测,电控报警,2,中,已返修
D001096,2026-03-08,L008,M001,检测,制动检测异常,2,低,已返修
D001097,2026-03-09,L001,M001,总装,内饰装配偏差,2,低,已返修
D001098,2026-03-09,L001,M001,总装,内饰装配偏差,2,低,已返修
D001099,2026-03-09,L002,M004,焊装,零件错位,2,低,已返修
D001100,2026-03-09,L002,M003,焊装,焊点虚焊,3,中,已返修
D001101,2026-03-09,L003,M003,总装,螺栓扭矩不足,4,低,已返修
D001102,2026-03-09,L003,M004,总装,内饰装配偏差,3,低,已返修
D001103,2026-03-09,L004,M002,涂装,色差,2,高,已返修
D001104,2026-03-09,L004,M001,涂装,漆面流挂,2,低,已返修
D001105,2026-03-09,L005,M006,总装,内饰装配偏差,2,中,已返修
D001106,2026-03-09,L005,M006,总装,线束松动,1,低,已返修
D001107,2026-03-09,L006,M006,焊装,零件错位,1,低,已返修
D001108,2026-03-09,L006,M005,焊装,焊缝气孔,2,中,已返修
D001109,2026-03-09,L007,M007,总装,线束松动,1,中,已返修
D001110,2026-03-09,L007,M007,总装,内饰装配偏差,3,中,待确认
D001111,2026-03-09,L008,M006,检测,密封性异常,3,中,已返修
D001112,2026-03-09,L008,M006,检测,密封性异常,2,低,已返修
D001113,2026-03-10,L001,M001,总装,螺栓扭矩不足,4,中,返修中
D001114,2026-03-10,L001,M001,总装,内饰装配偏差,1,中,已返修
D001115,2026-03-10,L001,M001,总装,线束松动,4,中,返修中
D001116,2026-03-10,L002,M003,焊装,零件错位,3,中,已返修
D001117,2026-03-10,L002,M004,焊装,焊缝气孔,3,低,返修中
D001118,2026-03-10,L003,M003,总装,线束松动,1,高,返修中
D001119,2026-03-10,L003,M003,总装,内饰装配偏差,1,中,已返修
D001120,2026-03-10,L004,M001,涂装,色差,1,低,待确认
D001121,2026-03-10,L004,M002,涂装,颗粒点,1,低,返修中
D001122,2026-03-10,L005,M005,总装,螺栓扭矩不足,1,低,已返修
D001123,2026-03-10,L005,M006,总装,螺栓扭矩不足,2,中,已返修
D001124,2026-03-10,L006,M005,焊装,零件错位,2,低,已返修
D001125,2026-03-10,L006,M005,焊装,焊点虚焊,2,高,待确认
D001126,2026-03-10,L007,M007,总装,螺栓扭矩不足,1,低,已返修
D001127,2026-03-10,L007,M008,总装,线束松动,1,中,已返修
D001128,2026-03-10,L008,M001,检测,制动检测异常,2,高,待确认
D001129,2026-03-10,L008,M007,检测,密封性异常,2,中,已返修
D001130,2026-03-11,L001,M001,总装,线束松动,1,高,已返修
D001131,2026-03-11,L001,M001,总装,螺栓扭矩不足,2,高,已返修
D001132,2026-03-11,L002,M004,焊装,零件错位,2,低,返修中
D001133,2026-03-11,L002,M004,焊装,焊点虚焊,1,低,已返修
D001134,2026-03-11,L003,M003,总装,螺栓扭矩不足,4,低,已返修
D001135,2026-03-11,L003,M004,总装,线束松动,3,低,已返修
D001136,2026-03-11,L004,M002,涂装,漆面流挂,3,低,返修中
D001137,2026-03-11,L004,M002,涂装,颗粒点,3,低,已返修
D001138,2026-03-11,L005,M005,总装,线束松动,3,中,已返修
D001139,2026-03-11,L005,M006,总装,线束松动,1,低,已返修
D001140,2026-03-11,L006,M005,焊装,焊点虚焊,1,中,已返修
D001141,2026-03-11,L006,M006,焊装,焊点虚焊,2,低,已返修
D001142,2026-03-11,L007,M008,总装,线束松动,2,低,已返修
D001143,2026-03-11,L007,M008,总装,螺栓扭矩不足,3,低,返修中
D001144,2026-03-11,L008,M006,检测,密封性异常,1,中,返修中
D001145,2026-03-11,L008,M001,检测,制动检测异常,4,低,已返修
D001146,2026-03-12,L001,M001,总装,线束松动,4,低,已返修
D001147,2026-03-12,L001,M002,总装,线束松动,2,中,已返修
D001148,2026-03-12,L002,M004,焊装,焊点虚焊,4,低,已返修
D001149,2026-03-12,L002,M004,焊装,零件错位,2,低,返修中
D001150,2026-03-12,L003,M003,总装,内饰装配偏差,1,低,已返修
D001151,2026-03-12,L003,M003,总装,螺栓扭矩不足,2,低,待确认
D001152,2026-03-12,L004,M002,涂装,颗粒点,1,中,已返修
D001153,2026-03-12,L004,M002,涂装,色差,3,中,待确认
D001154,2026-03-12,L005,M005,总装,内饰装配偏差,3,低,已返修
D001155,2026-03-12,L005,M005,总装,内饰装配偏差,3,低,待确认
D001156,2026-03-12,L006,M005,焊装,焊点虚焊,3,中,已返修
D001157,2026-03-12,L006,M005,焊装,零件错位,2,中,已返修
D001158,2026-03-12,L007,M007,总装,螺栓扭矩不足,3,低,已返修
D001159,2026-03-12,L007,M007,总装,螺栓扭矩不足,1,低,已返修
D001160,2026-03-12,L008,M003,检测,制动检测异常,3,低,已返修
D001161,2026-03-12,L008,M002,检测,制动检测异常,3,低,返修中
D001162,2026-03-13,L001,M002,总装,内饰装配偏差,2,低,已返修
D001163,2026-03-13,L001,M001,总装,内饰装配偏差,2,高,已返修
D001164,2026-03-13,L002,M003,焊装,零件错位,2,低,已返修
D001165,2026-03-13,L002,M003,焊装,焊缝气孔,2,低,已返修
D001166,2026-03-13,L003,M004,总装,线束松动,3,低,返修中
D001167,2026-03-13,L003,M004,总装,内饰装配偏差,3,低,已返修
D001168,2026-03-13,L003,M004,总装,螺栓扭矩不足,1,中,已返修
D001169,2026-03-13,L004,M001,涂装,颗粒点,2,低,已返修
D001170,2026-03-13,L004,M002,涂装,漆面流挂,3,低,返修中
D001171,2026-03-13,L004,M002,涂装,色差,1,中,返修中
D001172,2026-03-13,L005,M005,总装,线束松动,2,中,已返修
D001173,2026-03-13,L005,M006,总装,内饰装配偏差,3,低,已返修
D001174,2026-03-13,L006,M005,焊装,焊点虚焊,2,低,已返修
D001175,2026-03-13,L006,M006,焊装,焊缝气孔,2,低,已返修
D001176,2026-03-13,L007,M008,总装,螺栓扭矩不足,2,低,已返修
D001177,2026-03-13,L007,M008,总装,内饰装配偏差,1,低,返修中
D001178,2026-03-13,L008,M007,检测,密封性异常,3,低,返修中
D001179,2026-03-13,L008,M007,检测,电控报警,1,中,已返修
D001180,2026-03-13,L008,M007,检测,电控报警,4,低,已返修
D001181,2026-03-14,L001,M002,总装,线束松动,3,低,返修中
D001182,2026-03-14,L001,M001,总装,线束松动,2,中,待确认
D001183,2026-03-14,L002,M004,焊装,焊点虚焊,2,低,已返修
D001184,2026-03-14,L002,M004,焊装,焊点虚焊,1,低,已返修
D001185,2026-03-14,L003,M003,总装,内饰装配偏差,3,中,待确认
D001186,2026-03-14,L003,M003,总装,线束松动,2,中,已返修
D001187,2026-03-14,L004,M002,涂装,色差,1,低,已返修
D001188,2026-03-14,L004,M001,涂装,色差,1,低,已返修
D001189,2026-03-14,L005,M006,总装,内饰装配偏差,2,中,已返修
D001190,2026-03-14,L005,M006,总装,线束松动,4,低,返修中
D001191,2026-03-14,L006,M006,焊装,焊点虚焊,1,中,待确认
D001192,2026-03-14,L006,M005,焊装,焊缝气孔,3,低,已返修
D001193,2026-03-14,L007,M008,总装,螺栓扭矩不足,3,中,已返修
D001194,2026-03-14,L007,M008,总装,螺栓扭矩不足,1,中,已返修
D001195,2026-03-14,L008,M005,检测,密封性异常,3,低,已返修
D001196,2026-03-14,L008,M007,检测,电控报警,3,低,已返修
D001197,2026-03-15,L001,M001,总装,线束松动,3,低,返修中
D001198,2026-03-15,L001,M002,总装,内饰装配偏差,1,中,返修中
D001199,2026-03-15,L002,M004,焊装,焊点虚焊,2,低,已返修
D001200,2026-03-15,L002,M004,焊装,焊缝气孔,3,低,已返修
D001201,2026-03-15,L003,M004,总装,内饰装配偏差,2,高,已返修
D001202,2026-03-15,L003,M004,总装,内饰装配偏差,3,中,返修中
D001203,2026-03-15,L004,M002,涂装,色差,3,高,已返修
D001204,2026-03-15,L004,M002,涂装,颗粒点,1,低,返修中
D001205,2026-03-15,L005,M005,总装,线束松动,1,低,已返修
D001206,2026-03-15,L005,M005,总装,内饰装配偏差,1,低,已返修
D001207,2026-03-15,L006,M006,焊装,焊点虚焊,3,中,已返修
D001208,2026-03-15,L006,M005,焊装,焊点虚焊,3,低,已返修
D001209,2026-03-15,L007,M008,总装,螺栓扭矩不足,1,中,返修中
D001210,2026-03-15,L007,M008,总装,内饰装配偏差,2,低,已返修
D001211,2026-03-15,L008,M001,检测,电控报警,4,低,已返修
D001212,2026-03-15,L008,M008,检测,密封性异常,3,低,已返修
D001213,2026-03-16,L001,M001,总装,线束松动,2,中,已返修
D001214,2026-03-16,L001,M002,总装,线束松动,4,低,返修中
D001215,2026-03-16,L002,M004,焊装,零件错位,4,中,已返修
D001216,2026-03-16,L002,M004,焊装,焊缝气孔,3,低,已返修
D001217,2026-03-16,L003,M003,总装,线束松动,2,低,已返修
D001218,2026-03-16,L003,M004,总装,内饰装配偏差,1,低,已返修
D001219,2026-03-16,L004,M002,涂装,色差,3,中,已返修
D001220,2026-03-16,L004,M002,涂装,颗粒点,2,低,待确认
D001221,2026-03-16,L005,M006,总装,线束松动,1,中,已返修
D001222,2026-03-16,L005,M006,总装,线束松动,3,中,已返修
D001223,2026-03-16,L006,M006,焊装,零件错位,1,低,返修中
D001224,2026-03-16,L006,M005,焊装,焊点虚焊,3,中,返修中
D001225,2026-03-16,L007,M007,总装,线束松动,3,中,已返修
D001226,2026-03-16,L007,M007,总装,内饰装配偏差,3,中,待确认
D001227,2026-03-16,L008,M002,检测,制动检测异常,2,中,已返修
D001228,2026-03-16,L008,M004,检测,密封性异常,1,低,已返修
D001229,2026-03-17,L001,M001,总装,螺栓扭矩不足,4,低,返修中
D001230,2026-03-17,L001,M001,总装,内饰装配偏差,3,低,已返修
D001231,2026-03-17,L002,M003,焊装,零件错位,3,低,已返修
D001232,2026-03-17,L002,M004,焊装,零件错位,1,中,待确认
D001233,2026-03-17,L003,M004,总装,线束松动,1,高,已返修
D001234,2026-03-17,L003,M004,总装,线束松动,1,低,已返修
D001235,2026-03-17,L004,M002,涂装,漆面流挂,1,低,已返修
D001236,2026-03-17,L004,M001,涂装,颗粒点,2,低,已返修
D001237,2026-03-17,L005,M006,总装,内饰装配偏差,1,低,待确认
D001238,2026-03-17,L005,M005,总装,线束松动,2,低,返修中
D001239,2026-03-17,L006,M006,焊装,零件错位,2,低,已返修
D001240,2026-03-17,L006,M005,焊装,零件错位,1,低,已返修
D001241,2026-03-17,L007,M007,总装,螺栓扭矩不足,1,中,已返修
D001242,2026-03-17,L007,M007,总装,内饰装配偏差,1,低,返修中
D001243,2026-03-17,L008,M004,检测,电控报警,2,低,已返修
D001244,2026-03-17,L008,M003,检测,电控报警,3,高,已返修
D001245,2026-03-18,L001,M002,总装,螺栓扭矩不足,1,低,已返修
D001246,2026-03-18,L001,M001,总装,线束松动,3,高,已返修
D001247,2026-03-18,L002,M003,焊装,零件错位,5,中,已返修
D001248,2026-03-18,L002,M003,焊装,焊缝气孔,3,中,已返修
D001249,2026-03-18,L003,M003,总装,螺栓扭矩不足,4,低,已返修
D001250,2026-03-18,L003,M003,总装,内饰装配偏差,2,低,已返修
D001251,2026-03-18,L004,M002,涂装,漆面流挂,4,中,返修中
D001252,2026-03-18,L004,M002,涂装,颗粒点,1,低,返修中
D001253,2026-03-18,L005,M006,总装,线束松动,3,中,返修中
D001254,2026-03-18,L005,M006,总装,螺栓扭矩不足,2,低,已返修
D001255,2026-03-18,L006,M006,焊装,焊点虚焊,1,中,已返修
D001256,2026-03-18,L006,M006,焊装,焊点虚焊,1,中,已返修
D001257,2026-03-18,L007,M007,总装,内饰装配偏差,3,中,返修中
D001258,2026-03-18,L007,M008,总装,内饰装配偏差,1,低,已返修
D001259,2026-03-18,L008,M002,检测,密封性异常,3,低,已返修
D001260,2026-03-18,L008,M008,检测,电控报警,2,中,已返修
D001261,2026-03-19,L001,M001,总装,线束松动,3,低,已返修
D001262,2026-03-19,L001,M001,总装,螺栓扭矩不足,2,中,已返修
D001263,2026-03-19,L002,M004,焊装,焊点虚焊,3,低,已返修
D001264,2026-03-19,L002,M004,焊装,焊点虚焊,3,中,已返修
D001265,2026-03-19,L003,M004,总装,内饰装配偏差,4,低,已返修
D001266,2026-03-19,L003,M004,总装,螺栓扭矩不足,1,低,返修中
D001267,2026-03-19,L004,M002,涂装,色差,3,中,已返修
D001268,2026-03-19,L004,M001,涂装,漆面流挂,4,低,已返修
D001269,2026-03-19,L005,M005,总装,线束松动,3,中,返修中
D001270,2026-03-19,L005,M005,总装,线束松动,3,中,已返修
D001271,2026-03-19,L006,M006,焊装,焊缝气孔,1,低,已返修
D001272,2026-03-19,L006,M005,焊装,焊点虚焊,3,低,已返修
D001273,2026-03-19,L007,M008,总装,螺栓扭矩不足,2,中,返修中
D001274,2026-03-19,L007,M008,总装,线束松动,2,中,待确认
D001275,2026-03-19,L008,M004,检测,密封性异常,3,中,返修中
D001276,2026-03-19,L008,M004,检测,电控报警,3,低,待确认
D001277,2026-03-19,L008,M004,检测,密封性异常,1,中,已返修
D001278,2026-03-20,L001,M002,总装,线束松动,1,低,已返修
D001279,2026-03-20,L001,M002,总装,螺栓扭矩不足,3,低,返修中
D001280,2026-03-20,L002,M003,焊装,焊缝气孔,1,中,已返修
D001281,2026-03-20,L002,M004,焊装,焊缝气孔,1,低,返修中
D001282,2026-03-20,L003,M003,总装,内饰装配偏差,3,低,已返修
D001283,2026-03-20,L003,M004,总装,内饰装配偏差,3,低,已返修
D001284,2026-03-20,L004,M001,涂装,颗粒点,1,低,已返修
D001285,2026-03-20,L004,M002,涂装,漆面流挂,4,低,已返修
D001286,2026-03-20,L005,M006,总装,螺栓扭矩不足,2,低,已返修
D001287,2026-03-20,L005,M005,总装,线束松动,1,高,已返修
D001288,2026-03-20,L006,M006,焊装,焊缝气孔,2,中,已返修
D001289,2026-03-20,L006,M006,焊装,焊缝气孔,1,低,已返修
D001290,2026-03-20,L007,M007,总装,线束松动,2,低,已返修
D001291,2026-03-20,L007,M007,总装,内饰装配偏差,2,中,已返修
D001292,2026-03-20,L008,M008,检测,电控报警,3,低,返修中
D001293,2026-03-20,L008,M008,检测,密封性异常,2,中,已返修
D001294,2026-03-21,L001,M002,总装,螺栓扭矩不足,1,高,待确认
D001295,2026-03-21,L001,M002,总装,螺栓扭矩不足,3,低,已返修
D001296,2026-03-21,L001,M002,总装,线束松动,1,中,已返修
D001297,2026-03-21,L002,M004,焊装,零件错位,2,中,已返修
D001298,2026-03-21,L002,M004,焊装,焊点虚焊,4,低,返修中
D001299,2026-03-21,L003,M003,总装,内饰装配偏差,2,中,已返修
D001300,2026-03-21,L003,M003,总装,内饰装配偏差,3,中,返修中
D001301,2026-03-21,L004,M002,涂装,色差,2,低,已返修
D001302,2026-03-21,L004,M002,涂装,颗粒点,2,低,返修中
D001303,2026-03-21,L005,M006,总装,内饰装配偏差,3,中,已返修
D001304,2026-03-21,L005,M006,总装,螺栓扭矩不足,1,低,已返修
D001305,2026-03-21,L006,M005,焊装,焊缝气孔,3,高,已返修
D001306,2026-03-21,L006,M005,焊装,焊点虚焊,1,中,已返修
D001307,2026-03-21,L006,M006,焊装,焊点虚焊,2,低,已返修
D001308,2026-03-21,L007,M007,总装,内饰装配偏差,3,低,已返修
D001309,2026-03-21,L007,M008,总装,线束松动,1,低,返修中
D001310,2026-03-21,L008,M004,检测,制动检测异常,2,中,已返修
D001311,2026-03-21,L008,M006,检测,电控报警,1,中,返修中
D001312,2026-03-22,L001,M002,总装,内饰装配偏差,2,低,已返修
D001313,2026-03-22,L001,M002,总装,线束松动,3,低,已返修
D001314,2026-03-22,L002,M004,焊装,焊点虚焊,1,低,已返修
D001315,2026-03-22,L002,M004,焊装,焊缝气孔,1,低,已返修
D001316,2026-03-22,L003,M004,总装,内饰装配偏差,1,中,返修中
D001317,2026-03-22,L003,M003,总装,线束松动,3,低,已返修
D001318,2026-03-22,L004,M002,涂装,色差,2,低,已返修
D001319,2026-03-22,L004,M001,涂装,色差,2,高,已返修
D001320,2026-03-22,L005,M005,总装,内饰装配偏差,3,低,已返修
D001321,2026-03-22,L005,M005,总装,线束松动,3,低,已返修
D001322,2026-03-22,L006,M005,焊装,焊点虚焊,2,低,已返修
D001323,2026-03-22,L006,M005,焊装,零件错位,3,低,已返修
D001324,2026-03-22,L007,M008,总装,螺栓扭矩不足,3,中,已返修
D001325,2026-03-22,L008,M004,检测,制动检测异常,1,中,返修中
D001326,2026-03-22,L008,M001,检测,制动检测异常,1,低,已返修
D001327,2026-03-23,L001,M002,总装,螺栓扭矩不足,4,低,已返修
D001328,2026-03-23,L001,M002,总装,内饰装配偏差,1,高,返修中
D001329,2026-03-23,L002,M003,焊装,焊缝气孔,3,低,已返修
D001330,2026-03-23,L002,M003,焊装,零件错位,3,低,已返修
D001331,2026-03-23,L003,M004,总装,螺栓扭矩不足,1,低,返修中
D001332,2026-03-23,L003,M004,总装,内饰装配偏差,2,低,已返修
D001333,2026-03-23,L004,M002,涂装,色差,3,低,已返修
D001334,2026-03-23,L004,M001,涂装,颗粒点,2,中,已返修
D001335,2026-03-23,L005,M006,总装,螺栓扭矩不足,2,低,已返修
D001336,2026-03-23,L005,M006,总装,螺栓扭矩不足,1,低,已返修
D001337,2026-03-23,L006,M006,焊装,零件错位,1,高,返修中
D001338,2026-03-23,L006,M006,焊装,零件错位,1,低,已返修
D001339,2026-03-23,L007,M008,总装,线束松动,1,低,已返修
D001340,2026-03-23,L007,M008,总装,线束松动,2,高,已返修
D001341,2026-03-23,L008,M001,检测,电控报警,3,中,已返修
D001342,2026-03-23,L008,M002,检测,电控报警,3,低,已返修
D001343,2026-03-24,L001,M001,总装,线束松动,3,低,已返修
D001344,2026-03-24,L001,M001,总装,内饰装配偏差,1,中,已返修
D001345,2026-03-24,L001,M002,总装,螺栓扭矩不足,4,低,已返修
D001346,2026-03-24,L002,M003,焊装,焊缝气孔,2,低,返修中
D001347,2026-03-24,L002,M004,焊装,零件错位,2,低,返修中
D001348,2026-03-24,L003,M003,总装,线束松动,3,低,已返修
D001349,2026-03-24,L003,M003,总装,内饰装配偏差,3,低,已返修
D001350,2026-03-24,L004,M001,涂装,漆面流挂,2,低,已返修
D001351,2026-03-24,L004,M001,涂装,漆面流挂,3,低,已返修
D001352,2026-03-24,L005,M005,总装,螺栓扭矩不足,4,低,已返修
D001353,2026-03-24,L005,M005,总装,线束松动,2,低,已返修
D001354,2026-03-24,L006,M005,焊装,焊缝气孔,3,低,返修中
D001355,2026-03-24,L006,M005,焊装,零件错位,1,低,已返修
D001356,2026-03-24,L007,M008,总装,内饰装配偏差,1,低,已返修
D001357,2026-03-24,L007,M007,总装,线束松动,2,中,返修中
D001358,2026-03-24,L008,M006,检测,电控报警,4,中,已返修
D001359,2026-03-24,L008,M001,检测,制动检测异常,3,低,已返修
D001360,2026-03-25,L001,M001,总装,线束松动,2,高,已返修
D001361,2026-03-25,L001,M001,总装,内饰装配偏差,3,低,返修中
D001362,2026-03-25,L002,M003,焊装,焊点虚焊,3,中,已返修
D001363,2026-03-25,L002,M004,焊装,零件错位,1,低,已返修
D001364,2026-03-25,L003,M004,总装,内饰装配偏差,1,中,已返修
D001365,2026-03-25,L003,M003,总装,内饰装配偏差,2,低,已返修
D001366,2026-03-25,L004,M002,涂装,颗粒点,1,低,已返修
D001367,2026-03-25,L004,M002,涂装,色差,4,中,返修中
D001368,2026-03-25,L005,M006,总装,螺栓扭矩不足,1,高,已返修
D001369,2026-03-25,L005,M005,总装,线束松动,2,高,返修中
D001370,2026-03-25,L006,M006,焊装,焊点虚焊,2,低,已返修
D001371,2026-03-25,L006,M005,焊装,焊点虚焊,2,低,已返修
D001372,2026-03-25,L007,M007,总装,线束松动,1,中,已返修
D001373,2026-03-25,L007,M008,总装,螺栓扭矩不足,2,中,已返修
D001374,2026-03-25,L008,M007,检测,制动检测异常,2,低,待确认
D001375,2026-03-25,L008,M003,检测,电控报警,2,低,已返修
D001376,2026-03-26,L001,M001,总装,螺栓扭矩不足,3,中,已返修
D001377,2026-03-26,L001,M002,总装,螺栓扭矩不足,2,低,返修中
D001378,2026-03-26,L002,M003,焊装,焊点虚焊,2,中,已返修
D001379,2026-03-26,L002,M004,焊装,焊缝气孔,3,中,已返修
D001380,2026-03-26,L003,M004,总装,螺栓扭矩不足,3,中,已返修
D001381,2026-03-26,L003,M004,总装,螺栓扭矩不足,4,中,返修中
D001382,2026-03-26,L004,M002,涂装,颗粒点,1,低,返修中
D001383,2026-03-26,L004,M001,涂装,漆面流挂,3,高,待确认
D001384,2026-03-26,L005,M006,总装,线束松动,2,低,已返修
D001385,2026-03-26,L005,M006,总装,内饰装配偏差,4,低,已返修
D001386,2026-03-26,L006,M005,焊装,焊点虚焊,2,低,已返修
D001387,2026-03-26,L006,M006,焊装,焊点虚焊,3,低,返修中
D001388,2026-03-26,L007,M007,总装,线束松动,1,低,已返修
D001389,2026-03-26,L007,M008,总装,内饰装配偏差,1,低,已返修
D001390,2026-03-26,L008,M008,检测,电控报警,1,低,已返修
D001391,2026-03-26,L008,M008,检测,电控报警,2,低,待确认
D001392,2026-03-27,L001,M001,总装,线束松动,1,中,已返修
D001393,2026-03-27,L001,M001,总装,内饰装配偏差,3,中,已返修
D001394,2026-03-27,L002,M004,焊装,零件错位,3,低,已返修
D001395,2026-03-27,L002,M004,焊装,焊缝气孔,1,中,已返修
D001396,2026-03-27,L002,M004,焊装,焊缝气孔,2,中,已返修
D001397,2026-03-27,L003,M003,总装,线束松动,3,中,已返修
D001398,2026-03-27,L003,M004,总装,内饰装配偏差,2,低,已返修
D001399,2026-03-27,L004,M002,涂装,色差,3,高,返修中
D001400,2026-03-27,L004,M001,涂装,色差,1,高,已返修
D001401,2026-03-27,L005,M005,总装,内饰装配偏差,2,低,返修中
D001402,2026-03-27,L005,M006,总装,内饰装配偏差,2,中,已返修
D001403,2026-03-27,L006,M005,焊装,焊缝气孔,3,低,已返修
D001404,2026-03-27,L006,M006,焊装,焊缝气孔,1,低,已返修
D001405,2026-03-27,L007,M007,总装,螺栓扭矩不足,4,低,返修中
D001406,2026-03-27,L007,M008,总装,线束松动,1,低,已返修
D001407,2026-03-27,L008,M002,检测,电控报警,3,中,已返修
D001408,2026-03-27,L008,M002,检测,密封性异常,1,高,已返修
D001409,2026-03-28,L001,M002,总装,螺栓扭矩不足,1,低,已返修
D001410,2026-03-28,L001,M001,总装,线束松动,2,中,已返修
D001411,2026-03-28,L002,M004,焊装,零件错位,2,低,已返修
D001412,2026-03-28,L002,M004,焊装,焊点虚焊,2,高,已返修
D001413,2026-03-28,L003,M003,总装,螺栓扭矩不足,2,中,已返修
D001414,2026-03-28,L003,M004,总装,线束松动,2,低,返修中
D001415,2026-03-28,L004,M001,涂装,颗粒点,1,低,已返修
D001416,2026-03-28,L004,M002,涂装,颗粒点,2,低,已返修
D001417,2026-03-28,L005,M006,总装,螺栓扭矩不足,3,中,已返修
D001418,2026-03-28,L005,M006,总装,内饰装配偏差,2,中,返修中
D001419,2026-03-28,L006,M006,焊装,零件错位,3,低,已返修
D001420,2026-03-28,L006,M006,焊装,焊缝气孔,1,高,已返修
D001421,2026-03-28,L007,M007,总装,线束松动,2,低,已返修
D001422,2026-03-28,L007,M007,总装,螺栓扭矩不足,2,中,已返修
D001423,2026-03-28,L008,M006,检测,密封性异常,3,低,已返修
D001424,2026-03-28,L008,M005,检测,电控报警,2,低,已返修
D001425,2026-03-29,L001,M001,总装,内饰装配偏差,3,中,返修中
D001426,2026-03-29,L001,M001,总装,螺栓扭矩不足,2,高,已返修
D001427,2026-03-29,L002,M004,焊装,焊缝气孔,3,低,返修中
D001428,2026-03-29,L002,M004,焊装,焊点虚焊,2,低,已返修
D001429,2026-03-29,L003,M004,总装,内饰装配偏差,1,低,已返修
D001430,2026-03-29,L003,M003,总装,内饰装配偏差,2,低,已返修
D001431,2026-03-29,L004,M001,涂装,色差,1,低,已返修
D001432,2026-03-29,L004,M002,涂装,漆面流挂,1,低,已返修
D001433,2026-03-29,L005,M005,总装,内饰装配偏差,3,低,已返修
D001434,2026-03-29,L005,M006,总装,线束松动,2,中,已返修
D001435,2026-03-29,L006,M005,焊装,焊点虚焊,2,中,已返修
D001436,2026-03-29,L006,M006,焊装,焊缝气孔,3,低,返修中
D001437,2026-03-29,L007,M007,总装,内饰装配偏差,2,中,已返修
D001438,2026-03-29,L007,M008,总装,线束松动,1,中,已返修
D001439,2026-03-29,L008,M004,检测,电控报警,2,中,已返修
D001440,2026-03-29,L008,M001,检测,电控报警,3,中,返修中
D001441,2026-03-30,L001,M001,总装,线束松动,3,低,已返修
D001442,2026-03-30,L001,M001,总装,内饰装配偏差,2,低,返修中
D001443,2026-03-30,L002,M003,焊装,焊点虚焊,2,低,返修中
D001444,2026-03-30,L002,M004,焊装,零件错位,5,低,已返修
D001445,2026-03-30,L003,M003,总装,螺栓扭矩不足,3,高,已返修
D001446,2026-03-30,L003,M004,总装,线束松动,2,中,已返修
D001447,2026-03-30,L004,M001,涂装,色差,2,高,已返修
D001448,2026-03-30,L004,M002,涂装,漆面流挂,1,高,已返修
D001449,2026-03-30,L005,M005,总装,线束松动,2,中,已返修
D001450,2026-03-30,L005,M006,总装,内饰装配偏差,4,中,已返修
D001451,2026-03-30,L006,M005,焊装,焊缝气孔,1,低,已返修
D001452,2026-03-30,L006,M006,焊装,焊缝气孔,2,中,已返修
D001453,2026-03-30,L007,M008,总装,螺栓扭矩不足,1,中,已返修
D001454,2026-03-30,L007,M007,总装,螺栓扭矩不足,2,低,已返修
D001455,2026-03-30,L008,M002,检测,密封性异常,5,低,返修中
D001456,2026-03-30,L008,M001,检测,制动检测异常,2,中,返修中
D001457,2026-03-31,L001,M002,总装,螺栓扭矩不足,2,中,返修中
D001458,2026-03-31,L001,M002,总装,线束松动,2,中,已返修
D001459,2026-03-31,L002,M004,焊装,焊点虚焊,2,中,待确认
D001460,2026-03-31,L002,M004,焊装,焊点虚焊,2,低,待确认
D001461,2026-03-31,L003,M003,总装,线束松动,2,低,已返修
D001462,2026-03-31,L003,M003,总装,线束松动,3,低,已返修
D001463,2026-03-31,L003,M003,总装,内饰装配偏差,1,中,返修中
D001464,2026-03-31,L004,M001,涂装,漆面流挂,1,低,返修中
D001465,2026-03-31,L004,M001,涂装,色差,2,低,返修中
D001466,2026-03-31,L005,M005,总装,内饰装配偏差,1,低,已返修
D001467,2026-03-31,L005,M006,总装,线束松动,1,中,已返修
D001468,2026-03-31,L006,M006,焊装,焊点虚焊,1,低,已返修
D001469,2026-03-31,L006,M005,焊装,焊缝气孔,1,中,已返修
D001470,2026-03-31,L007,M007,总装,内饰装配偏差,1,中,已返修
D001471,2026-03-31,L007,M008,总装,螺栓扭矩不足,2,低,已返修
D001472,2026-03-31,L008,M006,检测,电控报警,1,低,已返修
D001473,2026-03-31,L008,M006,检测,密封性异常,3,中,已返修
D001474,2026-04-01,L001,M002,总装,螺栓扭矩不足,3,低,返修中
D001475,2026-04-01,L001,M001,总装,线束松动,2,低,已返修
D001476,2026-04-01,L002,M004,焊装,焊点虚焊,1,中,待确认
D001477,2026-04-01,L002,M004,焊装,零件错位,4,低,待确认
D001478,2026-04-01,L003,M004,总装,螺栓扭矩不足,1,低,已返修
D001479,2026-04-01,L003,M003,总装,螺栓扭矩不足,1,中,返修中
D001480,2026-04-01,L004,M001,涂装,漆面流挂,4,低,已返修
D001481,2026-04-01,L004,M002,涂装,漆面流挂,2,中,已返修
D001482,2026-04-01,L005,M005,总装,螺栓扭矩不足,1,低,返修中
D001483,2026-04-01,L005,M005,总装,线束松动,1,低,返修中
D001484,2026-04-01,L006,M006,焊装,焊缝气孔,2,中,已返修
D001485,2026-04-01,L006,M006,焊装,焊点虚焊,2,高,已返修
D001486,2026-04-01,L007,M008,总装,内饰装配偏差,4,中,已返修
D001487,2026-04-01,L007,M008,总装,螺栓扭矩不足,1,中,已返修
D001488,2026-04-01,L008,M001,检测,密封性异常,1,低,已返修
D001489,2026-04-01,L008,M006,检测,电控报警,2,低,已返修
D001490,2026-04-02,L001,M002,总装,内饰装配偏差,2,低,返修中
D001491,2026-04-02,L001,M002,总装,螺栓扭矩不足,2,低,已返修
D001492,2026-04-02,L002,M003,焊装,焊缝气孔,2,低,返修中
D001493,2026-04-02,L002,M003,焊装,焊缝气孔,1,低,已返修
D001494,2026-04-02,L003,M004,总装,线束松动,3,低,返修中
D001495,2026-04-02,L003,M004,总装,线束松动,3,中,返修中
D001496,2026-04-02,L004,M002,涂装,色差,2,低,待确认
D001497,2026-04-02,L004,M002,涂装,颗粒点,1,中,已返修
D001498,2026-04-02,L005,M006,总装,螺栓扭矩不足,1,低,已返修
D001499,2026-04-02,L005,M005,总装,螺栓扭矩不足,1,低,已返修
D001500,2026-04-02,L006,M006,焊装,焊点虚焊,3,中,已返修
D001501,2026-04-02,L006,M006,焊装,零件错位,3,低,已返修
D001502,2026-04-02,L007,M008,总装,线束松动,1,中,已返修
D001503,2026-04-02,L007,M007,总装,内饰装配偏差,2,中,返修中
D001504,2026-04-02,L008,M001,检测,密封性异常,1,中,已返修
D001505,2026-04-02,L008,M008,检测,电控报警,2,中,已返修
D001506,2026-04-03,L001,M001,总装,线束松动,1,中,已返修
D001507,2026-04-03,L001,M002,总装,螺栓扭矩不足,1,中,已返修
D001508,2026-04-03,L002,M004,焊装,焊缝气孔,3,低,已返修
D001509,2026-04-03,L002,M004,焊装,零件错位,1,中,已返修
D001510,2026-04-03,L002,M004,焊装,焊缝气孔,4,中,已返修
D001511,2026-04-03,L003,M003,总装,内饰装配偏差,3,高,已返修
D001512,2026-04-03,L003,M003,总装,内饰装配偏差,1,低,返修中
D001513,2026-04-03,L004,M002,涂装,色差,3,中,已返修
D001514,2026-04-03,L004,M001,涂装,色差,1,低,返修中
D001515,2026-04-03,L005,M005,总装,内饰装配偏差,1,高,已返修
D001516,2026-04-03,L005,M006,总装,内饰装配偏差,1,中,已返修
D001517,2026-04-03,L006,M006,焊装,零件错位,2,低,已返修
D001518,2026-04-03,L006,M006,焊装,焊点虚焊,3,低,已返修
D001519,2026-04-03,L007,M007,总装,内饰装配偏差,2,低,待确认
D001520,2026-04-03,L007,M007,总装,线束松动,3,低,已返修
D001521,2026-04-03,L008,M005,检测,电控报警,2,低,返修中
D001522,2026-04-03,L008,M003,检测,密封性异常,2,低,已返修
D001523,2026-04-04,L001,M002,总装,内饰装配偏差,2,低,已返修
D001524,2026-04-04,L001,M001,总装,线束松动,2,低,返修中
D001525,2026-04-04,L002,M003,焊装,焊缝气孔,1,中,已返修
D001526,2026-04-04,L002,M004,焊装,焊点虚焊,2,低,返修中
D001527,2026-04-04,L003,M003,总装,内饰装配偏差,2,低,已返修
D001528,2026-04-04,L003,M003,总装,内饰装配偏差,2,低,已返修
D001529,2026-04-04,L004,M001,涂装,漆面流挂,2,中,已返修
D001530,2026-04-04,L004,M001,涂装,色差,2,低,已返修
D001531,2026-04-04,L005,M005,总装,螺栓扭矩不足,3,中,返修中
D001532,2026-04-04,L005,M006,总装,线束松动,1,中,已返修
D001533,2026-04-04,L006,M005,焊装,零件错位,1,中,返修中
D001534,2026-04-04,L006,M005,焊装,焊点虚焊,3,低,返修中
D001535,2026-04-04,L007,M007,总装,内饰装配偏差,1,中,已返修
D001536,2026-04-04,L007,M007,总装,线束松动,3,低,已返修
D001537,2026-04-04,L008,M007,检测,电控报警,3,低,已返修
D001538,2026-04-04,L008,M007,检测,制动检测异常,1,中,返修中
D001539,2026-04-04,L008,M003,检测,密封性异常,1,低,已返修
D001540,2026-04-05,L001,M001,总装,线束松动,3,低,返修中
D001541,2026-04-05,L001,M001,总装,螺栓扭矩不足,2,中,已返修
D001542,2026-04-05,L002,M003,焊装,零件错位,1,低,返修中
D001543,2026-04-05,L002,M003,焊装,零件错位,3,低,待确认
D001544,2026-04-05,L003,M003,总装,内饰装配偏差,3,低,已返修
D001545,2026-04-05,L003,M004,总装,内饰装配偏差,3,高,返修中
D001546,2026-04-05,L004,M001,涂装,颗粒点,2,低,已返修
D001547,2026-04-05,L004,M002,涂装,漆面流挂,1,低,已返修
D001548,2026-04-05,L005,M006,总装,螺栓扭矩不足,3,低,已返修
D001549,2026-04-05,L005,M005,总装,内饰装配偏差,1,低,返修中
D001550,2026-04-05,L006,M006,焊装,焊点虚焊,1,中,已返修
D001551,2026-04-05,L006,M005,焊装,焊点虚焊,1,低,已返修
D001552,2026-04-05,L007,M008,总装,线束松动,2,低,已返修
D001553,2026-04-05,L007,M008,总装,内饰装配偏差,2,低,已返修
D001554,2026-04-05,L008,M005,检测,密封性异常,1,低,已返修
D001555,2026-04-05,L008,M004,检测,密封性异常,2,低,已返修
D001556,2026-04-06,L001,M002,总装,内饰装配偏差,1,高,已返修
D001557,2026-04-06,L001,M001,总装,内饰装配偏差,1,高,已返修
D001558,2026-04-06,L002,M004,焊装,焊缝气孔,5,中,已返修
D001559,2026-04-06,L002,M004,焊装,焊缝气孔,2,中,返修中
D001560,2026-04-06,L003,M004,总装,内饰装配偏差,4,中,已返修
D001561,2026-04-06,L003,M003,总装,线束松动,2,高,返修中
D001562,2026-04-06,L004,M002,涂装,颗粒点,3,低,已返修
D001563,2026-04-06,L004,M002,涂装,色差,2,低,已返修
D001564,2026-04-06,L005,M005,总装,线束松动,4,低,已返修
D001565,2026-04-06,L005,M005,总装,内饰装配偏差,1,低,已返修
D001566,2026-04-06,L006,M006,焊装,焊点虚焊,3,低,已返修
D001567,2026-04-06,L006,M006,焊装,零件错位,1,低,已返修
D001568,2026-04-06,L007,M007,总装,线束松动,2,低,返修中
D001569,2026-04-06,L007,M008,总装,螺栓扭矩不足,1,高,返修中
D001570,2026-04-06,L008,M008,检测,密封性异常,4,中,返修中
D001571,2026-04-06,L008,M001,检测,电控报警,3,低,返修中
D001572,2026-04-07,L001,M002,总装,螺栓扭矩不足,3,中,已返修
D001573,2026-04-07,L001,M001,总装,螺栓扭矩不足,4,中,已返修
D001574,2026-04-07,L002,M004,焊装,焊缝气孔,3,低,已返修
D001575,2026-04-07,L002,M004,焊装,焊点虚焊,3,低,已返修
D001576,2026-04-07,L003,M004,总装,线束松动,4,低,已返修
D001577,2026-04-07,L003,M003,总装,螺栓扭矩不足,1,低,已返修
D001578,2026-04-07,L004,M002,涂装,色差,2,低,返修中
D001579,2026-04-07,L004,M001,涂装,色差,1,中,返修中
D001580,2026-04-07,L005,M005,总装,线束松动,2,低,已返修
D001581,2026-04-07,L005,M005,总装,内饰装配偏差,4,中,已返修
D001582,2026-04-07,L006,M006,焊装,零件错位,2,低,已返修
D001583,2026-04-07,L006,M006,焊装,零件错位,2,低,返修中
D001584,2026-04-07,L007,M008,总装,线束松动,3,低,已返修
D001585,2026-04-07,L007,M007,总装,螺栓扭矩不足,1,中,已返修
D001586,2026-04-07,L008,M003,检测,电控报警,4,中,返修中
D001587,2026-04-07,L008,M002,检测,电控报警,1,中,已返修
D001588,2026-04-08,L001,M002,总装,内饰装配偏差,2,低,返修中
D001589,2026-04-08,L001,M002,总装,螺栓扭矩不足,2,中,返修中
D001590,2026-04-08,L002,M004,焊装,焊点虚焊,3,低,已返修
D001591,2026-04-08,L002,M003,焊装,零件错位,1,高,已返修
D001592,2026-04-08,L003,M003,总装,内饰装配偏差,3,低,已返修
D001593,2026-04-08,L003,M004,总装,螺栓扭矩不足,3,高,已返修
D001594,2026-04-08,L004,M001,涂装,色差,2,中,返修中
D001595,2026-04-08,L004,M002,涂装,颗粒点,2,中,已返修
D001596,2026-04-08,L005,M006,总装,线束松动,1,低,已返修
D001597,2026-04-08,L005,M005,总装,内饰装配偏差,2,低,已返修
D001598,2026-04-08,L006,M005,焊装,零件错位,2,低,返修中
D001599,2026-04-08,L006,M006,焊装,焊缝气孔,3,中,待确认
D001600,2026-04-08,L006,M006,焊装,焊点虚焊,1,中,已返修
D001601,2026-04-08,L007,M007,总装,螺栓扭矩不足,3,低,返修中
D001602,2026-04-08,L007,M008,总装,内饰装配偏差,1,中,已返修
D001603,2026-04-08,L008,M001,检测,密封性异常,1,低,已返修
D001604,2026-04-08,L008,M001,检测,制动检测异常,3,高,已返修
D001605,2026-04-09,L001,M001,总装,螺栓扭矩不足,4,中,已返修
D001606,2026-04-09,L001,M001,总装,内饰装配偏差,2,高,已返修
D001607,2026-04-09,L002,M003,焊装,焊点虚焊,2,低,待确认
D001608,2026-04-09,L002,M003,焊装,零件错位,3,高,返修中
D001609,2026-04-09,L003,M004,总装,线束松动,3,低,返修中
D001610,2026-04-09,L003,M003,总装,线束松动,2,低,已返修
D001611,2026-04-09,L004,M002,涂装,颗粒点,2,低,返修中
D001612,2026-04-09,L004,M001,涂装,颗粒点,3,低,已返修
D001613,2026-04-09,L005,M005,总装,线束松动,2,中,已返修
D001614,2026-04-09,L005,M005,总装,螺栓扭矩不足,4,中,已返修
D001615,2026-04-09,L006,M005,焊装,零件错位,1,低,返修中
D001616,2026-04-09,L006,M005,焊装,焊缝气孔,3,低,已返修
D001617,2026-04-09,L007,M008,总装,线束松动,3,低,已返修
D001618,2026-04-09,L007,M007,总装,螺栓扭矩不足,4,高,已返修
D001619,2026-04-09,L008,M005,检测,制动检测异常,1,低,已返修
D001620,2026-04-09,L008,M002,检测,电控报警,2,高,已返修
D001621,2026-04-10,L001,M001,总装,线束松动,4,低,返修中
D001622,2026-04-10,L001,M001,总装,内饰装配偏差,5,低,已返修
D001623,2026-04-10,L002,M004,焊装,焊缝气孔,1,低,已返修
D001624,2026-04-10,L002,M003,焊装,焊缝气孔,2,中,已返修
D001625,2026-04-10,L003,M004,总装,内饰装配偏差,1,低,返修中
D001626,2026-04-10,L003,M004,总装,螺栓扭矩不足,4,低,已返修
D001627,2026-04-10,L004,M001,涂装,色差,3,低,已返修
D001628,2026-04-10,L004,M001,涂装,漆面流挂,2,低,返修中
D001629,2026-04-10,L005,M006,总装,螺栓扭矩不足,1,低,已返修
D001630,2026-04-10,L005,M005,总装,线束松动,3,低,已返修
D001631,2026-04-10,L006,M006,焊装,焊点虚焊,3,中,已返修
D001632,2026-04-10,L006,M005,焊装,零件错位,2,低,已返修
D001633,2026-04-10,L007,M007,总装,内饰装配偏差,2,低,返修中
D001634,2026-04-10,L007,M007,总装,内饰装配偏差,3,低,已返修
D001635,2026-04-10,L007,M007,总装,螺栓扭矩不足,1,中,已返修
D001636,2026-04-10,L008,M008,检测,制动检测异常,2,中,已返修
D001637,2026-04-10,L008,M001,检测,电控报警,2,低,已返修
D001638,2026-04-11,L001,M002,总装,线束松动,2,低,已返修
D001639,2026-04-11,L001,M001,总装,内饰装配偏差,3,低,待确认
D001640,2026-04-11,L002,M003,焊装,焊缝气孔,2,低,已返修
D001641,2026-04-11,L002,M004,焊装,焊缝气孔,3,中,返修中
D001642,2026-04-11,L003,M004,总装,线束松动,2,低,待确认
D001643,2026-04-11,L003,M003,总装,内饰装配偏差,1,低,已返修
D001644,2026-04-11,L004,M001,涂装,色差,1,中,待确认
D001645,2026-04-11,L004,M001,涂装,色差,3,中,已返修
D001646,2026-04-11,L005,M005,总装,线束松动,3,中,已返修
D001647,2026-04-11,L005,M006,总装,内饰装配偏差,3,低,已返修
D001648,2026-04-11,L006,M005,焊装,焊缝气孔,2,低,返修中
D001649,2026-04-11,L006,M005,焊装,零件错位,1,中,返修中
D001650,2026-04-11,L007,M007,总装,线束松动,1,低,已返修
D001651,2026-04-11,L007,M008,总装,内饰装配偏差,3,低,返修中
D001652,2026-04-11,L008,M008,检测,制动检测异常,2,低,返修中
D001653,2026-04-11,L008,M001,检测,制动检测异常,3,中,待确认
D001654,2026-04-12,L001,M001,总装,螺栓扭矩不足,3,低,返修中
D001655,2026-04-12,L001,M001,总装,螺栓扭矩不足,2,高,已返修
D001656,2026-04-12,L002,M004,焊装,零件错位,2,低,已返修
D001657,2026-04-12,L002,M004,焊装,零件错位,1,低,返修中
D001658,2026-04-12,L003,M004,总装,内饰装配偏差,3,低,已返修
D001659,2026-04-12,L003,M004,总装,螺栓扭矩不足,2,低,已返修
D001660,2026-04-12,L004,M001,涂装,颗粒点,2,低,返修中
D001661,2026-04-12,L004,M002,涂装,漆面流挂,2,高,返修中
D001662,2026-04-12,L005,M005,总装,螺栓扭矩不足,1,中,已返修
D001663,2026-04-12,L005,M005,总装,线束松动,1,低,已返修
D001664,2026-04-12,L006,M005,焊装,焊点虚焊,3,低,待确认
D001665,2026-04-12,L006,M006,焊装,零件错位,1,低,待确认
D001666,2026-04-12,L007,M008,总装,螺栓扭矩不足,1,低,已返修
D001667,2026-04-12,L007,M007,总装,螺栓扭矩不足,2,高,已返修
D001668,2026-04-12,L008,M002,检测,制动检测异常,3,中,返修中
D001669,2026-04-12,L008,M008,检测,密封性异常,1,中,已返修
D001670,2026-04-13,L001,M001,总装,螺栓扭矩不足,2,中,已返修
D001671,2026-04-13,L001,M002,总装,内饰装配偏差,2,中,返修中
D001672,2026-04-13,L002,M004,焊装,零件错位,2,低,返修中
D001673,2026-04-13,L002,M004,焊装,零件错位,2,中,返修中
D001674,2026-04-13,L003,M004,总装,线束松动,1,低,已返修
D001675,2026-04-13,L003,M004,总装,螺栓扭矩不足,2,低,返修中
D001676,2026-04-13,L004,M002,涂装,色差,2,中,已返修
D001677,2026-04-13,L004,M002,涂装,漆面流挂,1,低,待确认
D001678,2026-04-13,L005,M005,总装,线束松动,1,低,已返修
D001679,2026-04-13,L005,M006,总装,内饰装配偏差,3,低,已返修
D001680,2026-04-13,L006,M005,焊装,焊缝气孔,1,低,返修中
D001681,2026-04-13,L006,M006,焊装,焊点虚焊,3,低,已返修
D001682,2026-04-13,L007,M008,总装,线束松动,1,中,已返修
D001683,2026-04-13,L007,M007,总装,螺栓扭矩不足,1,中,已返修
D001684,2026-04-13,L008,M008,检测,制动检测异常,2,中,已返修
D001685,2026-04-13,L008,M005,检测,电控报警,2,低,已返修
D001686,2026-04-14,L001,M001,总装,线束松动,5,低,返修中
D001687,2026-04-14,L001,M002,总装,线束松动,1,低,返修中
D001688,2026-04-14,L002,M004,焊装,焊缝气孔,3,低,待确认
D001689,2026-04-14,L002,M004,焊装,零件错位,3,高,已返修
D001690,2026-04-14,L003,M003,总装,内饰装配偏差,3,低,已返修
D001691,2026-04-14,L003,M003,总装,螺栓扭矩不足,2,低,已返修
D001692,2026-04-14,L004,M001,涂装,色差,3,低,已返修
D001693,2026-04-14,L004,M001,涂装,色差,2,高,已返修
D001694,2026-04-14,L005,M005,总装,内饰装配偏差,2,低,返修中
D001695,2026-04-14,L005,M006,总装,线束松动,1,低,返修中
D001696,2026-04-14,L006,M005,焊装,焊缝气孔,1,中,已返修
D001697,2026-04-14,L006,M006,焊装,零件错位,4,中,已返修
D001698,2026-04-14,L007,M007,总装,线束松动,1,中,已返修
D001699,2026-04-14,L007,M007,总装,内饰装配偏差,1,高,已返修
D001700,2026-04-14,L008,M003,检测,制动检测异常,1,低,返修中
D001701,2026-04-14,L008,M007,检测,制动检测异常,1,中,已返修
D001702,2026-04-15,L001,M002,总装,内饰装配偏差,2,低,已返修
D001703,2026-04-15,L001,M001,总装,内饰装配偏差,3,低,已返修
D001704,2026-04-15,L002,M004,焊装,焊点虚焊,1,低,已返修
D001705,2026-04-15,L002,M003,焊装,焊缝气孔,1,低,已返修
D001706,2026-04-15,L003,M004,总装,螺栓扭矩不足,1,低,已返修
D001707,2026-04-15,L003,M003,总装,螺栓扭矩不足,1,低,待确认
D001708,2026-04-15,L004,M001,涂装,颗粒点,3,低,已返修
D001709,2026-04-15,L004,M002,涂装,漆面流挂,2,中,已返修
D001710,2026-04-15,L005,M005,总装,内饰装配偏差,3,中,已返修
D001711,2026-04-15,L005,M005,总装,线束松动,1,中,已返修
D001712,2026-04-15,L005,M005,总装,内饰装配偏差,1,低,已返修
D001713,2026-04-15,L006,M005,焊装,零件错位,3,中,已返修
D001714,2026-04-15,L006,M005,焊装,焊缝气孔,1,中,已返修
D001715,2026-04-15,L007,M008,总装,内饰装配偏差,1,低,已返修
D001716,2026-04-15,L007,M007,总装,内饰装配偏差,1,中,已返修
D001717,2026-04-15,L008,M001,检测,制动检测异常,4,高,已返修
D001718,2026-04-15,L008,M004,检测,密封性异常,2,低,已返修
D001719,2026-04-16,L001,M001,总装,螺栓扭矩不足,3,低,已返修
D001720,2026-04-16,L001,M001,总装,线束松动,3,中,已返修
D001721,2026-04-16,L002,M004,焊装,零件错位,2,中,返修中
D001722,2026-04-16,L002,M004,焊装,焊缝气孔,4,中,已返修
D001723,2026-04-16,L003,M003,总装,内饰装配偏差,2,中,已返修
D001724,2026-04-16,L003,M003,总装,内饰装配偏差,2,中,返修中
D001725,2026-04-16,L004,M001,涂装,色差,1,低,已返修
D001726,2026-04-16,L004,M002,涂装,漆面流挂,2,低,返修中
D001727,2026-04-16,L005,M006,总装,螺栓扭矩不足,2,低,返修中
D001728,2026-04-16,L005,M006,总装,内饰装配偏差,2,中,已返修
D001729,2026-04-16,L006,M006,焊装,零件错位,3,低,已返修
D001730,2026-04-16,L006,M006,焊装,零件错位,1,中,返修中
D001731,2026-04-16,L007,M008,总装,螺栓扭矩不足,3,低,已返修
D001732,2026-04-16,L007,M008,总装,螺栓扭矩不足,3,中,已返修
D001733,2026-04-16,L008,M006,检测,电控报警,4,低,已返修
D001734,2026-04-16,L008,M003,检测,制动检测异常,1,低,待确认
D001735,2026-04-17,L001,M001,总装,线束松动,2,高,已返修
D001736,2026-04-17,L001,M001,总装,螺栓扭矩不足,2,高,已返修
D001737,2026-04-17,L002,M004,焊装,焊点虚焊,3,低,已返修
D001738,2026-04-17,L002,M003,焊装,零件错位,3,低,已返修
D001739,2026-04-17,L003,M004,总装,线束松动,4,低,返修中
D001740,2026-04-17,L003,M003,总装,内饰装配偏差,3,低,已返修
D001741,2026-04-17,L004,M001,涂装,颗粒点,4,中,待确认
D001742,2026-04-17,L004,M002,涂装,漆面流挂,2,低,已返修
D001743,2026-04-17,L005,M006,总装,螺栓扭矩不足,3,低,已返修
D001744,2026-04-17,L005,M006,总装,内饰装配偏差,2,高,返修中
D001745,2026-04-17,L006,M006,焊装,零件错位,1,低,待确认
D001746,2026-04-17,L006,M006,焊装,焊缝气孔,3,中,已返修
D001747,2026-04-17,L007,M008,总装,内饰装配偏差,1,低,已返修
D001748,2026-04-17,L007,M007,总装,螺栓扭矩不足,1,高,已返修
D001749,2026-04-17,L008,M005,检测,密封性异常,2,低,已返修
D001750,2026-04-17,L008,M004,检测,电控报警,1,中,已返修
D001751,2026-04-18,L001,M002,总装,内饰装配偏差,2,低,已返修
D001752,2026-04-18,L001,M002,总装,螺栓扭矩不足,4,高,返修中
D001753,2026-04-18,L001,M002,总装,内饰装配偏差,1,中,已返修
D001754,2026-04-18,L002,M004,焊装,焊缝气孔,1,低,已返修
D001755,2026-04-18,L002,M004,焊装,焊缝气孔,1,低,已返修
D001756,2026-04-18,L003,M003,总装,线束松动,3,低,已返修
D001757,2026-04-18,L003,M004,总装,螺栓扭矩不足,2,中,已返修
D001758,2026-04-18,L004,M002,涂装,漆面流挂,1,中,已返修
D001759,2026-04-18,L004,M001,涂装,颗粒点,1,低,待确认
D001760,2026-04-18,L005,M006,总装,内饰装配偏差,2,高,已返修
D001761,2026-04-18,L005,M006,总装,内饰装配偏差,1,低,已返修
D001762,2026-04-18,L006,M005,焊装,零件错位,1,高,已返修
D001763,2026-04-18,L006,M006,焊装,零件错位,1,高,待确认
D001764,2026-04-18,L007,M007,总装,内饰装配偏差,2,低,返修中
D001765,2026-04-18,L007,M007,总装,内饰装配偏差,1,低,已返修
D001766,2026-04-18,L008,M002,检测,密封性异常,3,低,返修中
D001767,2026-04-18,L008,M004,检测,密封性异常,2,低,返修中
D001768,2026-04-19,L001,M002,总装,线束松动,1,低,已返修
D001769,2026-04-19,L001,M002,总装,内饰装配偏差,2,中,待确认
D001770,2026-04-19,L002,M003,焊装,零件错位,2,中,已返修
D001771,2026-04-19,L002,M003,焊装,零件错位,2,高,已返修
D001772,2026-04-19,L003,M004,总装,线束松动,3,低,返修中
D001773,2026-04-19,L003,M004,总装,线束松动,3,高,已返修
D001774,2026-04-19,L004,M001,涂装,漆面流挂,2,中,已返修
D001775,2026-04-19,L004,M002,涂装,颗粒点,1,高,已返修
D001776,2026-04-19,L005,M006,总装,螺栓扭矩不足,3,低,返修中
D001777,2026-04-19,L005,M006,总装,螺栓扭矩不足,1,低,已返修
D001778,2026-04-19,L006,M005,焊装,焊点虚焊,1,低,已返修
D001779,2026-04-19,L006,M006,焊装,零件错位,1,低,已返修
D001780,2026-04-19,L007,M008,总装,内饰装配偏差,2,中,已返修
D001781,2026-04-19,L007,M007,总装,螺栓扭矩不足,1,中,已返修
D001782,2026-04-19,L008,M002,检测,密封性异常,3,低,已返修
D001783,2026-04-19,L008,M007,检测,电控报警,1,中,已返修
D001784,2026-04-20,L001,M001,总装,线束松动,2,中,已返修
D001785,2026-04-20,L001,M002,总装,线束松动,1,低,返修中
D001786,2026-04-20,L002,M004,焊装,零件错位,2,中,已返修
D001787,2026-04-20,L002,M003,焊装,焊点虚焊,3,低,已返修
D001788,2026-04-20,L003,M003,总装,线束松动,2,低,已返修
D001789,2026-04-20,L003,M003,总装,螺栓扭矩不足,4,低,已返修
D001790,2026-04-20,L004,M001,涂装,色差,1,低,返修中
D001791,2026-04-20,L004,M002,涂装,色差,2,低,已返修
D001792,2026-04-20,L005,M006,总装,线束松动,1,低,已返修
D001793,2026-04-20,L005,M005,总装,螺栓扭矩不足,3,低,已返修
D001794,2026-04-20,L006,M006,焊装,焊缝气孔,1,中,已返修
D001795,2026-04-20,L006,M005,焊装,焊点虚焊,2,中,已返修
D001796,2026-04-20,L007,M007,总装,线束松动,3,低,返修中
D001797,2026-04-20,L007,M008,总装,内饰装配偏差,3,中,返修中
D001798,2026-04-20,L008,M001,检测,电控报警,1,低,返修中
D001799,2026-04-20,L008,M003,检测,电控报警,2,中,已返修
D001800,2026-04-21,L001,M001,总装,内饰装配偏差,3,低,已返修
D001801,2026-04-21,L001,M001,总装,螺栓扭矩不足,1,中,已返修
D001802,2026-04-21,L001,M002,总装,内饰装配偏差,3,低,已返修
D001803,2026-04-21,L002,M004,焊装,零件错位,1,中,已返修
D001804,2026-04-21,L002,M004,焊装,焊缝气孔,2,低,已返修
D001805,2026-04-21,L003,M004,总装,螺栓扭矩不足,4,低,已返修
D001806,2026-04-21,L003,M004,总装,螺栓扭矩不足,1,低,已返修
D001807,2026-04-21,L004,M001,涂装,颗粒点,1,中,返修中
D001808,2026-04-21,L004,M002,涂装,颗粒点,1,高,已返修
D001809,2026-04-21,L005,M005,总装,内饰装配偏差,1,高,已返修
D001810,2026-04-21,L005,M005,总装,螺栓扭矩不足,1,低,已返修
D001811,2026-04-21,L006,M006,焊装,焊缝气孔,2,低,已返修
D001812,2026-04-21,L006,M005,焊装,焊缝气孔,1,高,已返修
D001813,2026-04-21,L007,M008,总装,内饰装配偏差,1,中,已返修
D001814,2026-04-21,L007,M007,总装,螺栓扭矩不足,2,低,已返修
D001815,2026-04-21,L008,M002,检测,制动检测异常,2,低,已返修
D001816,2026-04-21,L008,M001,检测,电控报警,1,中,已返修
D001817,2026-04-22,L001,M001,总装,螺栓扭矩不足,3,低,已返修
D001818,2026-04-22,L001,M002,总装,螺栓扭矩不足,2,中,返修中
D001819,2026-04-22,L002,M003,焊装,焊点虚焊,3,中,已返修
D001820,2026-04-22,L002,M003,焊装,焊缝气孔,1,中,返修中
D001821,2026-04-22,L002,M003,焊装,焊缝气孔,3,低,已返修
D001822,2026-04-22,L003,M004,总装,线束松动,1,低,返修中
D001823,2026-04-22,L003,M004,总装,内饰装配偏差,3,低,已返修
D001824,2026-04-22,L004,M001,涂装,色差,3,低,返修中
D001825,2026-04-22,L004,M001,涂装,漆面流挂,1,高,已返修
D001826,2026-04-22,L005,M005,总装,内饰装配偏差,1,低,已返修
D001827,2026-04-22,L005,M005,总装,螺栓扭矩不足,1,高,已返修
D001828,2026-04-22,L006,M005,焊装,零件错位,2,高,已返修
D001829,2026-04-22,L006,M006,焊装,零件错位,2,低,已返修
D001830,2026-04-22,L007,M007,总装,螺栓扭矩不足,1,高,已返修
D001831,2026-04-22,L007,M008,总装,线束松动,3,中,已返修
D001832,2026-04-22,L008,M008,检测,密封性异常,3,低,已返修
D001833,2026-04-22,L008,M004,检测,制动检测异常,2,中,返修中
D001834,2026-04-23,L001,M001,总装,内饰装配偏差,3,中,已返修
D001835,2026-04-23,L001,M001,总装,线束松动,1,中,已返修
D001836,2026-04-23,L001,M002,总装,内饰装配偏差,2,低,已返修
D001837,2026-04-23,L002,M004,焊装,零件错位,2,低,已返修
D001838,2026-04-23,L002,M003,焊装,焊点虚焊,1,高,已返修
D001839,2026-04-23,L003,M003,总装,内饰装配偏差,2,低,已返修
D001840,2026-04-23,L003,M004,总装,线束松动,4,低,已返修
D001841,2026-04-23,L004,M001,涂装,颗粒点,1,中,已返修
D001842,2026-04-23,L004,M001,涂装,漆面流挂,3,低,已返修
D001843,2026-04-23,L005,M006,总装,线束松动,1,低,已返修
D001844,2026-04-23,L005,M005,总装,螺栓扭矩不足,1,低,已返修
D001845,2026-04-23,L006,M006,焊装,焊缝气孔,1,低,已返修
D001846,2026-04-23,L006,M006,焊装,焊缝气孔,1,低,返修中
D001847,2026-04-23,L007,M007,总装,螺栓扭矩不足,3,中,返修中
D001848,2026-04-23,L007,M008,总装,线束松动,1,低,已返修
D001849,2026-04-23,L008,M008,检测,制动检测异常,4,低,已返修
D001850,2026-04-23,L008,M002,检测,电控报警,3,低,已返修
D001851,2026-04-24,L001,M002,总装,内饰装配偏差,2,中,已返修
D001852,2026-04-24,L001,M002,总装,螺栓扭矩不足,3,中,已返修
D001853,2026-04-24,L002,M003,焊装,焊缝气孔,3,低,返修中
D001854,2026-04-24,L002,M003,焊装,零件错位,3,低,已返修
D001855,2026-04-24,L003,M003,总装,线束松动,1,低,返修中
D001856,2026-04-24,L003,M004,总装,线束松动,2,中,已返修
D001857,2026-04-24,L004,M002,涂装,漆面流挂,3,高,待确认
D001858,2026-04-24,L004,M002,涂装,色差,4,低,已返修
D001859,2026-04-24,L005,M006,总装,内饰装配偏差,3,低,已返修
D001860,2026-04-24,L005,M005,总装,线束松动,2,低,返修中
D001861,2026-04-24,L006,M005,焊装,零件错位,3,低,返修中
D001862,2026-04-24,L006,M005,焊装,焊缝气孔,1,中,返修中
D001863,2026-04-24,L007,M007,总装,线束松动,2,中,待确认
D001864,2026-04-24,L007,M008,总装,线束松动,1,中,待确认
D001865,2026-04-24,L008,M004,检测,制动检测异常,2,低,返修中
D001866,2026-04-24,L008,M002,检测,制动检测异常,3,高,已返修
D001867,2026-04-24,L008,M002,检测,密封性异常,1,中,已返修
D001868,2026-04-25,L001,M002,总装,线束松动,2,低,已返修
D001869,2026-04-25,L001,M001,总装,螺栓扭矩不足,2,中,已返修
D001870,2026-04-25,L002,M004,焊装,焊缝气孔,3,低,待确认
D001871,2026-04-25,L002,M003,焊装,零件错位,2,中,已返修
D001872,2026-04-25,L003,M004,总装,螺栓扭矩不足,3,低,已返修
D001873,2026-04-25,L003,M004,总装,线束松动,3,低,已返修
D001874,2026-04-25,L004,M001,涂装,颗粒点,2,低,已返修
D001875,2026-04-25,L004,M002,涂装,颗粒点,1,低,返修中
D001876,2026-04-25,L005,M005,总装,螺栓扭矩不足,2,中,返修中
D001877,2026-04-25,L005,M005,总装,螺栓扭矩不足,2,中,已返修
D001878,2026-04-25,L006,M005,焊装,焊点虚焊,2,低,返修中
D001879,2026-04-25,L006,M006,焊装,焊缝气孔,1,低,已返修
D001880,2026-04-25,L007,M008,总装,内饰装配偏差,3,低,已返修
D001881,2026-04-25,L007,M008,总装,线束松动,1,低,已返修
D001882,2026-04-25,L008,M008,检测,制动检测异常,2,低,已返修
D001883,2026-04-25,L008,M006,检测,密封性异常,4,低,已返修
D001884,2026-04-26,L001,M001,总装,线束松动,3,中,已返修
D001885,2026-04-26,L001,M001,总装,螺栓扭矩不足,1,中,待确认
D001886,2026-04-26,L001,M002,总装,线束松动,1,低,已返修
D001887,2026-04-26,L002,M004,焊装,焊点虚焊,2,低,已返修
D001888,2026-04-26,L002,M003,焊装,焊缝气孔,1,低,已返修
D001889,2026-04-26,L003,M004,总装,内饰装配偏差,1,低,已返修
D001890,2026-04-26,L003,M003,总装,螺栓扭矩不足,2,低,返修中
D001891,2026-04-26,L004,M001,涂装,漆面流挂,1,中,已返修
D001892,2026-04-26,L004,M002,涂装,漆面流挂,1,低,待确认
D001893,2026-04-26,L005,M005,总装,线束松动,1,低,已返修
D001894,2026-04-26,L005,M005,总装,螺栓扭矩不足,2,中,已返修
D001895,2026-04-26,L006,M005,焊装,焊点虚焊,2,低,返修中
D001896,2026-04-26,L006,M005,焊装,焊点虚焊,1,低,已返修
D001897,2026-04-26,L007,M007,总装,螺栓扭矩不足,2,中,已返修
D001898,2026-04-26,L007,M007,总装,内饰装配偏差,1,中,返修中
D001899,2026-04-26,L008,M004,检测,密封性异常,1,低,已返修
D001900,2026-04-26,L008,M001,检测,密封性异常,3,高,已返修
D001901,2026-04-27,L001,M002,总装,线束松动,3,低,已返修
D001902,2026-04-27,L001,M002,总装,线束松动,2,低,已返修
D001903,2026-04-27,L002,M003,焊装,焊缝气孔,2,高,已返修
D001904,2026-04-27,L002,M003,焊装,焊点虚焊,2,低,已返修
D001905,2026-04-27,L003,M003,总装,线束松动,3,低,已返修
D001906,2026-04-27,L003,M004,总装,线束松动,1,中,返修中
D001907,2026-04-27,L004,M002,涂装,颗粒点,3,中,返修中
D001908,2026-04-27,L004,M002,涂装,颗粒点,2,中,已返修
D001909,2026-04-27,L005,M005,总装,螺栓扭矩不足,3,低,返修中
D001910,2026-04-27,L005,M005,总装,内饰装配偏差,3,低,待确认
D001911,2026-04-27,L006,M005,焊装,焊点虚焊,1,低,返修中
D001912,2026-04-27,L006,M005,焊装,焊缝气孔,2,低,已返修
D001913,2026-04-27,L007,M008,总装,线束松动,1,低,待确认
D001914,2026-04-27,L007,M008,总装,螺栓扭矩不足,1,低,返修中
D001915,2026-04-27,L008,M002,检测,密封性异常,3,低,已返修
D001916,2026-04-27,L008,M003,检测,制动检测异常,2,低,已返修
D001917,2026-04-28,L001,M002,总装,螺栓扭矩不足,3,低,已返修
D001918,2026-04-28,L001,M002,总装,线束松动,1,中,已返修
D001919,2026-04-28,L001,M001,总装,内饰装配偏差,3,低,已返修
D001920,2026-04-28,L002,M003,焊装,焊点虚焊,2,中,已返修
D001921,2026-04-28,L002,M004,焊装,焊点虚焊,5,低,已返修
D001922,2026-04-28,L003,M003,总装,内饰装配偏差,1,低,已返修
D001923,2026-04-28,L003,M003,总装,内饰装配偏差,2,低,已返修
D001924,2026-04-28,L004,M002,涂装,漆面流挂,2,中,返修中
D001925,2026-04-28,L004,M001,涂装,色差,2,中,返修中
D001926,2026-04-28,L005,M005,总装,内饰装配偏差,2,高,返修中
D001927,2026-04-28,L005,M005,总装,内饰装配偏差,3,中,已返修
D001928,2026-04-28,L006,M006,焊装,焊点虚焊,1,高,已返修
D001929,2026-04-28,L006,M006,焊装,焊点虚焊,1,中,待确认
D001930,2026-04-28,L007,M007,总装,线束松动,2,高,已返修
D001931,2026-04-28,L007,M008,总装,螺栓扭矩不足,1,低,已返修
D001932,2026-04-28,L008,M004,检测,制动检测异常,2,中,已返修
D001933,2026-04-28,L008,M007,检测,电控报警,2,低,已返修
D001934,2026-04-29,L001,M002,总装,螺栓扭矩不足,3,高,已返修
D001935,2026-04-29,L001,M001,总装,线束松动,4,低,返修中
D001936,2026-04-29,L002,M003,焊装,焊点虚焊,2,高,已返修
D001937,2026-04-29,L002,M003,焊装,焊缝气孔,1,低,已返修
D001938,2026-04-29,L003,M003,总装,螺栓扭矩不足,2,高,已返修
D001939,2026-04-29,L003,M004,总装,螺栓扭矩不足,1,低,已返修
D001940,2026-04-29,L004,M002,涂装,色差,2,中,已返修
D001941,2026-04-29,L004,M001,涂装,色差,3,低,已返修
D001942,2026-04-29,L005,M005,总装,内饰装配偏差,3,中,已返修
D001943,2026-04-29,L005,M005,总装,内饰装配偏差,2,低,已返修
D001944,2026-04-29,L006,M005,焊装,零件错位,3,低,已返修
D001945,2026-04-29,L006,M005,焊装,零件错位,1,中,已返修
D001946,2026-04-29,L007,M007,总装,线束松动,2,中,已返修
D001947,2026-04-29,L007,M008,总装,螺栓扭矩不足,1,高,已返修
D001948,2026-04-29,L008,M006,检测,密封性异常,2,中,已返修
D001949,2026-04-29,L008,M004,检测,电控报警,4,低,已返修
D001950,2026-04-30,L001,M002,总装,线束松动,5,中,待确认
D001951,2026-04-30,L001,M002,总装,内饰装配偏差,2,中,返修中
D001952,2026-04-30,L002,M003,焊装,焊点虚焊,3,中,已返修
D001953,2026-04-30,L002,M004,焊装,焊缝气孔,3,低,已返修
D001954,2026-04-30,L003,M004,总装,内饰装配偏差,2,中,已返修
D001955,2026-04-30,L003,M003,总装,内饰装配偏差,2,低,已返修
D001956,2026-04-30,L004,M002,涂装,颗粒点,2,高,已返修
D001957,2026-04-30,L004,M001,涂装,漆面流挂,2,低,返修中
D001958,2026-04-30,L005,M005,总装,线束松动,2,低,返修中
D001959,2026-04-30,L005,M006,总装,螺栓扭矩不足,1,低,已返修
D001960,2026-04-30,L006,M006,焊装,焊点虚焊,1,低,已返修
D001961,2026-04-30,L006,M006,焊装,焊缝气孔,2,低,已返修
D001962,2026-04-30,L007,M008,总装,线束松动,2,高,已返修
D001963,2026-04-30,L007,M007,总装,螺栓扭矩不足,1,中,已返修
D001964,2026-04-30,L008,M002,检测,密封性异常,3,低,返修中
D001965,2026-04-30,L008,M001,检测,密封性异常,2,低,返修中
D001966,2026-05-01,L001,M002,总装,内饰装配偏差,2,中,已返修
D001967,2026-05-01,L001,M001,总装,内饰装配偏差,2,低,已返修
D001968,2026-05-01,L002,M003,焊装,零件错位,3,低,返修中
D001969,2026-05-01,L002,M003,焊装,零件错位,2,低,返修中
D001970,2026-05-01,L003,M003,总装,螺栓扭矩不足,3,高,已返修
D001971,2026-05-01,L003,M003,总装,线束松动,3,低,已返修
D001972,2026-05-01,L004,M002,涂装,颗粒点,2,低,已返修
D001973,2026-05-01,L004,M001,涂装,漆面流挂,3,高,已返修
D001974,2026-05-01,L005,M006,总装,螺栓扭矩不足,1,低,已返修
D001975,2026-05-01,L005,M005,总装,线束松动,1,低,已返修
D001976,2026-05-01,L006,M006,焊装,焊缝气孔,2,低,已返修
D001977,2026-05-01,L006,M006,焊装,焊点虚焊,2,低,已返修
D001978,2026-05-01,L007,M007,总装,螺栓扭矩不足,2,中,已返修
D001979,2026-05-01,L007,M007,总装,螺栓扭矩不足,2,中,已返修
D001980,2026-05-01,L008,M002,检测,密封性异常,2,高,已返修
D001981,2026-05-01,L008,M001,检测,密封性异常,1,中,已返修
D001982,2026-05-02,L001,M002,总装,线束松动,2,中,已返修
D001983,2026-05-02,L001,M001,总装,螺栓扭矩不足,3,低,待确认
D001984,2026-05-02,L001,M001,总装,内饰装配偏差,1,中,待确认
D001985,2026-05-02,L002,M003,焊装,焊点虚焊,2,低,已返修
D001986,2026-05-02,L002,M003,焊装,零件错位,3,低,已返修
D001987,2026-05-02,L003,M004,总装,螺栓扭矩不足,2,高,已返修
D001988,2026-05-02,L003,M003,总装,线束松动,1,低,待确认
D001989,2026-05-02,L004,M002,涂装,漆面流挂,3,中,已返修
D001990,2026-05-02,L004,M001,涂装,颗粒点,3,中,已返修
D001991,2026-05-02,L005,M005,总装,线束松动,1,低,已返修
D001992,2026-05-02,L005,M006,总装,线束松动,1,低,已返修
D001993,2026-05-02,L006,M005,焊装,零件错位,3,高,返修中
D001994,2026-05-02,L006,M005,焊装,焊点虚焊,2,中,已返修
D001995,2026-05-02,L007,M007,总装,内饰装配偏差,2,高,已返修
D001996,2026-05-02,L007,M008,总装,内饰装配偏差,2,高,已返修
D001997,2026-05-02,L008,M002,检测,密封性异常,3,中,返修中
D001998,2026-05-02,L008,M005,检测,制动检测异常,4,中,已返修
D001999,2026-05-03,L001,M002,总装,线束松动,3,低,已返修
D002000,2026-05-03,L001,M001,总装,内饰装配偏差,3,中,返修中
D002001,2026-05-03,L002,M003,焊装,焊点虚焊,3,低,已返修
D002002,2026-05-03,L002,M003,焊装,焊点虚焊,2,低,已返修
D002003,2026-05-03,L003,M003,总装,螺栓扭矩不足,3,低,返修中
D002004,2026-05-03,L003,M004,总装,线束松动,2,中,返修中
D002005,2026-05-03,L004,M002,涂装,漆面流挂,3,高,已返修
D002006,2026-05-03,L004,M001,涂装,颗粒点,1,高,已返修
D002007,2026-05-03,L005,M006,总装,线束松动,1,低,待确认
D002008,2026-05-03,L005,M006,总装,螺栓扭矩不足,1,中,返修中
D002009,2026-05-03,L006,M006,焊装,焊缝气孔,1,低,已返修
D002010,2026-05-03,L006,M006,焊装,焊点虚焊,1,中,返修中
D002011,2026-05-03,L007,M008,总装,线束松动,3,中,已返修
D002012,2026-05-03,L007,M007,总装,螺栓扭矩不足,3,低,返修中
D002013,2026-05-03,L008,M002,检测,电控报警,4,低,返修中
D002014,2026-05-03,L008,M007,检测,密封性异常,1,低,待确认
D002015,2026-05-04,L001,M002,总装,内饰装配偏差,3,高,已返修
D002016,2026-05-04,L001,M001,总装,螺栓扭矩不足,2,低,已返修
D002017,2026-05-04,L002,M003,焊装,焊缝气孔,3,低,已返修
D002018,2026-05-04,L002,M004,焊装,零件错位,2,中,已返修
D002019,2026-05-04,L003,M003,总装,线束松动,1,低,已返修
D002020,2026-05-04,L003,M003,总装,线束松动,4,低,已返修
D002021,2026-05-04,L004,M001,涂装,色差,2,低,已返修
D002022,2026-05-04,L004,M002,涂装,漆面流挂,1,低,返修中
D002023,2026-05-04,L005,M006,总装,螺栓扭矩不足,1,低,已返修
D002024,2026-05-04,L005,M006,总装,内饰装配偏差,1,低,返修中
D002025,2026-05-04,L006,M006,焊装,焊缝气孔,3,低,返修中
D002026,2026-05-04,L006,M006,焊装,焊缝气孔,1,低,待确认
D002027,2026-05-04,L007,M007,总装,内饰装配偏差,3,低,待确认
D002028,2026-05-04,L007,M008,总装,内饰装配偏差,2,低,返修中
D002029,2026-05-04,L008,M005,检测,制动检测异常,3,中,已返修
D002030,2026-05-04,L008,M005,检测,密封性异常,1,中,已返修
D002031,2026-05-04,L008,M001,检测,电控报警,4,低,返修中
D002032,2026-05-05,L001,M001,总装,内饰装配偏差,3,低,已返修
D002033,2026-05-05,L001,M001,总装,线束松动,4,中,已返修
D002034,2026-05-05,L002,M004,焊装,焊缝气孔,2,低,已返修
D002035,2026-05-05,L002,M003,焊装,焊点虚焊,3,低,返修中
D002036,2026-05-05,L003,M003,总装,内饰装配偏差,1,高,已返修
D002037,2026-05-05,L003,M003,总装,内饰装配偏差,2,低,已返修
D002038,2026-05-05,L004,M002,涂装,漆面流挂,2,低,已返修
D002039,2026-05-05,L004,M001,涂装,色差,4,高,已返修
D002040,2026-05-05,L005,M006,总装,内饰装配偏差,2,低,返修中
D002041,2026-05-05,L005,M005,总装,内饰装配偏差,1,中,已返修
D002042,2026-05-05,L006,M006,焊装,焊点虚焊,3,低,返修中
D002043,2026-05-05,L006,M006,焊装,焊缝气孔,2,低,待确认
D002044,2026-05-05,L007,M008,总装,线束松动,3,低,已返修
D002045,2026-05-05,L007,M007,总装,螺栓扭矩不足,1,高,已返修
D002046,2026-05-05,L008,M001,检测,制动检测异常,3,低,已返修
D002047,2026-05-05,L008,M001,检测,密封性异常,1,中,已返修
D002048,2026-05-05,L008,M002,检测,电控报警,2,低,返修中
D002049,2026-05-06,L001,M002,总装,线束松动,3,低,已返修
D002050,2026-05-06,L001,M001,总装,线束松动,3,中,返修中
D002051,2026-05-06,L002,M003,焊装,焊点虚焊,3,高,已返修
D002052,2026-05-06,L002,M004,焊装,焊缝气孔,5,高,已返修
D002053,2026-05-06,L003,M003,总装,螺栓扭矩不足,2,低,返修中
D002054,2026-05-06,L003,M003,总装,螺栓扭矩不足,2,低,已返修
D002055,2026-05-06,L004,M001,涂装,色差,1,低,已返修
D002056,2026-05-06,L004,M001,涂装,漆面流挂,2,中,返修中
D002057,2026-05-06,L005,M005,总装,内饰装配偏差,3,低,已返修
D002058,2026-05-06,L005,M005,总装,螺栓扭矩不足,1,中,已返修
D002059,2026-05-06,L006,M005,焊装,焊缝气孔,2,中,已返修
D002060,2026-05-06,L006,M006,焊装,焊缝气孔,3,低,已返修
D002061,2026-05-06,L007,M007,总装,内饰装配偏差,1,低,已返修
D002062,2026-05-06,L007,M008,总装,线束松动,1,低,已返修
D002063,2026-05-06,L008,M002,检测,制动检测异常,2,低,已返修
D002064,2026-05-06,L008,M007,检测,制动检测异常,3,低,返修中
D002065,2026-05-07,L001,M002,总装,内饰装配偏差,4,中,已返修
D002066,2026-05-07,L001,M002,总装,螺栓扭矩不足,4,中,已返修
D002067,2026-05-07,L002,M004,焊装,焊点虚焊,4,中,待确认
D002068,2026-05-07,L002,M004,焊装,焊点虚焊,2,低,已返修
D002069,2026-05-07,L003,M004,总装,线束松动,2,低,已返修
D002070,2026-05-07,L003,M004,总装,内饰装配偏差,3,中,已返修
D002071,2026-05-07,L003,M004,总装,螺栓扭矩不足,1,中,已返修
D002072,2026-05-07,L004,M002,涂装,颗粒点,2,高,已返修
D002073,2026-05-07,L004,M002,涂装,颗粒点,2,中,已返修
D002074,2026-05-07,L005,M005,总装,螺栓扭矩不足,1,中,已返修
D002075,2026-05-07,L005,M005,总装,内饰装配偏差,2,低,待确认
D002076,2026-05-07,L006,M006,焊装,焊缝气孔,1,低,返修中
D002077,2026-05-07,L006,M005,焊装,焊缝气孔,2,中,已返修
D002078,2026-05-07,L007,M007,总装,内饰装配偏差,1,低,返修中
D002079,2026-05-07,L007,M007,总装,内饰装配偏差,2,低,已返修
D002080,2026-05-07,L008,M006,检测,制动检测异常,3,中,已返修
D002081,2026-05-07,L008,M002,检测,制动检测异常,2,中,已返修
D002082,2026-05-08,L001,M002,总装,线束松动,4,中,已返修
D002083,2026-05-08,L001,M002,总装,线束松动,3,低,已返修
D002084,2026-05-08,L001,M002,总装,螺栓扭矩不足,1,中,已返修
D002085,2026-05-08,L002,M003,焊装,零件错位,2,中,返修中
D002086,2026-05-08,L002,M003,焊装,零件错位,3,高,已返修
D002087,2026-05-08,L003,M003,总装,螺栓扭矩不足,3,高,已返修
D002088,2026-05-08,L003,M003,总装,线束松动,1,中,已返修
D002089,2026-05-08,L003,M003,总装,内饰装配偏差,1,低,已返修
D002090,2026-05-08,L004,M002,涂装,颗粒点,3,中,待确认
D002091,2026-05-08,L004,M002,涂装,颗粒点,2,低,已返修
D002092,2026-05-08,L005,M006,总装,螺栓扭矩不足,3,低,已返修
D002093,2026-05-08,L005,M005,总装,螺栓扭矩不足,3,低,返修中
D002094,2026-05-08,L006,M005,焊装,焊缝气孔,3,低,已返修
D002095,2026-05-08,L006,M005,焊装,焊缝气孔,2,低,返修中
D002096,2026-05-08,L007,M008,总装,线束松动,1,低,待确认
D002097,2026-05-08,L007,M008,总装,内饰装配偏差,2,低,待确认
D002098,2026-05-08,L008,M004,检测,电控报警,1,中,已返修
D002099,2026-05-08,L008,M004,检测,制动检测异常,4,高,已返修
D002100,2026-05-09,L001,M001,总装,内饰装配偏差,3,中,待确认
D002101,2026-05-09,L001,M002,总装,内饰装配偏差,1,低,已返修
D002102,2026-05-09,L002,M004,焊装,零件错位,2,低,已返修
D002103,2026-05-09,L002,M004,焊装,焊点虚焊,2,高,已返修
D002104,2026-05-09,L003,M003,总装,线束松动,2,中,已返修
D002105,2026-05-09,L003,M004,总装,线束松动,1,低,已返修
D002106,2026-05-09,L004,M001,涂装,色差,1,低,返修中
D002107,2026-05-09,L004,M002,涂装,色差,2,低,待确认
D002108,2026-05-09,L005,M005,总装,线束松动,2,低,返修中
D002109,2026-05-09,L005,M006,总装,螺栓扭矩不足,2,低,已返修
D002110,2026-05-09,L006,M006,焊装,零件错位,2,中,已返修
D002111,2026-05-09,L006,M006,焊装,焊点虚焊,2,低,已返修
D002112,2026-05-09,L007,M008,总装,螺栓扭矩不足,1,低,返修中
D002113,2026-05-09,L007,M007,总装,线束松动,2,中,已返修
D002114,2026-05-09,L008,M005,检测,制动检测异常,2,中,返修中
D002115,2026-05-09,L008,M003,检测,制动检测异常,4,低,返修中
D002116,2026-05-10,L001,M002,总装,线束松动,4,高,已返修
D002117,2026-05-10,L001,M002,总装,螺栓扭矩不足,4,高,已返修
D002118,2026-05-10,L002,M003,焊装,焊缝气孔,2,高,已返修
D002119,2026-05-10,L002,M003,焊装,焊点虚焊,1,中,已返修
D002120,2026-05-10,L003,M004,总装,内饰装配偏差,3,中,返修中
D002121,2026-05-10,L004,M002,涂装,色差,2,低,已返修
D002122,2026-05-10,L004,M002,涂装,色差,1,中,已返修
D002123,2026-05-10,L005,M006,总装,螺栓扭矩不足,2,中,已返修
D002124,2026-05-10,L005,M006,总装,螺栓扭矩不足,2,中,已返修
D002125,2026-05-10,L006,M006,焊装,零件错位,1,低,返修中
D002126,2026-05-10,L007,M007,总装,螺栓扭矩不足,1,中,已返修
D002127,2026-05-10,L007,M008,总装,线束松动,1,高,返修中
D002128,2026-05-10,L008,M003,检测,密封性异常,3,低,返修中
D002129,2026-05-10,L008,M001,检测,密封性异常,1,中,已返修
D002130,2026-05-11,L001,M001,总装,螺栓扭矩不足,3,高,待确认
D002131,2026-05-11,L001,M002,总装,螺栓扭矩不足,2,高,返修中
D002132,2026-05-11,L002,M004,焊装,零件错位,2,中,已返修
D002133,2026-05-11,L002,M003,焊装,焊缝气孔,2,高,已返修
D002134,2026-05-11,L003,M004,总装,线束松动,1,低,已返修
D002135,2026-05-11,L003,M004,总装,螺栓扭矩不足,4,低,已返修
D002136,2026-05-11,L004,M001,涂装,颗粒点,3,低,已返修
D002137,2026-05-11,L004,M002,涂装,颗粒点,1,低,返修中
D002138,2026-05-11,L005,M005,总装,内饰装配偏差,1,低,已返修
D002139,2026-05-11,L005,M005,总装,线束松动,2,低,已返修
D002140,2026-05-11,L006,M006,焊装,焊缝气孔,4,中,已返修
D002141,2026-05-11,L006,M005,焊装,焊缝气孔,1,低,已返修
D002142,2026-05-11,L007,M007,总装,内饰装配偏差,2,中,已返修
D002143,2026-05-11,L007,M008,总装,线束松动,2,中,返修中
D002144,2026-05-11,L008,M002,检测,电控报警,4,低,已返修
D002145,2026-05-11,L008,M002,检测,制动检测异常,1,中,待确认
D002146,2026-05-11,L008,M006,检测,密封性异常,2,中,已返修
D002147,2026-05-12,L001,M002,总装,线束松动,4,低,已返修
D002148,2026-05-12,L001,M001,总装,内饰装配偏差,2,低,已返修
D002149,2026-05-12,L002,M003,焊装,焊缝气孔,3,中,已返修
D002150,2026-05-12,L002,M003,焊装,焊点虚焊,1,中,已返修
D002151,2026-05-12,L002,M004,焊装,焊点虚焊,3,低,返修中
D002152,2026-05-12,L003,M004,总装,螺栓扭矩不足,2,中,已返修
D002153,2026-05-12,L003,M004,总装,内饰装配偏差,2,低,已返修
D002154,2026-05-12,L004,M001,涂装,颗粒点,3,中,已返修
D002155,2026-05-12,L004,M001,涂装,漆面流挂,1,低,已返修
D002156,2026-05-12,L005,M005,总装,线束松动,3,低,已返修
D002157,2026-05-12,L005,M006,总装,线束松动,3,中,待确认
D002158,2026-05-12,L006,M005,焊装,焊缝气孔,1,中,已返修
D002159,2026-05-12,L006,M006,焊装,零件错位,2,中,返修中
D002160,2026-05-12,L007,M007,总装,内饰装配偏差,2,中,返修中
D002161,2026-05-12,L007,M008,总装,螺栓扭矩不足,3,低,返修中
D002162,2026-05-12,L008,M001,检测,电控报警,1,低,已返修
D002163,2026-05-12,L008,M004,检测,电控报警,2,低,已返修
D002164,2026-05-13,L001,M001,总装,螺栓扭矩不足,1,低,待确认
D002165,2026-05-13,L001,M001,总装,内饰装配偏差,1,中,已返修
D002166,2026-05-13,L002,M003,焊装,零件错位,2,中,已返修
D002167,2026-05-13,L002,M003,焊装,焊点虚焊,1,低,已返修
D002168,2026-05-13,L003,M004,总装,螺栓扭矩不足,2,低,返修中
D002169,2026-05-13,L003,M004,总装,线束松动,1,中,返修中
D002170,2026-05-13,L004,M001,涂装,色差,1,中,已返修
D002171,2026-05-13,L004,M002,涂装,漆面流挂,1,中,待确认
D002172,2026-05-13,L005,M005,总装,内饰装配偏差,2,低,已返修
D002173,2026-05-13,L005,M006,总装,螺栓扭矩不足,1,低,已返修
D002174,2026-05-13,L006,M005,焊装,零件错位,3,低,已返修
D002175,2026-05-13,L006,M006,焊装,焊缝气孔,1,低,已返修
D002176,2026-05-13,L007,M008,总装,螺栓扭矩不足,3,中,待确认
D002177,2026-05-13,L007,M007,总装,螺栓扭矩不足,1,低,已返修
D002178,2026-05-13,L008,M008,检测,制动检测异常,2,中,已返修
D002179,2026-05-13,L008,M008,检测,密封性异常,3,低,已返修
D002180,2026-05-14,L001,M002,总装,螺栓扭矩不足,4,中,返修中
D002181,2026-05-14,L001,M001,总装,线束松动,2,中,返修中
D002182,2026-05-14,L002,M004,焊装,焊点虚焊,3,高,已返修
D002183,2026-05-14,L002,M003,焊装,零件错位,2,低,已返修
D002184,2026-05-14,L003,M004,总装,内饰装配偏差,2,中,已返修
D002185,2026-05-14,L003,M004,总装,线束松动,4,低,返修中
D002186,2026-05-14,L004,M001,涂装,色差,4,高,已返修
D002187,2026-05-14,L004,M002,涂装,颗粒点,2,低,已返修
D002188,2026-05-14,L005,M006,总装,线束松动,3,中,待确认
D002189,2026-05-14,L005,M006,总装,内饰装配偏差,1,低,已返修
D002190,2026-05-14,L006,M005,焊装,焊点虚焊,1,中,已返修
D002191,2026-05-14,L006,M006,焊装,焊点虚焊,1,中,已返修
D002192,2026-05-14,L007,M008,总装,螺栓扭矩不足,2,低,已返修
D002193,2026-05-14,L007,M008,总装,内饰装配偏差,1,低,返修中
D002194,2026-05-14,L008,M002,检测,制动检测异常,2,低,已返修
D002195,2026-05-14,L008,M004,检测,制动检测异常,1,低,已返修
D002196,2026-05-15,L001,M002,总装,线束松动,3,低,返修中
D002197,2026-05-15,L001,M001,总装,螺栓扭矩不足,3,中,返修中
D002198,2026-05-15,L002,M004,焊装,焊点虚焊,2,低,已返修
D002199,2026-05-15,L002,M003,焊装,零件错位,2,低,待确认
D002200,2026-05-15,L003,M004,总装,内饰装配偏差,4,中,已返修
D002201,2026-05-15,L003,M004,总装,内饰装配偏差,4,低,返修中
D002202,2026-05-15,L004,M002,涂装,颗粒点,2,中,已返修
D002203,2026-05-15,L004,M002,涂装,色差,2,中,返修中
D002204,2026-05-15,L005,M005,总装,内饰装配偏差,2,中,待确认
D002205,2026-05-15,L005,M006,总装,线束松动,2,低,已返修
D002206,2026-05-15,L006,M005,焊装,零件错位,1,中,已返修
D002207,2026-05-15,L006,M005,焊装,零件错位,3,低,已返修
D002208,2026-05-15,L007,M008,总装,线束松动,1,高,已返修
D002209,2026-05-15,L007,M007,总装,螺栓扭矩不足,2,低,已返修
D002210,2026-05-15,L008,M001,检测,密封性异常,2,低,已返修
D002211,2026-05-15,L008,M002,检测,制动检测异常,2,低,已返修
D002212,2026-05-16,L001,M002,总装,线束松动,1,中,已返修
D002213,2026-05-16,L001,M001,总装,螺栓扭矩不足,2,高,返修中
D002214,2026-05-16,L002,M003,焊装,焊缝气孔,1,低,已返修
D002215,2026-05-16,L002,M004,焊装,焊缝气孔,3,高,返修中
D002216,2026-05-16,L002,M004,焊装,零件错位,1,中,已返修
D002217,2026-05-16,L003,M004,总装,内饰装配偏差,1,低,已返修
D002218,2026-05-16,L003,M003,总装,螺栓扭矩不足,4,低,已返修
D002219,2026-05-16,L004,M002,涂装,色差,3,低,已返修
D002220,2026-05-16,L004,M001,涂装,颗粒点,2,低,已返修
D002221,2026-05-16,L005,M006,总装,内饰装配偏差,3,低,已返修
D002222,2026-05-16,L005,M005,总装,线束松动,2,低,已返修
D002223,2026-05-16,L006,M006,焊装,焊缝气孔,3,低,待确认
D002224,2026-05-16,L006,M005,焊装,零件错位,2,中,返修中
D002225,2026-05-16,L007,M008,总装,线束松动,1,低,已返修
D002226,2026-05-16,L007,M008,总装,线束松动,1,低,已返修
D002227,2026-05-16,L008,M005,检测,电控报警,3,低,已返修
D002228,2026-05-16,L008,M005,检测,制动检测异常,1,中,已返修
D002229,2026-05-16,L008,M001,检测,制动检测异常,2,低,已返修
D002230,2026-05-17,L001,M002,总装,线束松动,3,低,待确认
D002231,2026-05-17,L001,M002,总装,螺栓扭矩不足,2,中,已返修
D002232,2026-05-17,L002,M004,焊装,焊缝气孔,2,中,已返修
D002233,2026-05-17,L002,M003,焊装,焊缝气孔,1,低,已返修
D002234,2026-05-17,L003,M003,总装,线束松动,1,低,已返修
D002235,2026-05-17,L003,M003,总装,螺栓扭矩不足,1,中,已返修
D002236,2026-05-17,L004,M001,涂装,颗粒点,2,中,已返修
D002237,2026-05-17,L004,M002,涂装,色差,1,中,已返修
D002238,2026-05-17,L005,M006,总装,线束松动,1,低,返修中
D002239,2026-05-17,L005,M005,总装,线束松动,1,中,待确认
D002240,2026-05-17,L006,M006,焊装,零件错位,1,低,已返修
D002241,2026-05-17,L006,M006,焊装,零件错位,1,低,已返修
D002242,2026-05-17,L007,M008,总装,内饰装配偏差,3,低,已返修
D002243,2026-05-17,L007,M008,总装,内饰装配偏差,1,低,已返修
D002244,2026-05-17,L008,M007,检测,制动检测异常,1,高,已返修
D002245,2026-05-17,L008,M001,检测,电控报警,3,中,返修中
D002246,2026-05-18,L001,M002,总装,螺栓扭矩不足,3,低,已返修
D002247,2026-05-18,L001,M001,总装,线束松动,2,低,返修中
D002248,2026-05-18,L002,M003,焊装,焊点虚焊,2,低,已返修
D002249,2026-05-18,L002,M003,焊装,焊缝气孔,2,中,待确认
D002250,2026-05-18,L003,M003,总装,内饰装配偏差,2,低,已返修
D002251,2026-05-18,L003,M004,总装,线束松动,2,中,已返修
D002252,2026-05-18,L004,M002,涂装,漆面流挂,1,低,已返修
D002253,2026-05-18,L004,M002,涂装,颗粒点,1,低,已返修
D002254,2026-05-18,L005,M006,总装,线束松动,2,高,已返修
D002255,2026-05-18,L005,M005,总装,线束松动,3,低,已返修
D002256,2026-05-18,L006,M005,焊装,零件错位,3,中,已返修
D002257,2026-05-18,L006,M005,焊装,焊点虚焊,3,低,已返修
D002258,2026-05-18,L007,M008,总装,内饰装配偏差,3,中,返修中
D002259,2026-05-18,L007,M007,总装,螺栓扭矩不足,1,低,已返修
D002260,2026-05-18,L008,M004,检测,制动检测异常,3,低,已返修
D002261,2026-05-18,L008,M007,检测,制动检测异常,2,中,返修中
D002262,2026-05-19,L001,M002,总装,内饰装配偏差,3,低,已返修
D002263,2026-05-19,L001,M002,总装,线束松动,3,低,已返修
D002264,2026-05-19,L002,M004,焊装,焊点虚焊,1,低,已返修
D002265,2026-05-19,L002,M003,焊装,焊缝气孔,3,中,已返修
D002266,2026-05-19,L003,M003,总装,螺栓扭矩不足,3,低,返修中
D002267,2026-05-19,L003,M003,总装,螺栓扭矩不足,1,中,已返修
D002268,2026-05-19,L004,M002,涂装,色差,1,低,已返修
D002269,2026-05-19,L004,M002,涂装,漆面流挂,1,高,待确认
D002270,2026-05-19,L005,M005,总装,内饰装配偏差,1,低,已返修
D002271,2026-05-19,L005,M005,总装,内饰装配偏差,1,低,已返修
D002272,2026-05-19,L006,M006,焊装,零件错位,3,中,已返修
D002273,2026-05-19,L006,M006,焊装,焊点虚焊,3,低,返修中
D002274,2026-05-19,L007,M007,总装,螺栓扭矩不足,4,低,已返修
D002275,2026-05-19,L007,M008,总装,螺栓扭矩不足,2,中,返修中
D002276,2026-05-19,L008,M008,检测,电控报警,4,低,已返修
D002277,2026-05-19,L008,M006,检测,密封性异常,3,低,已返修
D002278,2026-05-19,L008,M006,检测,制动检测异常,1,中,已返修
D002279,2026-05-20,L001,M001,总装,螺栓扭矩不足,2,中,已返修
D002280,2026-05-20,L001,M001,总装,线束松动,4,低,已返修
D002281,2026-05-20,L002,M004,焊装,焊缝气孔,4,低,返修中
D002282,2026-05-20,L002,M003,焊装,零件错位,4,中,已返修
D002283,2026-05-20,L003,M004,总装,内饰装配偏差,3,低,已返修
D002284,2026-05-20,L003,M003,总装,内饰装配偏差,3,中,已返修
D002285,2026-05-20,L004,M001,涂装,色差,4,低,已返修
D002286,2026-05-20,L004,M002,涂装,色差,3,低,已返修
D002287,2026-05-20,L005,M006,总装,内饰装配偏差,3,高,已返修
D002288,2026-05-20,L005,M005,总装,内饰装配偏差,1,低,返修中
D002289,2026-05-20,L006,M005,焊装,焊点虚焊,2,高,返修中
D002290,2026-05-20,L006,M005,焊装,零件错位,1,中,待确认
D002291,2026-05-20,L007,M007,总装,螺栓扭矩不足,1,高,返修中
D002292,2026-05-20,L007,M008,总装,线束松动,1,低,已返修
D002293,2026-05-20,L008,M002,检测,电控报警,4,低,返修中
D002294,2026-05-20,L008,M006,检测,制动检测异常,3,中,已返修
D002295,2026-05-20,L008,M006,检测,电控报警,1,中,已返修
D002296,2026-05-21,L001,M001,总装,螺栓扭矩不足,1,低,已返修
D002297,2026-05-21,L001,M002,总装,线束松动,4,低,返修中
D002298,2026-05-21,L002,M003,焊装,焊缝气孔,1,中,已返修
D002299,2026-05-21,L002,M004,焊装,零件错位,4,中,待确认
D002300,2026-05-21,L003,M003,总装,螺栓扭矩不足,2,低,已返修
D002301,2026-05-21,L003,M004,总装,螺栓扭矩不足,2,低,已返修
D002302,2026-05-21,L004,M002,涂装,颗粒点,1,中,已返修
D002303,2026-05-21,L004,M001,涂装,色差,2,中,已返修
D002304,2026-05-21,L005,M006,总装,螺栓扭矩不足,1,中,已返修
D002305,2026-05-21,L005,M005,总装,内饰装配偏差,2,中,已返修
D002306,2026-05-21,L006,M005,焊装,零件错位,2,低,返修中
D002307,2026-05-21,L006,M005,焊装,焊缝气孔,2,低,已返修
D002308,2026-05-21,L007,M007,总装,螺栓扭矩不足,1,低,待确认
D002309,2026-05-21,L007,M008,总装,线束松动,3,低,已返修
D002310,2026-05-21,L008,M003,检测,密封性异常,4,低,已返修
D002311,2026-05-21,L008,M003,检测,制动检测异常,4,中,已返修
D002312,2026-05-22,L001,M001,总装,线束松动,3,中,已返修
D002313,2026-05-22,L001,M001,总装,线束松动,1,中,已返修
D002314,2026-05-22,L002,M004,焊装,零件错位,2,低,已返修
D002315,2026-05-22,L002,M003,焊装,焊缝气孔,3,低,已返修
D002316,2026-05-22,L003,M004,总装,内饰装配偏差,1,低,已返修
D002317,2026-05-22,L003,M003,总装,内饰装配偏差,2,中,已返修
D002318,2026-05-22,L004,M001,涂装,颗粒点,3,中,待确认
D002319,2026-05-22,L004,M002,涂装,颗粒点,3,中,待确认
D002320,2026-05-22,L005,M006,总装,线束松动,1,高,返修中
D002321,2026-05-22,L005,M005,总装,内饰装配偏差,1,低,已返修
D002322,2026-05-22,L006,M006,焊装,焊缝气孔,2,低,已返修
D002323,2026-05-22,L006,M005,焊装,零件错位,1,中,返修中
D002324,2026-05-22,L007,M007,总装,螺栓扭矩不足,3,中,已返修
D002325,2026-05-22,L007,M008,总装,线束松动,3,高,已返修
D002326,2026-05-22,L008,M008,检测,电控报警,3,低,已返修
D002327,2026-05-22,L008,M003,检测,制动检测异常,3,中,已返修
D002328,2026-05-23,L001,M002,总装,内饰装配偏差,2,低,已返修
D002329,2026-05-23,L001,M002,总装,线束松动,1,中,已返修
D002330,2026-05-23,L002,M003,焊装,焊缝气孔,2,低,已返修
D002331,2026-05-23,L002,M003,焊装,焊缝气孔,1,低,已返修
D002332,2026-05-23,L003,M004,总装,螺栓扭矩不足,3,低,待确认
D002333,2026-05-23,L003,M003,总装,内饰装配偏差,2,低,已返修
D002334,2026-05-23,L004,M001,涂装,色差,1,低,待确认
D002335,2026-05-23,L004,M001,涂装,颗粒点,3,高,已返修
D002336,2026-05-23,L005,M006,总装,线束松动,1,中,已返修
D002337,2026-05-23,L005,M005,总装,线束松动,1,低,已返修
D002338,2026-05-23,L006,M006,焊装,零件错位,3,低,已返修
D002339,2026-05-23,L006,M005,焊装,零件错位,2,低,已返修
D002340,2026-05-23,L007,M007,总装,内饰装配偏差,2,高,已返修
D002341,2026-05-23,L007,M007,总装,内饰装配偏差,3,中,已返修
D002342,2026-05-23,L008,M004,检测,密封性异常,2,中,已返修
D002343,2026-05-23,L008,M001,检测,电控报警,1,高,返修中
D002344,2026-05-24,L001,M001,总装,内饰装配偏差,4,低,已返修
D002345,2026-05-24,L001,M001,总装,螺栓扭矩不足,3,低,待确认
D002346,2026-05-24,L002,M003,焊装,焊缝气孔,2,低,待确认
D002347,2026-05-24,L002,M004,焊装,焊点虚焊,2,高,已返修
D002348,2026-05-24,L003,M004,总装,线束松动,1,低,已返修
D002349,2026-05-24,L003,M003,总装,内饰装配偏差,1,中,返修中
D002350,2026-05-24,L004,M001,涂装,漆面流挂,2,低,已返修
D002351,2026-05-24,L004,M002,涂装,色差,1,低,已返修
D002352,2026-05-24,L005,M006,总装,内饰装配偏差,2,低,已返修
D002353,2026-05-24,L005,M005,总装,内饰装配偏差,1,低,已返修
D002354,2026-05-24,L006,M005,焊装,焊缝气孔,1,低,返修中
D002355,2026-05-24,L006,M005,焊装,焊点虚焊,3,低,已返修
D002356,2026-05-24,L007,M008,总装,内饰装配偏差,1,低,返修中
D002357,2026-05-24,L008,M007,检测,电控报警,3,低,已返修
D002358,2026-05-24,L008,M005,检测,制动检测异常,3,低,已返修
D002359,2026-05-25,L001,M002,总装,线束松动,2,低,已返修
D002360,2026-05-25,L001,M001,总装,内饰装配偏差,4,低,已返修
D002361,2026-05-25,L002,M004,焊装,焊点虚焊,4,中,返修中
D002362,2026-05-25,L002,M003,焊装,焊点虚焊,3,低,返修中
D002363,2026-05-25,L003,M004,总装,螺栓扭矩不足,2,低,返修中
D002364,2026-05-25,L003,M004,总装,螺栓扭矩不足,1,低,已返修
D002365,2026-05-25,L004,M001,涂装,色差,1,低,返修中
D002366,2026-05-25,L004,M001,涂装,颗粒点,2,低,已返修
D002367,2026-05-25,L005,M005,总装,螺栓扭矩不足,1,高,已返修
D002368,2026-05-25,L005,M006,总装,线束松动,2,高,返修中
D002369,2026-05-25,L006,M006,焊装,焊缝气孔,4,低,已返修
D002370,2026-05-25,L006,M006,焊装,零件错位,2,低,已返修
D002371,2026-05-25,L007,M007,总装,线束松动,2,中,已返修
D002372,2026-05-25,L007,M007,总装,内饰装配偏差,1,低,已返修
D002373,2026-05-25,L008,M007,检测,密封性异常,1,低,已返修
D002374,2026-05-25,L008,M003,检测,电控报警,2,低,已返修
D002375,2026-05-26,L001,M002,总装,内饰装配偏差,2,高,已返修
D002376,2026-05-26,L001,M001,总装,线束松动,2,低,返修中
D002377,2026-05-26,L002,M004,焊装,焊缝气孔,2,中,已返修
D002378,2026-05-26,L002,M003,焊装,零件错位,2,低,已返修
D002379,2026-05-26,L003,M004,总装,螺栓扭矩不足,1,低,已返修
D002380,2026-05-26,L003,M004,总装,螺栓扭矩不足,3,低,已返修
D002381,2026-05-26,L004,M002,涂装,色差,4,低,已返修
D002382,2026-05-26,L004,M001,涂装,色差,2,中,返修中
D002383,2026-05-26,L005,M006,总装,螺栓扭矩不足,3,低,已返修
D002384,2026-05-26,L005,M006,总装,螺栓扭矩不足,4,低,已返修
D002385,2026-05-26,L006,M005,焊装,焊点虚焊,2,低,已返修
D002386,2026-05-26,L006,M005,焊装,零件错位,3,高,已返修
D002387,2026-05-26,L007,M007,总装,内饰装配偏差,3,低,已返修
D002388,2026-05-26,L007,M007,总装,内饰装配偏差,3,中,已返修
D002389,2026-05-26,L008,M005,检测,电控报警,4,低,返修中
D002390,2026-05-26,L008,M001,检测,密封性异常,3,低,已返修
D002391,2026-05-27,L001,M002,总装,内饰装配偏差,3,低,已返修
D002392,2026-05-27,L001,M001,总装,线束松动,3,低,已返修
D002393,2026-05-27,L001,M001,总装,螺栓扭矩不足,1,中,已返修
D002394,2026-05-27,L002,M004,焊装,焊缝气孔,1,低,已返修
D002395,2026-05-27,L002,M003,焊装,焊点虚焊,2,高,返修中
D002396,2026-05-27,L003,M004,总装,线束松动,3,低,返修中
D002397,2026-05-27,L003,M004,总装,内饰装配偏差,3,低,返修中
D002398,2026-05-27,L004,M002,涂装,颗粒点,2,低,返修中
D002399,2026-05-27,L004,M001,涂装,色差,2,低,返修中
D002400,2026-05-27,L005,M006,总装,螺栓扭矩不足,3,中,返修中
D002401,2026-05-27,L005,M006,总装,内饰装配偏差,2,低,返修中
D002402,2026-05-27,L006,M006,焊装,焊缝气孔,1,低,已返修
D002403,2026-05-27,L006,M005,焊装,焊缝气孔,1,高,已返修
D002404,2026-05-27,L007,M008,总装,螺栓扭矩不足,3,低,已返修
D002405,2026-05-27,L007,M008,总装,线束松动,3,低,待确认
D002406,2026-05-27,L008,M005,检测,密封性异常,2,中,已返修
D002407,2026-05-27,L008,M008,检测,电控报警,2,中,已返修
D002408,2026-05-28,L001,M002,总装,内饰装配偏差,3,低,已返修
D002409,2026-05-28,L001,M001,总装,线束松动,4,低,返修中
D002410,2026-05-28,L002,M004,焊装,零件错位,2,低,返修中
D002411,2026-05-28,L002,M004,焊装,零件错位,4,低,返修中
D002412,2026-05-28,L003,M004,总装,内饰装配偏差,4,低,已返修
D002413,2026-05-28,L003,M004,总装,内饰装配偏差,2,中,已返修
D002414,2026-05-28,L004,M002,涂装,颗粒点,4,低,已返修
D002415,2026-05-28,L004,M002,涂装,色差,2,低,已返修
D002416,2026-05-28,L005,M006,总装,螺栓扭矩不足,2,中,已返修
D002417,2026-05-28,L005,M006,总装,内饰装配偏差,3,低,已返修
D002418,2026-05-28,L006,M005,焊装,焊缝气孔,3,高,已返修
D002419,2026-05-28,L006,M005,焊装,焊点虚焊,3,中,已返修
D002420,2026-05-28,L007,M008,总装,线束松动,1,中,已返修
D002421,2026-05-28,L007,M008,总装,线束松动,3,低,已返修
D002422,2026-05-28,L008,M004,检测,制动检测异常,3,低,返修中
D002423,2026-05-28,L008,M004,检测,制动检测异常,2,低,已返修
D002424,2026-05-29,L001,M002,总装,螺栓扭矩不足,3,低,已返修
D002425,2026-05-29,L001,M001,总装,螺栓扭矩不足,2,低,已返修
D002426,2026-05-29,L002,M003,焊装,零件错位,3,高,返修中
D002427,2026-05-29,L002,M004,焊装,焊点虚焊,3,低,已返修
D002428,2026-05-29,L003,M004,总装,内饰装配偏差,2,中,已返修
D002429,2026-05-29,L003,M004,总装,内饰装配偏差,3,低,已返修
D002430,2026-05-29,L004,M002,涂装,漆面流挂,2,中,已返修
D002431,2026-05-29,L004,M002,涂装,颗粒点,4,中,已返修
D002432,2026-05-29,L005,M005,总装,螺栓扭矩不足,1,中,已返修
D002433,2026-05-29,L005,M006,总装,螺栓扭矩不足,3,低,已返修
D002434,2026-05-29,L006,M006,焊装,焊缝气孔,1,中,已返修
D002435,2026-05-29,L006,M005,焊装,焊缝气孔,2,低,已返修
D002436,2026-05-29,L007,M007,总装,内饰装配偏差,3,中,已返修
D002437,2026-05-29,L007,M008,总装,线束松动,3,低,返修中
D002438,2026-05-29,L008,M001,检测,制动检测异常,1,中,已返修
D002439,2026-05-29,L008,M001,检测,制动检测异常,3,低,已返修
D002440,2026-05-30,L001,M002,总装,内饰装配偏差,3,中,已返修
D002441,2026-05-30,L001,M002,总装,螺栓扭矩不足,3,低,已返修
D002442,2026-05-30,L002,M004,焊装,零件错位,1,中,已返修
D002443,2026-05-30,L002,M004,焊装,焊点虚焊,2,中,已返修
D002444,2026-05-30,L003,M003,总装,内饰装配偏差,2,低,返修中
D002445,2026-05-30,L003,M003,总装,螺栓扭矩不足,1,低,返修中
D002446,2026-05-30,L004,M002,涂装,颗粒点,3,中,已返修
D002447,2026-05-30,L004,M001,涂装,色差,1,低,已返修
D002448,2026-05-30,L005,M005,总装,线束松动,3,低,返修中
D002449,2026-05-30,L005,M006,总装,螺栓扭矩不足,2,中,返修中
D002450,2026-05-30,L006,M005,焊装,零件错位,1,低,返修中
D002451,2026-05-30,L006,M006,焊装,焊点虚焊,1,低,已返修
D002452,2026-05-30,L007,M008,总装,内饰装配偏差,1,低,已返修
D002453,2026-05-30,L008,M008,检测,密封性异常,2,高,待确认
D002454,2026-05-30,L008,M001,检测,电控报警,3,低,已返修
D002455,2026-05-31,L001,M002,总装,螺栓扭矩不足,2,中,已返修
D002456,2026-05-31,L001,M002,总装,螺栓扭矩不足,2,低,返修中
D002457,2026-05-31,L002,M003,焊装,焊缝气孔,1,低,返修中
D002458,2026-05-31,L002,M003,焊装,焊缝气孔,2,中,已返修
D002459,2026-05-31,L003,M003,总装,螺栓扭矩不足,2,低,返修中
D002460,2026-05-31,L003,M003,总装,内饰装配偏差,1,低,返修中
D002461,2026-05-31,L004,M001,涂装,颗粒点,1,低,已返修
D002462,2026-05-31,L004,M002,涂装,颗粒点,3,中,返修中
D002463,2026-05-31,L005,M005,总装,内饰装配偏差,1,中,已返修
D002464,2026-05-31,L005,M005,总装,线束松动,2,低,待确认
D002465,2026-05-31,L006,M006,焊装,零件错位,3,中,已返修
D002466,2026-05-31,L006,M005,焊装,零件错位,3,低,已返修
D002467,2026-05-31,L007,M007,总装,线束松动,1,低,已返修
D002468,2026-05-31,L007,M008,总装,内饰装配偏差,3,低,返修中
D002469,2026-05-31,L008,M003,检测,制动检测异常,1,中,已返修
D002470,2026-05-31,L008,M008,检测,制动检测异常,3,低,已返修
D002471,2026-06-01,L001,M001,总装,螺栓扭矩不足,2,低,已返修
D002472,2026-06-01,L001,M002,总装,螺栓扭矩不足,4,低,已返修
D002473,2026-06-01,L002,M003,焊装,焊点虚焊,17,高,已返修
D002474,2026-06-01,L002,M003,焊装,焊点虚焊,14,高,已返修
D002475,2026-06-01,L002,M003,焊装,焊缝气孔,2,中,已返修
D002476,2026-06-01,L003,M003,总装,线束松动,2,中,返修中
D002477,2026-06-01,L003,M003,总装,内饰装配偏差,1,中,已返修
D002478,2026-06-01,L004,M001,涂装,色差,1,低,已返修
D002479,2026-06-01,L004,M002,涂装,色差,1,中,返修中
D002480,2026-06-01,L005,M005,总装,内饰装配偏差,1,中,待确认
D002481,2026-06-01,L005,M006,总装,线束松动,2,低,已返修
D002482,2026-06-01,L006,M005,焊装,零件错位,2,低,已返修
D002483,2026-06-01,L006,M005,焊装,零件错位,3,高,返修中
D002484,2026-06-01,L006,M005,焊装,焊点虚焊,1,中,已返修
D002485,2026-06-01,L007,M008,总装,线束松动,3,高,已返修
D002486,2026-06-01,L007,M007,总装,线束松动,3,低,已返修
D002487,2026-06-01,L008,M006,检测,密封性异常,2,低,待确认
D002488,2026-06-01,L008,M001,检测,密封性异常,2,低,返修中
D002489,2026-06-02,L001,M001,总装,螺栓扭矩不足,2,中,已返修
D002490,2026-06-02,L001,M001,总装,内饰装配偏差,4,中,已返修
D002491,2026-06-02,L002,M004,焊装,焊点虚焊,2,低,已返修
D002492,2026-06-02,L002,M003,焊装,焊点虚焊,10,高,已返修
D002493,2026-06-02,L002,M003,焊装,焊缝气孔,4,中,已返修
D002494,2026-06-02,L003,M003,总装,线束松动,4,中,返修中
D002495,2026-06-02,L003,M003,总装,线束松动,2,中,已返修
D002496,2026-06-02,L004,M002,涂装,颗粒点,1,中,返修中
D002497,2026-06-02,L004,M002,涂装,色差,2,中,已返修
D002498,2026-06-02,L005,M006,总装,螺栓扭矩不足,2,中,已返修
D002499,2026-06-02,L005,M006,总装,螺栓扭矩不足,3,低,已返修
D002500,2026-06-02,L006,M005,焊装,零件错位,2,低,已返修
D002501,2026-06-02,L006,M005,焊装,零件错位,2,低,已返修
D002502,2026-06-02,L007,M007,总装,内饰装配偏差,2,中,已返修
D002503,2026-06-02,L007,M007,总装,线束松动,2,低,已返修
D002504,2026-06-02,L008,M008,检测,制动检测异常,3,中,待确认
D002505,2026-06-02,L008,M001,检测,制动检测异常,3,低,已返修
D002506,2026-06-03,L001,M001,总装,线束松动,2,低,返修中
D002507,2026-06-03,L001,M001,总装,螺栓扭矩不足,5,低,已返修
D002508,2026-06-03,L002,M003,焊装,焊点虚焊,11,高,返修中
D002509,2026-06-03,L002,M003,焊装,焊缝气孔,5,中,待确认
D002510,2026-06-03,L002,M003,焊装,焊点虚焊,11,高,已返修
D002511,2026-06-03,L003,M003,总装,内饰装配偏差,2,低,已返修
D002512,2026-06-03,L003,M003,总装,线束松动,1,低,已返修
D002513,2026-06-03,L004,M002,涂装,色差,3,高,已返修
D002514,2026-06-03,L004,M001,涂装,漆面流挂,3,低,已返修
D002515,2026-06-03,L005,M005,总装,线束松动,1,低,已返修
D002516,2026-06-03,L005,M006,总装,螺栓扭矩不足,2,中,已返修
D002517,2026-06-03,L006,M005,焊装,零件错位,1,低,已返修
D002518,2026-06-03,L006,M005,焊装,焊缝气孔,1,低,返修中
D002519,2026-06-03,L007,M008,总装,线束松动,3,低,已返修
D002520,2026-06-03,L007,M008,总装,螺栓扭矩不足,2,中,已返修
D002521,2026-06-03,L008,M006,检测,制动检测异常,3,低,已返修
D002522,2026-06-03,L008,M006,检测,密封性异常,1,中,返修中
D002523,2026-06-03,L008,M007,检测,制动检测异常,4,低,已返修
D002524,2026-06-04,L001,M001,总装,内饰装配偏差,3,低,已返修
D002525,2026-06-04,L001,M002,总装,内饰装配偏差,4,中,已返修
D002526,2026-06-04,L001,M002,总装,线束松动,1,中,已返修
D002527,2026-06-04,L002,M003,焊装,焊点虚焊,13,高,已返修
D002528,2026-06-04,L002,M003,焊装,焊缝气孔,3,中,返修中
D002529,2026-06-04,L002,M003,焊装,焊点虚焊,8,高,返修中
D002530,2026-06-04,L002,M003,焊装,焊缝气孔,5,中,已返修
D002531,2026-06-04,L003,M004,总装,螺栓扭矩不足,2,中,已返修
D002532,2026-06-04,L003,M003,总装,内饰装配偏差,2,低,已返修
D002533,2026-06-04,L004,M001,涂装,颗粒点,3,低,返修中
D002534,2026-06-04,L004,M001,涂装,漆面流挂,1,中,已返修
D002535,2026-06-04,L004,M001,涂装,颗粒点,2,低,已返修
D002536,2026-06-04,L005,M005,总装,内饰装配偏差,2,中,已返修
D002537,2026-06-04,L005,M005,总装,线束松动,2,低,已返修
D002538,2026-06-04,L006,M006,焊装,焊点虚焊,1,低,返修中
D002539,2026-06-04,L006,M006,焊装,零件错位,4,低,已返修
D002540,2026-06-04,L007,M008,总装,螺栓扭矩不足,2,低,返修中
D002541,2026-06-04,L007,M007,总装,螺栓扭矩不足,1,低,已返修
D002542,2026-06-04,L008,M007,检测,密封性异常,3,中,已返修
D002543,2026-06-04,L008,M007,检测,制动检测异常,1,中,已返修
D002544,2026-06-04,L008,M003,检测,电控报警,3,低,待确认
D002545,2026-06-04,L008,M003,检测,制动检测异常,1,中,返修中
D002546,2026-06-05,L001,M001,总装,内饰装配偏差,3,低,已返修
D002547,2026-06-05,L001,M002,总装,线束松动,3,低,已返修
D002548,2026-06-05,L001,M002,总装,螺栓扭矩不足,1,中,已返修
D002549,2026-06-05,L002,M003,焊装,焊点虚焊,14,高,返修中
D002550,2026-06-05,L002,M003,焊装,焊点虚焊,16,高,已返修
D002551,2026-06-05,L003,M003,总装,内饰装配偏差,1,高,已返修
D002552,2026-06-05,L003,M003,总装,线束松动,2,低,已返修
D002553,2026-06-05,L004,M002,涂装,漆面流挂,1,低,待确认
D002554,2026-06-05,L004,M002,涂装,颗粒点,1,低,待确认
D002555,2026-06-05,L005,M005,总装,内饰装配偏差,3,低,已返修
D002556,2026-06-05,L005,M006,总装,螺栓扭矩不足,3,中,已返修
D002557,2026-06-05,L006,M006,焊装,零件错位,1,高,已返修
D002558,2026-06-05,L006,M005,焊装,零件错位,4,低,返修中
D002559,2026-06-05,L007,M008,总装,螺栓扭矩不足,1,低,已返修
D002560,2026-06-05,L007,M007,总装,内饰装配偏差,2,低,已返修
D002561,2026-06-05,L008,M001,检测,制动检测异常,2,低,已返修
D002562,2026-06-05,L008,M004,检测,制动检测异常,3,中,返修中
D002563,2026-06-06,L001,M001,总装,线束松动,4,中,已返修
D002564,2026-06-06,L001,M002,总装,线束松动,2,中,待确认
D002565,2026-06-06,L002,M003,焊装,焊点虚焊,10,高,已返修
D002566,2026-06-06,L002,M003,焊装,焊缝气孔,4,中,已返修
D002567,2026-06-06,L002,M003,焊装,焊点虚焊,11,高,已返修
D002568,2026-06-06,L002,M003,焊装,焊缝气孔,4,中,已返修
D002569,2026-06-06,L003,M004,总装,内饰装配偏差,2,中,返修中
D002570,2026-06-06,L003,M003,总装,线束松动,1,中,已返修
D002571,2026-06-06,L004,M001,涂装,漆面流挂,1,低,待确认
D002572,2026-06-06,L004,M002,涂装,色差,2,低,返修中
D002573,2026-06-06,L005,M005,总装,螺栓扭矩不足,1,高,已返修
D002574,2026-06-06,L005,M006,总装,内饰装配偏差,1,低,已返修
D002575,2026-06-06,L006,M005,焊装,零件错位,1,低,已返修
D002576,2026-06-06,L006,M006,焊装,焊缝气孔,1,低,已返修
D002577,2026-06-06,L007,M007,总装,线束松动,2,中,已返修
D002578,2026-06-06,L007,M007,总装,线束松动,1,低,已返修
D002579,2026-06-06,L008,M003,检测,密封性异常,1,低,已返修
D002580,2026-06-06,L008,M007,检测,电控报警,3,低,已返修
D002581,2026-06-07,L001,M001,总装,内饰装配偏差,1,中,已返修
D002582,2026-06-07,L001,M001,总装,线束松动,2,高,已返修
D002583,2026-06-07,L002,M004,焊装,焊缝气孔,3,高,已返修
D002584,2026-06-07,L002,M004,焊装,焊缝气孔,3,低,已返修
D002585,2026-06-07,L003,M003,总装,内饰装配偏差,2,低,已返修
D002586,2026-06-07,L003,M003,总装,螺栓扭矩不足,3,中,待确认
D002587,2026-06-07,L004,M002,涂装,颗粒点,3,低,返修中
D002588,2026-06-07,L004,M002,涂装,色差,1,低,已返修
D002589,2026-06-07,L005,M006,总装,内饰装配偏差,1,高,已返修
D002590,2026-06-07,L005,M006,总装,螺栓扭矩不足,1,低,返修中
D002591,2026-06-07,L006,M005,焊装,焊缝气孔,2,低,返修中
D002592,2026-06-07,L006,M006,焊装,焊点虚焊,1,中,已返修
D002593,2026-06-07,L007,M008,总装,线束松动,1,低,待确认
D002594,2026-06-07,L007,M008,总装,线束松动,3,中,已返修
D002595,2026-06-07,L008,M003,检测,制动检测异常,4,低,待确认
D002596,2026-06-07,L008,M003,检测,密封性异常,2,中,已返修
D002597,2026-06-08,L001,M001,总装,螺栓扭矩不足,4,高,返修中
D002598,2026-06-08,L001,M001,总装,内饰装配偏差,2,低,已返修
D002599,2026-06-08,L002,M003,焊装,焊点虚焊,11,高,返修中
D002600,2026-06-08,L002,M003,焊装,焊缝气孔,3,中,待确认
D002601,2026-06-08,L002,M004,焊装,零件错位,1,低,返修中
D002602,2026-06-08,L003,M003,总装,线束松动,3,低,已返修
D002603,2026-06-08,L003,M003,总装,线束松动,2,高,已返修
D002604,2026-06-08,L004,M002,涂装,色差,2,低,已返修
D002605,2026-06-08,L004,M001,涂装,漆面流挂,3,低,返修中
D002606,2026-06-08,L005,M005,总装,螺栓扭矩不足,2,中,返修中
D002607,2026-06-08,L005,M006,总装,内饰装配偏差,1,低,已返修
D002608,2026-06-08,L006,M006,焊装,焊缝气孔,1,中,已返修
D002609,2026-06-08,L006,M006,焊装,焊点虚焊,1,中,已返修
D002610,2026-06-08,L007,M007,总装,内饰装配偏差,2,低,返修中
D002611,2026-06-08,L007,M007,总装,线束松动,2,中,返修中
D002612,2026-06-08,L008,M004,检测,密封性异常,3,低,已返修
D002613,2026-06-08,L008,M002,检测,制动检测异常,3,高,待确认
D002614,2026-06-08,L008,M002,检测,电控报警,1,中,已返修
D002615,2026-06-09,L001,M002,总装,线束松动,4,低,已返修
D002616,2026-06-09,L001,M002,总装,内饰装配偏差,1,中,已返修
D002617,2026-06-09,L001,M002,总装,内饰装配偏差,3,低,已返修
D002618,2026-06-09,L002,M003,焊装,焊点虚焊,7,高,已返修
D002619,2026-06-09,L002,M004,焊装,焊点虚焊,5,中,返修中
D002620,2026-06-09,L003,M004,总装,内饰装配偏差,1,低,已返修
D002621,2026-06-09,L003,M003,总装,线束松动,1,低,已返修
D002622,2026-06-09,L004,M001,涂装,色差,3,中,已返修
D002623,2026-06-09,L004,M002,涂装,漆面流挂,3,中,待确认
D002624,2026-06-09,L005,M006,总装,螺栓扭矩不足,1,低,已返修
D002625,2026-06-09,L005,M005,总装,线束松动,1,中,已返修
D002626,2026-06-09,L006,M005,焊装,焊缝气孔,1,中,已返修
D002627,2026-06-09,L006,M006,焊装,零件错位,1,高,已返修
D002628,2026-06-09,L007,M008,总装,线束松动,1,低,返修中
D002629,2026-06-09,L007,M007,总装,内饰装配偏差,1,低,已返修
D002630,2026-06-09,L008,M008,检测,密封性异常,3,中,已返修
D002631,2026-06-09,L008,M008,检测,密封性异常,2,低,返修中
D002632,2026-06-10,L001,M002,总装,内饰装配偏差,2,高,已返修
D002633,2026-06-10,L001,M002,总装,线束松动,2,中,已返修
D002634,2026-06-10,L002,M003,焊装,焊点虚焊,13,高,待确认
D002635,2026-06-10,L002,M003,焊装,焊缝气孔,2,中,已返修
D002636,2026-06-10,L002,M004,焊装,零件错位,2,中,已返修
D002637,2026-06-10,L003,M003,总装,内饰装配偏差,1,高,返修中
D002638,2026-06-10,L003,M003,总装,螺栓扭矩不足,3,中,已返修
D002639,2026-06-10,L004,M002,涂装,颗粒点,2,高,已返修
D002640,2026-06-10,L004,M001,涂装,颗粒点,2,中,已返修
D002641,2026-06-10,L005,M006,总装,线束松动,4,低,已返修
D002642,2026-06-10,L005,M006,总装,螺栓扭矩不足,2,低,返修中
D002643,2026-06-10,L006,M006,焊装,零件错位,2,中,已返修
D002644,2026-06-10,L006,M006,焊装,零件错位,3,中,已返修
D002645,2026-06-10,L007,M008,总装,内饰装配偏差,1,低,已返修
D002646,2026-06-10,L007,M007,总装,线束松动,1,高,已返修
D002647,2026-06-10,L008,M004,检测,电控报警,2,低,已返修
D002648,2026-06-10,L008,M003,检测,制动检测异常,3,低,返修中
D002649,2026-06-10,L008,M003,检测,电控报警,1,中,已返修
D002650,2026-06-11,L001,M002,总装,螺栓扭矩不足,4,低,已返修
D002651,2026-06-11,L001,M001,总装,内饰装配偏差,2,低,已返修
D002652,2026-06-11,L002,M003,焊装,焊点虚焊,8,高,返修中
D002653,2026-06-11,L002,M003,焊装,焊缝气孔,3,中,待确认
D002654,2026-06-11,L002,M004,焊装,焊点虚焊,2,低,已返修
D002655,2026-06-11,L003,M004,总装,内饰装配偏差,2,低,已返修
D002656,2026-06-11,L003,M003,总装,内饰装配偏差,3,中,返修中
D002657,2026-06-11,L003,M003,总装,线束松动,1,中,已返修
D002658,2026-06-11,L004,M001,涂装,色差,1,中,返修中
D002659,2026-06-11,L004,M002,涂装,色差,1,低,已返修
D002660,2026-06-11,L005,M005,总装,内饰装配偏差,1,中,已返修
D002661,2026-06-11,L005,M005,总装,内饰装配偏差,2,低,已返修
D002662,2026-06-11,L006,M006,焊装,零件错位,2,低,返修中
D002663,2026-06-11,L006,M005,焊装,焊点虚焊,4,低,已返修
D002664,2026-06-11,L007,M007,总装,线束松动,2,中,已返修
D002665,2026-06-11,L007,M007,总装,螺栓扭矩不足,3,中,已返修
D002666,2026-06-11,L008,M007,检测,密封性异常,1,低,已返修
D002667,2026-06-11,L008,M007,检测,密封性异常,3,低,已返修
D002668,2026-06-11,L008,M007,检测,电控报警,1,中,已返修
D002669,2026-06-12,L001,M001,总装,螺栓扭矩不足,3,低,待确认
D002670,2026-06-12,L001,M001,总装,线束松动,5,中,返修中
D002671,2026-06-12,L002,M003,焊装,焊点虚焊,14,高,已返修
D002672,2026-06-12,L002,M003,焊装,焊点虚焊,10,高,已返修
D002673,2026-06-12,L003,M003,总装,内饰装配偏差,2,低,已返修
D002674,2026-06-12,L003,M003,总装,线束松动,4,中,已返修
D002675,2026-06-12,L004,M001,涂装,颗粒点,2,高,已返修
D002676,2026-06-12,L004,M001,涂装,颗粒点,3,低,已返修
D002677,2026-06-12,L005,M006,总装,内饰装配偏差,1,低,已返修
D002678,2026-06-12,L005,M006,总装,线束松动,2,中,已返修
D002679,2026-06-12,L006,M005,焊装,零件错位,2,低,已返修
D002680,2026-06-12,L006,M005,焊装,焊点虚焊,1,低,已返修
D002681,2026-06-12,L007,M007,总装,内饰装配偏差,3,低,已返修
D002682,2026-06-12,L007,M007,总装,螺栓扭矩不足,3,高,已返修
D002683,2026-06-12,L008,M008,检测,密封性异常,2,中,已返修
D002684,2026-06-12,L008,M007,检测,制动检测异常,2,低,已返修
D002685,2026-06-13,L001,M001,总装,内饰装配偏差,2,低,待确认
D002686,2026-06-13,L001,M001,总装,螺栓扭矩不足,2,低,返修中
D002687,2026-06-13,L002,M003,焊装,焊点虚焊,8,高,返修中
D002688,2026-06-13,L002,M003,焊装,焊缝气孔,6,中,待确认
D002689,2026-06-13,L002,M004,焊装,焊缝气孔,2,中,已返修
D002690,2026-06-13,L003,M003,总装,线束松动,2,低,返修中
D002691,2026-06-13,L003,M004,总装,螺栓扭矩不足,1,高,已返修
D002692,2026-06-13,L004,M002,涂装,颗粒点,1,低,已返修
D002693,2026-06-13,L004,M001,涂装,颗粒点,1,中,已返修
D002694,2026-06-13,L005,M006,总装,内饰装配偏差,2,低,已返修
D002695,2026-06-13,L005,M006,总装,线束松动,3,中,已返修
D002696,2026-06-13,L006,M006,焊装,焊缝气孔,1,中,返修中
D002697,2026-06-13,L006,M005,焊装,焊点虚焊,2,低,返修中
D002698,2026-06-13,L007,M007,总装,线束松动,1,中,已返修
D002699,2026-06-13,L007,M007,总装,内饰装配偏差,1,中,已返修
D002700,2026-06-13,L008,M006,检测,制动检测异常,2,中,返修中
D002701,2026-06-13,L008,M005,检测,电控报警,3,中,已返修
D002702,2026-06-14,L001,M002,总装,内饰装配偏差,2,高,已返修
D002703,2026-06-14,L001,M001,总装,螺栓扭矩不足,1,高,已返修
D002704,2026-06-14,L002,M003,焊装,焊点虚焊,12,高,已返修
D002705,2026-06-14,L002,M003,焊装,焊缝气孔,5,中,待确认
D002706,2026-06-14,L002,M003,焊装,焊点虚焊,8,高,已返修
D002707,2026-06-14,L002,M003,焊装,焊缝气孔,5,中,已返修
D002708,2026-06-14,L003,M003,总装,线束松动,3,低,返修中
D002709,2026-06-14,L003,M003,总装,螺栓扭矩不足,2,中,已返修
D002710,2026-06-14,L004,M002,涂装,漆面流挂,1,低,返修中
D002711,2026-06-14,L004,M002,涂装,颗粒点,1,低,返修中
D002712,2026-06-14,L005,M006,总装,线束松动,3,低,已返修
D002713,2026-06-14,L005,M006,总装,内饰装配偏差,1,低,已返修
D002714,2026-06-14,L006,M006,焊装,焊点虚焊,2,低,已返修
D002715,2026-06-14,L006,M005,焊装,焊点虚焊,1,低,返修中
D002716,2026-06-14,L007,M008,总装,线束松动,1,低,已返修
D002717,2026-06-14,L008,M005,检测,密封性异常,1,高,返修中
D002718,2026-06-14,L008,M001,检测,制动检测异常,2,低,返修中
D002719,2026-06-15,L001,M001,总装,螺栓扭矩不足,3,中,已返修
D002720,2026-06-15,L001,M001,总装,线束松动,2,低,返修中
D002721,2026-06-15,L002,M004,焊装,焊点虚焊,2,低,返修中
D002722,2026-06-15,L002,M003,焊装,焊点虚焊,15,高,已返修
D002723,2026-06-15,L003,M004,总装,内饰装配偏差,3,低,返修中
D002724,2026-06-15,L003,M004,总装,螺栓扭矩不足,1,低,待确认
D002725,2026-06-15,L004,M001,涂装,漆面流挂,1,低,返修中
D002726,2026-06-15,L004,M001,涂装,色差,2,低,已返修
D002727,2026-06-15,L005,M005,总装,内饰装配偏差,2,低,已返修
D002728,2026-06-15,L005,M005,总装,内饰装配偏差,2,低,返修中
D002729,2026-06-15,L006,M006,焊装,焊点虚焊,2,低,已返修
D002730,2026-06-15,L006,M006,焊装,零件错位,3,中,返修中
D002731,2026-06-15,L007,M008,总装,内饰装配偏差,1,低,已返修
D002732,2026-06-15,L007,M007,总装,螺栓扭矩不足,1,中,已返修
D002733,2026-06-15,L008,M006,检测,制动检测异常,3,中,已返修
D002734,2026-06-15,L008,M005,检测,密封性异常,1,中,已返修
D002735,2026-06-16,L001,M001,总装,螺栓扭矩不足,3,低,已返修
D002736,2026-06-16,L001,M002,总装,螺栓扭矩不足,3,低,已返修
D002737,2026-06-16,L002,M003,焊装,焊点虚焊,8,高,已返修
D002738,2026-06-16,L002,M003,焊装,焊缝气孔,2,中,已返修
D002739,2026-06-16,L002,M003,焊装,焊点虚焊,17,高,已返修
D002740,2026-06-16,L003,M003,总装,螺栓扭矩不足,3,低,已返修
D002741,2026-06-16,L003,M003,总装,内饰装配偏差,1,低,已返修
D002742,2026-06-16,L004,M001,涂装,颗粒点,3,中,已返修
D002743,2026-06-16,L004,M001,涂装,色差,1,中,已返修
D002744,2026-06-16,L004,M002,涂装,漆面流挂,2,低,已返修
D002745,2026-06-16,L005,M005,总装,螺栓扭矩不足,1,中,返修中
D002746,2026-06-16,L005,M006,总装,线束松动,2,低,返修中
D002747,2026-06-16,L006,M005,焊装,焊缝气孔,1,低,已返修
D002748,2026-06-16,L006,M006,焊装,焊缝气孔,3,低,待确认
D002749,2026-06-16,L007,M008,总装,线束松动,1,低,已返修
D002750,2026-06-16,L007,M007,总装,螺栓扭矩不足,1,低,已返修
D002751,2026-06-16,L008,M001,检测,密封性异常,4,低,返修中
D002752,2026-06-16,L008,M003,检测,电控报警,3,低,已返修
D002753,2026-06-17,L001,M002,总装,内饰装配偏差,1,高,已返修
D002754,2026-06-17,L001,M001,总装,内饰装配偏差,2,高,已返修
D002755,2026-06-17,L002,M003,焊装,焊点虚焊,17,高,待确认
D002756,2026-06-17,L002,M003,焊装,焊缝气孔,2,中,已返修
D002757,2026-06-17,L002,M003,焊装,焊点虚焊,9,高,已返修
D002758,2026-06-17,L002,M003,焊装,焊缝气孔,5,中,已返修
D002759,2026-06-17,L003,M003,总装,螺栓扭矩不足,3,低,已返修
D002760,2026-06-17,L003,M003,总装,螺栓扭矩不足,3,中,待确认
D002761,2026-06-17,L004,M002,涂装,颗粒点,3,高,返修中
D002762,2026-06-17,L004,M001,涂装,颗粒点,2,中,返修中
D002763,2026-06-17,L005,M006,总装,螺栓扭矩不足,1,低,已返修
D002764,2026-06-17,L005,M005,总装,螺栓扭矩不足,3,低,已返修
D002765,2026-06-17,L006,M006,焊装,焊点虚焊,2,低,已返修
D002766,2026-06-17,L006,M005,焊装,焊点虚焊,2,中,已返修
D002767,2026-06-17,L007,M007,总装,内饰装配偏差,1,中,待确认
D002768,2026-06-17,L007,M007,总装,螺栓扭矩不足,1,中,已返修
D002769,2026-06-17,L008,M007,检测,制动检测异常,2,低,已返修
D002770,2026-06-17,L008,M006,检测,电控报警,2,低,已返修
D002771,2026-06-18,L001,M001,总装,线束松动,2,高,已返修
D002772,2026-06-18,L001,M002,总装,线束松动,2,中,已返修
D002773,2026-06-18,L002,M004,焊装,焊缝气孔,3,低,已返修
D002774,2026-06-18,L002,M004,焊装,焊点虚焊,1,低,返修中
D002775,2026-06-18,L003,M003,总装,线束松动,2,高,已返修
D002776,2026-06-18,L003,M003,总装,内饰装配偏差,3,低,返修中
D002777,2026-06-18,L004,M001,涂装,颗粒点,2,高,已返修
D002778,2026-06-18,L004,M001,涂装,色差,1,低,已返修
D002779,2026-06-18,L005,M005,总装,内饰装配偏差,2,低,已返修
D002780,2026-06-18,L005,M005,总装,线束松动,3,高,已返修
D002781,2026-06-18,L006,M005,焊装,焊缝气孔,1,低,已返修
D002782,2026-06-18,L006,M006,焊装,零件错位,3,中,已返修
D002783,2026-06-18,L007,M007,总装,螺栓扭矩不足,1,低,返修中
D002784,2026-06-18,L007,M008,总装,螺栓扭矩不足,1,低,返修中
D002785,2026-06-18,L008,M001,检测,制动检测异常,2,低,返修中
D002786,2026-06-18,L008,M004,检测,密封性异常,1,低,已返修
D002787,2026-06-19,L001,M002,总装,线束松动,2,低,已返修
D002788,2026-06-19,L001,M001,总装,螺栓扭矩不足,4,低,已返修
D002789,2026-06-19,L002,M003,焊装,焊点虚焊,8,高,已返修
D002790,2026-06-19,L002,M003,焊装,焊点虚焊,9,高,已返修
D002791,2026-06-19,L002,M003,焊装,焊缝气孔,5,中,已返修
D002792,2026-06-19,L003,M003,总装,螺栓扭矩不足,3,低,待确认
D002793,2026-06-19,L003,M003,总装,线束松动,1,中,返修中
D002794,2026-06-19,L003,M003,总装,线束松动,2,低,返修中
D002795,2026-06-19,L004,M002,涂装,颗粒点,1,低,返修中
D002796,2026-06-19,L004,M001,涂装,漆面流挂,2,低,已返修
D002797,2026-06-19,L005,M005,总装,螺栓扭矩不足,2,中,已返修
D002798,2026-06-19,L005,M005,总装,线束松动,1,低,待确认
D002799,2026-06-19,L006,M005,焊装,焊缝气孔,1,低,已返修
D002800,2026-06-19,L006,M006,焊装,零件错位,3,中,返修中
D002801,2026-06-19,L007,M007,总装,线束松动,3,中,返修中
D002802,2026-06-19,L007,M007,总装,线束松动,3,中,已返修
D002803,2026-06-19,L008,M008,检测,制动检测异常,2,中,返修中
D002804,2026-06-19,L008,M007,检测,电控报警,3,中,待确认
D002805,2026-06-20,L001,M002,总装,线束松动,4,低,已返修
D002806,2026-06-20,L001,M002,总装,内饰装配偏差,1,中,已返修
D002807,2026-06-20,L001,M001,总装,螺栓扭矩不足,2,低,已返修
D002808,2026-06-20,L002,M003,焊装,焊点虚焊,12,高,已返修
D002809,2026-06-20,L002,M003,焊装,焊缝气孔,4,中,返修中
D002810,2026-06-20,L002,M003,焊装,焊点虚焊,17,高,已返修
D002811,2026-06-20,L002,M003,焊装,焊缝气孔,5,中,已返修
D002812,2026-06-20,L003,M003,总装,内饰装配偏差,3,低,已返修
D002813,2026-06-20,L003,M003,总装,螺栓扭矩不足,2,中,返修中
D002814,2026-06-20,L004,M002,涂装,漆面流挂,2,低,已返修
D002815,2026-06-20,L004,M002,涂装,颗粒点,3,低,返修中
D002816,2026-06-20,L004,M002,涂装,色差,1,中,已返修
D002817,2026-06-20,L005,M006,总装,螺栓扭矩不足,3,中,已返修
D002818,2026-06-20,L005,M005,总装,内饰装配偏差,2,中,返修中
D002819,2026-06-20,L006,M005,焊装,零件错位,2,低,已返修
D002820,2026-06-20,L006,M006,焊装,焊缝气孔,3,低,已返修
D002821,2026-06-20,L007,M007,总装,线束松动,3,低,返修中
D002822,2026-06-20,L007,M007,总装,螺栓扭矩不足,1,低,已返修
D002823,2026-06-20,L008,M004,检测,电控报警,3,中,已返修
D002824,2026-06-20,L008,M007,检测,电控报警,2,低,返修中
D002825,2026-06-21,L001,M002,总装,线束松动,1,中,已返修
D002826,2026-06-21,L001,M001,总装,线束松动,2,中,已返修
D002827,2026-06-21,L002,M004,焊装,焊缝气孔,2,中,已返修
D002828,2026-06-21,L002,M004,焊装,焊点虚焊,1,低,返修中
D002829,2026-06-21,L003,M003,总装,螺栓扭矩不足,2,中,已返修
D002830,2026-06-21,L003,M003,总装,线束松动,1,低,已返修
D002831,2026-06-21,L004,M002,涂装,色差,1,低,返修中
D002832,2026-06-21,L004,M002,涂装,色差,2,低,待确认
D002833,2026-06-21,L005,M006,总装,内饰装配偏差,1,中,返修中
D002834,2026-06-21,L005,M006,总装,内饰装配偏差,1,低,已返修
D002835,2026-06-21,L006,M005,焊装,零件错位,1,中,已返修
D002836,2026-06-21,L006,M006,焊装,焊点虚焊,1,中,已返修
D002837,2026-06-21,L007,M008,总装,螺栓扭矩不足,2,低,返修中
D002838,2026-06-21,L007,M008,总装,内饰装配偏差,3,中,已返修
D002839,2026-06-21,L008,M007,检测,制动检测异常,1,中,已返修
D002840,2026-06-21,L008,M002,检测,制动检测异常,2,低,已返修
D002841,2026-06-22,L001,M002,总装,螺栓扭矩不足,2,低,待确认
D002842,2026-06-22,L001,M001,总装,线束松动,1,中,已返修
D002843,2026-06-22,L002,M004,焊装,零件错位,2,中,返修中
D002844,2026-06-22,L002,M004,焊装,焊缝气孔,2,低,已返修
D002845,2026-06-22,L003,M004,总装,内饰装配偏差,4,低,已返修
D002846,2026-06-22,L003,M003,总装,内饰装配偏差,2,低,已返修
D002847,2026-06-22,L004,M002,涂装,色差,2,低,待确认
D002848,2026-06-22,L004,M002,涂装,漆面流挂,4,低,已返修
D002849,2026-06-22,L005,M005,总装,线束松动,2,低,已返修
D002850,2026-06-22,L005,M006,总装,内饰装配偏差,3,低,已返修
D002851,2026-06-22,L005,M006,总装,线束松动,1,中,已返修
D002852,2026-06-22,L006,M005,焊装,焊缝气孔,1,低,返修中
D002853,2026-06-22,L006,M005,焊装,零件错位,1,低,已返修
D002854,2026-06-22,L007,M007,总装,内饰装配偏差,1,低,返修中
D002855,2026-06-22,L007,M007,总装,内饰装配偏差,2,低,已返修
D002856,2026-06-22,L008,M002,检测,制动检测异常,4,低,已返修
D002857,2026-06-22,L008,M001,检测,密封性异常,1,低,已返修
D002858,2026-06-23,L001,M002,总装,螺栓扭矩不足,3,低,已返修
D002859,2026-06-23,L001,M001,总装,螺栓扭矩不足,2,低,已返修
D002860,2026-06-23,L002,M003,焊装,焊点虚焊,10,高,已返修
D002861,2026-06-23,L002,M003,焊装,焊缝气孔,4,中,返修中
D002862,2026-06-23,L002,M003,焊装,焊点虚焊,17,高,待确认
D002863,2026-06-23,L002,M003,焊装,焊缝气孔,4,中,已返修
D002864,2026-06-23,L003,M004,总装,内饰装配偏差,2,高,待确认
D002865,2026-06-23,L003,M003,总装,线束松动,2,低,已返修
D002866,2026-06-23,L004,M001,涂装,颗粒点,4,低,返修中
D002867,2026-06-23,L004,M001,涂装,颗粒点,2,低,返修中
D002868,2026-06-23,L005,M006,总装,线束松动,1,中,已返修
D002869,2026-06-23,L005,M006,总装,内饰装配偏差,1,低,已返修
D002870,2026-06-23,L006,M005,焊装,零件错位,3,低,已返修
D002871,2026-06-23,L006,M005,焊装,焊点虚焊,3,中,已返修
D002872,2026-06-23,L007,M007,总装,线束松动,2,低,已返修
D002873,2026-06-23,L007,M007,总装,螺栓扭矩不足,2,中,待确认
D002874,2026-06-23,L008,M006,检测,密封性异常,3,低,已返修
D002875,2026-06-23,L008,M002,检测,制动检测异常,2,高,返修中
D002876,2026-06-24,L001,M001,总装,螺栓扭矩不足,3,中,返修中
D002877,2026-06-24,L001,M001,总装,螺栓扭矩不足,4,低,已返修
D002878,2026-06-24,L002,M003,焊装,焊点虚焊,7,高,返修中
D002879,2026-06-24,L002,M004,焊装,零件错位,1,中,已返修
D002880,2026-06-24,L003,M004,总装,螺栓扭矩不足,2,低,待确认
D002881,2026-06-24,L003,M003,总装,内饰装配偏差,2,中,已返修
D002882,2026-06-24,L004,M001,涂装,漆面流挂,2,低,已返修
D002883,2026-06-24,L004,M002,涂装,色差,2,中,已返修
D002884,2026-06-24,L005,M005,总装,内饰装配偏差,1,低,已返修
D002885,2026-06-24,L005,M006,总装,内饰装配偏差,2,低,返修中
D002886,2026-06-24,L006,M006,焊装,焊点虚焊,3,低,待确认
D002887,2026-06-24,L006,M005,焊装,焊点虚焊,2,高,已返修
D002888,2026-06-24,L007,M008,总装,螺栓扭矩不足,3,中,已返修
D002889,2026-06-24,L007,M007,总装,内饰装配偏差,1,中,返修中
D002890,2026-06-24,L008,M008,检测,密封性异常,3,低,已返修
D002891,2026-06-24,L008,M001,检测,电控报警,3,中,已返修
D002892,2026-06-25,L001,M001,总装,螺栓扭矩不足,2,中,返修中
D002893,2026-06-25,L001,M001,总装,线束松动,3,高,返修中
D002894,2026-06-25,L002,M003,焊装,焊点虚焊,17,高,已返修
D002895,2026-06-25,L002,M003,焊装,焊点虚焊,9,高,已返修
D002896,2026-06-25,L002,M003,焊装,焊缝气孔,3,中,已返修
D002897,2026-06-25,L003,M004,总装,线束松动,4,中,返修中
D002898,2026-06-25,L003,M003,总装,线束松动,4,低,已返修
D002899,2026-06-25,L004,M002,涂装,色差,2,低,返修中
D002900,2026-06-25,L004,M002,涂装,颗粒点,2,低,已返修
D002901,2026-06-25,L005,M005,总装,线束松动,4,低,已返修
D002902,2026-06-25,L005,M006,总装,线束松动,3,中,已返修
D002903,2026-06-25,L006,M006,焊装,零件错位,2,低,已返修
D002904,2026-06-25,L006,M006,焊装,焊点虚焊,1,中,待确认
D002905,2026-06-25,L007,M007,总装,螺栓扭矩不足,1,低,返修中
D002906,2026-06-25,L007,M008,总装,螺栓扭矩不足,1,中,已返修
D002907,2026-06-25,L008,M005,检测,电控报警,2,高,已返修
D002908,2026-06-25,L008,M005,检测,电控报警,3,中,已返修
D002909,2026-06-26,L001,M002,总装,螺栓扭矩不足,2,低,待确认
D002910,2026-06-26,L001,M002,总装,内饰装配偏差,4,低,已返修
D002911,2026-06-26,L002,M003,焊装,焊点虚焊,10,高,已返修
D002912,2026-06-26,L002,M003,焊装,焊点虚焊,15,高,已返修
D002913,2026-06-26,L002,M003,焊装,焊缝气孔,5,中,返修中
D002914,2026-06-26,L003,M003,总装,线束松动,2,低,已返修
D002915,2026-06-26,L003,M003,总装,线束松动,4,中,已返修
D002916,2026-06-26,L004,M002,涂装,颗粒点,1,低,已返修
D002917,2026-06-26,L004,M002,涂装,色差,2,低,已返修
D002918,2026-06-26,L005,M005,总装,内饰装配偏差,2,高,已返修
D002919,2026-06-26,L005,M006,总装,线束松动,4,低,已返修
D002920,2026-06-26,L006,M006,焊装,焊缝气孔,1,中,返修中
D002921,2026-06-26,L006,M005,焊装,零件错位,2,低,已返修
D002922,2026-06-26,L007,M008,总装,内饰装配偏差,3,低,已返修
D002923,2026-06-26,L007,M007,总装,线束松动,1,低,已返修
D002924,2026-06-26,L008,M004,检测,密封性异常,1,中,返修中
D002925,2026-06-26,L008,M006,检测,电控报警,2,中,已返修
D002926,2026-06-27,L001,M002,总装,螺栓扭矩不足,3,高,待确认
D002927,2026-06-27,L001,M001,总装,内饰装配偏差,2,高,已返修
D002928,2026-06-27,L002,M003,焊装,焊点虚焊,12,高,已返修
D002929,2026-06-27,L002,M004,焊装,焊点虚焊,3,低,已返修
D002930,2026-06-27,L003,M003,总装,螺栓扭矩不足,3,高,返修中
D002931,2026-06-27,L003,M003,总装,内饰装配偏差,4,低,已返修
D002932,2026-06-27,L004,M002,涂装,颗粒点,1,低,已返修
D002933,2026-06-27,L004,M002,涂装,色差,1,高,返修中
D002934,2026-06-27,L005,M005,总装,内饰装配偏差,1,低,已返修
D002935,2026-06-27,L005,M006,总装,内饰装配偏差,1,低,已返修
D002936,2026-06-27,L006,M006,焊装,零件错位,1,低,已返修
D002937,2026-06-27,L006,M005,焊装,零件错位,2,低,返修中
D002938,2026-06-27,L007,M007,总装,内饰装配偏差,3,低,返修中
D002939,2026-06-27,L007,M008,总装,螺栓扭矩不足,2,低,已返修
D002940,2026-06-27,L008,M004,检测,制动检测异常,3,低,已返修
D002941,2026-06-27,L008,M008,检测,电控报警,3,低,返修中
D002942,2026-06-28,L001,M001,总装,线束松动,3,高,已返修
D002943,2026-06-28,L001,M001,总装,螺栓扭矩不足,3,中,返修中
D002944,2026-06-28,L002,M003,焊装,焊点虚焊,13,高,已返修
D002945,2026-06-28,L002,M003,焊装,焊点虚焊,10,高,已返修
D002946,2026-06-28,L002,M003,焊装,焊缝气孔,5,中,待确认
D002947,2026-06-28,L003,M004,总装,线束松动,3,高,返修中
D002948,2026-06-28,L003,M003,总装,线束松动,3,低,已返修
D002949,2026-06-28,L004,M001,涂装,颗粒点,1,低,已返修
D002950,2026-06-28,L004,M001,涂装,颗粒点,2,低,已返修
D002951,2026-06-28,L005,M005,总装,内饰装配偏差,1,低,已返修
D002952,2026-06-28,L005,M006,总装,螺栓扭矩不足,1,低,已返修
D002953,2026-06-28,L006,M005,焊装,零件错位,1,低,已返修
D002954,2026-06-28,L006,M005,焊装,零件错位,3,低,返修中
D002955,2026-06-28,L007,M007,总装,螺栓扭矩不足,1,低,已返修
D002956,2026-06-28,L007,M008,总装,内饰装配偏差,1,低,返修中
D002957,2026-06-28,L008,M001,检测,密封性异常,2,低,已返修
D002958,2026-06-28,L008,M005,检测,密封性异常,3,低,返修中
D002959,2026-06-29,L001,M001,总装,内饰装配偏差,2,中,已返修
D002960,2026-06-29,L001,M001,总装,内饰装配偏差,3,高,已返修
D002961,2026-06-29,L002,M003,焊装,焊点虚焊,7,高,待确认
D002962,2026-06-29,L002,M003,焊装,焊缝气孔,2,中,已返修
D002963,2026-06-29,L002,M004,焊装,焊缝气孔,1,低,返修中
D002964,2026-06-29,L003,M003,总装,内饰装配偏差,2,中,已返修
D002965,2026-06-29,L003,M003,总装,内饰装配偏差,4,中,已返修
D002966,2026-06-29,L004,M001,涂装,颗粒点,3,中,已返修
D002967,2026-06-29,L004,M002,涂装,颗粒点,2,中,已返修
D002968,2026-06-29,L005,M005,总装,线束松动,3,中,已返修
D002969,2026-06-29,L005,M005,总装,线束松动,3,低,已返修
D002970,2026-06-29,L006,M005,焊装,零件错位,1,中,已返修
D002971,2026-06-29,L006,M006,焊装,零件错位,3,低,已返修
D002972,2026-06-29,L007,M007,总装,内饰装配偏差,2,高,已返修
D002973,2026-06-29,L007,M008,总装,线束松动,2,低,已返修
D002974,2026-06-29,L008,M005,检测,电控报警,1,中,已返修
D002975,2026-06-29,L008,M005,检测,密封性异常,2,低,已返修
D002976,2026-06-30,L001,M001,总装,内饰装配偏差,4,低,已返修
D002977,2026-06-30,L001,M001,总装,螺栓扭矩不足,1,中,已返修
D002978,2026-06-30,L001,M001,总装,线束松动,2,低,已返修
D002979,2026-06-30,L002,M004,焊装,焊缝气孔,2,中,已返修
D002980,2026-06-30,L002,M004,焊装,零件错位,2,低,已返修
D002981,2026-06-30,L003,M004,总装,内饰装配偏差,2,低,已返修
D002982,2026-06-30,L003,M004,总装,螺栓扭矩不足,2,低,已返修
D002983,2026-06-30,L004,M002,涂装,漆面流挂,2,中,已返修
D002984,2026-06-30,L004,M001,涂装,颗粒点,1,低,已返修
D002985,2026-06-30,L005,M005,总装,内饰装配偏差,2,中,已返修
D002986,2026-06-30,L005,M006,总装,线束松动,1,中,已返修
D002987,2026-06-30,L006,M005,焊装,零件错位,4,低,已返修
D002988,2026-06-30,L006,M006,焊装,焊点虚焊,1,高,已返修
D002989,2026-06-30,L007,M007,总装,内饰装配偏差,3,高,已返修
D002990,2026-06-30,L007,M007,总装,线束松动,3,中,返修中
D002991,2026-06-30,L008,M003,检测,电控报警,3,中,已返修
D002992,2026-06-30,L008,M005,检测,制动检测异常,2,中,已返修
