plan_id,production_date,line_id,model_id,shift,planned_quantity
P000001,2026-01-01,L001,M002,白班,85
P000002,2026-01-01,L001,M002,夜班,75
P000003,2026-01-01,L002,M004,白班,81
P000004,2026-01-01,L002,M004,夜班,78
P000005,2026-01-01,L003,M004,白班,66
P000006,2026-01-01,L003,M004,夜班,65
P000007,2026-01-01,L004,M002,白班,58
P000008,2026-01-01,L004,M001,夜班,56
P000009,2026-01-01,L005,M006,白班,48
P000010,2026-01-01,L005,M006,夜班,57
P000011,2026-01-01,L006,M006,白班,50
P000012,2026-01-01,L006,M005,夜班,47
P000013,2026-01-01,L007,M008,白班,48
P000014,2026-01-01,L007,M008,夜班,50
P000015,2026-01-01,L008,M006,白班,76
P000016,2026-01-01,L008,M006,夜班,82
P000017,2026-01-02,L001,M002,白班,86
P000018,2026-01-02,L001,M001,夜班,93
P000019,2026-01-02,L002,M004,白班,80
P000020,2026-01-02,L002,M004,夜班,80
P000021,2026-01-02,L003,M004,白班,61
P000022,2026-01-02,L003,M003,夜班,72
P000023,2026-01-02,L004,M002,白班,69
P000024,2026-01-02,L004,M002,夜班,67
P000025,2026-01-02,L005,M005,白班,55
P000026,2026-01-02,L005,M006,夜班,50
P000027,2026-01-02,L006,M005,白班,57
P000028,2026-01-02,L006,M005,夜班,47
P000029,2026-01-02,L007,M007,白班,43
P000030,2026-01-02,L007,M008,夜班,52
P000031,2026-01-02,L008,M003,白班,75
P000032,2026-01-02,L008,M008,夜班,67
P000033,2026-01-03,L001,M002,白班,73
P000034,2026-01-03,L001,M002,夜班,81
P000035,2026-01-03,L002,M004,白班,70
P000036,2026-01-03,L002,M004,夜班,61
P000037,2026-01-03,L003,M004,白班,58
P000038,2026-01-03,L003,M004,夜班,66
P000039,2026-01-03,L004,M002,白班,53
P000040,2026-01-03,L004,M001,夜班,55
P000041,2026-01-03,L005,M006,白班,53
P000042,2026-01-03,L005,M006,夜班,54
P000043,2026-01-03,L006,M005,白班,45
P000044,2026-01-03,L006,M006,夜班,49
P000045,2026-01-03,L007,M007,白班,45
P000046,2026-01-03,L007,M007,夜班,39
P000047,2026-01-03,L008,M005,白班,66
P000048,2026-01-03,L008,M002,夜班,67
P000049,2026-01-04,L001,M002,白班,54
P000050,2026-01-04,L001,M001,夜班,61
P000051,2026-01-04,L002,M004,白班,54
P000052,2026-01-04,L002,M004,夜班,47
P000053,2026-01-04,L003,M003,白班,48
P000054,2026-01-04,L003,M003,夜班,52
P000055,2026-01-04,L004,M002,白班,44
P000056,2026-01-04,L004,M002,夜班,49
P000057,2026-01-04,L005,M005,白班,39
P000058,2026-01-04,L005,M006,夜班,33
P000059,2026-01-04,L006,M005,白班,38
P000060,2026-01-04,L006,M005,夜班,34
P000061,2026-01-04,L007,M008,白班,31
P000062,2026-01-04,L007,M007,夜班,35
P000063,2026-01-04,L008,M003,白班,52
P000064,2026-01-04,L008,M006,夜班,53
P000065,2026-01-05,L001,M002,白班,89
P000066,2026-01-05,L001,M002,夜班,86
P000067,2026-01-05,L002,M003,白班,76
P000068,2026-01-05,L002,M003,夜班,70
P000069,2026-01-05,L003,M003,白班,72
P000070,2026-01-05,L003,M003,夜班,76
P000071,2026-01-05,L004,M001,白班,58
P000072,2026-01-05,L004,M001,夜班,56
P000073,2026-01-05,L005,M006,白班,59
P000074,2026-01-05,L005,M006,夜班,48
P000075,2026-01-05,L006,M006,白班,57
P000076,2026-01-05,L006,M006,夜班,58
P000077,2026-01-05,L007,M007,白班,42
P000078,2026-01-05,L007,M008,夜班,51
P000079,2026-01-05,L008,M006,白班,70
P000080,2026-01-05,L008,M004,夜班,82
P000081,2026-01-06,L001,M001,白班,83
P000082,2026-01-06,L001,M002,夜班,84
P000083,2026-01-06,L002,M003,白班,72
P000084,2026-01-06,L002,M004,夜班,70
P000085,2026-01-06,L003,M004,白班,66
P000086,2026-01-06,L003,M003,夜班,76
P000087,2026-01-06,L004,M002,白班,67
P000088,2026-01-06,L004,M002,夜班,57
P000089,2026-01-06,L005,M005,白班,49
P000090,2026-01-06,L005,M006,夜班,56
P000091,2026-01-06,L006,M005,白班,57
P000092,2026-01-06,L006,M005,夜班,57
P000093,2026-01-06,L007,M008,白班,42
P000094,2026-01-06,L007,M008,夜班,49
P000095,2026-01-06,L008,M006,白班,72
P000096,2026-01-06,L008,M007,夜班,69
P000097,2026-01-07,L001,M001,白班,79
P000098,2026-01-07,L001,M001,夜班,87
P000099,2026-01-07,L002,M003,白班,73
P000100,2026-01-07,L002,M003,夜班,73
P000101,2026-01-07,L003,M003,白班,63
P000102,2026-01-07,L003,M004,夜班,64
P000103,2026-01-07,L004,M002,白班,67
P000104,2026-01-07,L004,M001,夜班,62
P000105,2026-01-07,L005,M005,白班,48
P000106,2026-01-07,L005,M006,夜班,48
P000107,2026-01-07,L006,M005,白班,53
P000108,2026-01-07,L006,M005,夜班,57
P000109,2026-01-07,L007,M008,白班,50
P000110,2026-01-07,L007,M007,夜班,46
P000111,2026-01-07,L008,M007,白班,66
P000112,2026-01-07,L008,M008,夜班,76
P000113,2026-01-08,L001,M002,白班,83
P000114,2026-01-08,L001,M001,夜班,86
P000115,2026-01-08,L002,M003,白班,74
P000116,2026-01-08,L002,M003,夜班,72
P000117,2026-01-08,L003,M004,白班,62
P000118,2026-01-08,L003,M004,夜班,66
P000119,2026-01-08,L004,M002,白班,66
P000120,2026-01-08,L004,M002,夜班,58
P000121,2026-01-08,L005,M005,白班,51
P000122,2026-01-08,L005,M006,夜班,50
P000123,2026-01-08,L006,M006,白班,48
P000124,2026-01-08,L006,M006,夜班,50
P000125,2026-01-08,L007,M008,白班,43
P000126,2026-01-08,L007,M008,夜班,48
P000127,2026-01-08,L008,M002,白班,77
P000128,2026-01-08,L008,M007,夜班,65
P000129,2026-01-09,L001,M001,白班,85
P000130,2026-01-09,L001,M002,夜班,79
P000131,2026-01-09,L002,M004,白班,79
P000132,2026-01-09,L002,M003,夜班,65
P000133,2026-01-09,L003,M003,白班,65
P000134,2026-01-09,L003,M004,夜班,73
P000135,2026-01-09,L004,M002,白班,57
P000136,2026-01-09,L004,M002,夜班,58
P000137,2026-01-09,L005,M005,白班,57
P000138,2026-01-09,L005,M005,夜班,59
P000139,2026-01-09,L006,M006,白班,54
P000140,2026-01-09,L006,M006,夜班,51
P000141,2026-01-09,L007,M008,白班,47
P000142,2026-01-09,L007,M008,夜班,51
P000143,2026-01-09,L008,M006,白班,81
P000144,2026-01-09,L008,M008,夜班,78
P000145,2026-01-10,L001,M002,白班,78
P000146,2026-01-10,L001,M002,夜班,75
P000147,2026-01-10,L002,M004,白班,69
P000148,2026-01-10,L002,M004,夜班,69
P000149,2026-01-10,L003,M003,白班,60
P000150,2026-01-10,L003,M004,夜班,69
P000151,2026-01-10,L004,M002,白班,52
P000152,2026-01-10,L004,M001,夜班,52
P000153,2026-01-10,L005,M005,白班,43
P000154,2026-01-10,L005,M005,夜班,44
P000155,2026-01-10,L006,M005,白班,43
P000156,2026-01-10,L006,M006,夜班,49
P000157,2026-01-10,L007,M008,白班,38
P000158,2026-01-10,L007,M007,夜班,46
P000159,2026-01-10,L008,M003,白班,66
P000160,2026-01-10,L008,M003,夜班,72
P000161,2026-01-11,L001,M002,白班,62
P000162,2026-01-11,L001,M002,夜班,63
P000163,2026-01-11,L002,M003,白班,46
P000164,2026-01-11,L002,M004,夜班,49
P000165,2026-01-11,L003,M004,白班,48
P000166,2026-01-11,L003,M004,夜班,46
P000167,2026-01-11,L004,M002,白班,50
P000168,2026-01-11,L004,M001,夜班,46
P000169,2026-01-11,L005,M005,白班,37
P000170,2026-01-11,L005,M005,夜班,36
P000171,2026-01-11,L006,M006,白班,40
P000172,2026-01-11,L006,M006,夜班,38
P000173,2026-01-11,L007,M007,白班,35
P000174,2026-01-11,L007,M008,夜班,36
P000175,2026-01-11,L008,M006,白班,56
P000176,2026-01-11,L008,M002,夜班,53
P000177,2026-01-12,L001,M001,白班,85
P000178,2026-01-12,L001,M002,夜班,92
P000179,2026-01-12,L002,M004,白班,66
P000180,2026-01-12,L002,M004,夜班,81
P000181,2026-01-12,L003,M004,白班,61
P000182,2026-01-12,L003,M004,夜班,64
P000183,2026-01-12,L004,M002,白班,61
P000184,2026-01-12,L004,M002,夜班,64
P000185,2026-01-12,L005,M005,白班,48
P000186,2026-01-12,L005,M006,夜班,54
P000187,2026-01-12,L006,M006,白班,56
P000188,2026-01-12,L006,M006,夜班,48
P000189,2026-01-12,L007,M008,白班,47
P000190,2026-01-12,L007,M007,夜班,43
P000191,2026-01-12,L008,M003,白班,71
P000192,2026-01-12,L008,M001,夜班,66
P000193,2026-01-13,L001,M001,白班,79
P000194,2026-01-13,L001,M002,夜班,76
P000195,2026-01-13,L002,M003,白班,71
P000196,2026-01-13,L002,M004,夜班,77
P000197,2026-01-13,L003,M004,白班,65
P000198,2026-01-13,L003,M004,夜班,65
P000199,2026-01-13,L004,M002,白班,58
P000200,2026-01-13,L004,M002,夜班,64
P000201,2026-01-13,L005,M006,白班,48
P000202,2026-01-13,L005,M006,夜班,60
P000203,2026-01-13,L006,M006,白班,58
P000204,2026-01-13,L006,M006,夜班,51
P000205,2026-01-13,L007,M008,白班,48
P000206,2026-01-13,L007,M007,夜班,49
P000207,2026-01-13,L008,M006,白班,81
P000208,2026-01-13,L008,M002,夜班,65
P000209,2026-01-14,L001,M001,白班,81
P000210,2026-01-14,L001,M002,夜班,85
P000211,2026-01-14,L002,M004,白班,70
P000212,2026-01-14,L002,M003,夜班,74
P000213,2026-01-14,L003,M003,白班,62
P000214,2026-01-14,L003,M004,夜班,72
P000215,2026-01-14,L004,M001,白班,65
P000216,2026-01-14,L004,M002,夜班,58
P000217,2026-01-14,L005,M005,白班,57
P000218,2026-01-14,L005,M006,夜班,52
P000219,2026-01-14,L006,M005,白班,47
P000220,2026-01-14,L006,M005,夜班,57
P000221,2026-01-14,L007,M007,白班,41
P000222,2026-01-14,L007,M008,夜班,41
P000223,2026-01-14,L008,M001,白班,66
P000224,2026-01-14,L008,M003,夜班,65
P000225,2026-01-15,L001,M001,白班,86
P000226,2026-01-15,L001,M002,夜班,79
P000227,2026-01-15,L002,M004,白班,66
P000228,2026-01-15,L002,M003,夜班,74
P000229,2026-01-15,L003,M004,白班,61
P000230,2026-01-15,L003,M004,夜班,73
P000231,2026-01-15,L004,M002,白班,71
P000232,2026-01-15,L004,M001,夜班,57
P000233,2026-01-15,L005,M005,白班,49
P000234,2026-01-15,L005,M005,夜班,49
P000235,2026-01-15,L006,M005,白班,48
P000236,2026-01-15,L006,M005,夜班,45
P000237,2026-01-15,L007,M008,白班,44
P000238,2026-01-15,L007,M007,夜班,51
P000239,2026-01-15,L008,M004,白班,65
P000240,2026-01-15,L008,M004,夜班,67
P000241,2026-01-16,L001,M002,白班,92
P000242,2026-01-16,L001,M002,夜班,87
P000243,2026-01-16,L002,M003,白班,81
P000244,2026-01-16,L002,M004,夜班,67
P000245,2026-01-16,L003,M003,白班,65
P000246,2026-01-16,L003,M004,夜班,68
P000247,2026-01-16,L004,M001,白班,69
P000248,2026-01-16,L004,M002,夜班,57
P000249,2026-01-16,L005,M005,白班,58
P000250,2026-01-16,L005,M005,夜班,52
P000251,2026-01-16,L006,M006,白班,49
P000252,2026-01-16,L006,M006,夜班,57
P000253,2026-01-16,L007,M007,白班,48
P000254,2026-01-16,L007,M007,夜班,45
P000255,2026-01-16,L008,M008,白班,67
P000256,2026-01-16,L008,M003,夜班,71
P000257,2026-01-17,L001,M001,白班,82
P000258,2026-01-17,L001,M002,夜班,81
P000259,2026-01-17,L002,M004,白班,70
P000260,2026-01-17,L002,M003,夜班,68
P000261,2026-01-17,L003,M003,白班,69
P000262,2026-01-17,L003,M003,夜班,57
P000263,2026-01-17,L004,M001,白班,56
P000264,2026-01-17,L004,M002,夜班,53
P000265,2026-01-17,L005,M005,白班,44
P000266,2026-01-17,L005,M005,夜班,43
P000267,2026-01-17,L006,M005,白班,52
P000268,2026-01-17,L006,M006,夜班,43
P000269,2026-01-17,L007,M007,白班,40
P000270,2026-01-17,L007,M007,夜班,44
P000271,2026-01-17,L008,M003,白班,72
P000272,2026-01-17,L008,M002,夜班,66
P000273,2026-01-18,L001,M001,白班,54
P000274,2026-01-18,L001,M001,夜班,53
P000275,2026-01-18,L002,M003,白班,54
P000276,2026-01-18,L002,M003,夜班,47
P000277,2026-01-18,L003,M004,白班,44
P000278,2026-01-18,L003,M004,夜班,46
P000279,2026-01-18,L004,M001,白班,49
P000280,2026-01-18,L004,M001,夜班,43
P000281,2026-01-18,L005,M006,白班,36
P000282,2026-01-18,L005,M006,夜班,41
P000283,2026-01-18,L006,M006,白班,35
P000284,2026-01-18,L006,M006,夜班,39
P000285,2026-01-18,L007,M007,白班,33
P000286,2026-01-18,L007,M008,夜班,30
P000287,2026-01-18,L008,M002,白班,55
P000288,2026-01-18,L008,M007,夜班,47
P000289,2026-01-19,L001,M001,白班,78
P000290,2026-01-19,L001,M002,夜班,76
P000291,2026-01-19,L002,M004,白班,70
P000292,2026-01-19,L002,M003,夜班,80
P000293,2026-01-19,L003,M003,白班,66
P000294,2026-01-19,L003,M003,夜班,68
P000295,2026-01-19,L004,M001,白班,67
P000296,2026-01-19,L004,M001,夜班,56
P000297,2026-01-19,L005,M005,白班,58
P000298,2026-01-19,L005,M006,夜班,60
P000299,2026-01-19,L006,M005,白班,50
P000300,2026-01-19,L006,M006,夜班,51
P000301,2026-01-19,L007,M008,白班,49
P000302,2026-01-19,L007,M007,夜班,51
P000303,2026-01-19,L008,M007,白班,70
P000304,2026-01-19,L008,M003,夜班,68
P000305,2026-01-20,L001,M002,白班,78
P000306,2026-01-20,L001,M001,夜班,85
P000307,2026-01-20,L002,M003,白班,80
P000308,2026-01-20,L002,M003,夜班,68
P000309,2026-01-20,L003,M004,白班,66
P000310,2026-01-20,L003,M004,夜班,65
P000311,2026-01-20,L004,M001,白班,60
P000312,2026-01-20,L004,M002,夜班,60
P000313,2026-01-20,L005,M005,白班,57
P000314,2026-01-20,L005,M005,夜班,56
P000315,2026-01-20,L006,M005,白班,46
P000316,2026-01-20,L006,M006,夜班,46
P000317,2026-01-20,L007,M008,白班,44
P000318,2026-01-20,L007,M007,夜班,45
P000319,2026-01-20,L008,M005,白班,65
P000320,2026-01-20,L008,M008,夜班,68
P000321,2026-01-21,L001,M002,白班,73
P000322,2026-01-21,L001,M001,夜班,92
P000323,2026-01-21,L002,M004,白班,76
P000324,2026-01-21,L002,M003,夜班,68
P000325,2026-01-21,L003,M004,白班,61
P000326,2026-01-21,L003,M003,夜班,63
P000327,2026-01-21,L004,M002,白班,67
P000328,2026-01-21,L004,M002,夜班,61
P000329,2026-01-21,L005,M006,白班,59
P000330,2026-01-21,L005,M006,夜班,59
P000331,2026-01-21,L006,M005,白班,50
P000332,2026-01-21,L006,M006,夜班,55
P000333,2026-01-21,L007,M007,白班,47
P000334,2026-01-21,L007,M008,夜班,50
P000335,2026-01-21,L008,M005,白班,75
P000336,2026-01-21,L008,M007,夜班,67
P000337,2026-01-22,L001,M002,白班,78
P000338,2026-01-22,L001,M001,夜班,76
P000339,2026-01-22,L002,M003,白班,70
P000340,2026-01-22,L002,M003,夜班,79
P000341,2026-01-22,L003,M004,白班,75
P000342,2026-01-22,L003,M003,夜班,73
P000343,2026-01-22,L004,M002,白班,61
P000344,2026-01-22,L004,M002,夜班,63
P000345,2026-01-22,L005,M005,白班,49
P000346,2026-01-22,L005,M006,夜班,57
P000347,2026-01-22,L006,M005,白班,57
P000348,2026-01-22,L006,M006,夜班,45
P000349,2026-01-22,L007,M008,白班,44
P000350,2026-01-22,L007,M007,夜班,50
P000351,2026-01-22,L008,M002,白班,66
P000352,2026-01-22,L008,M006,夜班,66
P000353,2026-01-23,L001,M002,白班,78
P000354,2026-01-23,L001,M002,夜班,84
P000355,2026-01-23,L002,M004,白班,74
P000356,2026-01-23,L002,M003,夜班,80
P000357,2026-01-23,L003,M004,白班,71
P000358,2026-01-23,L003,M003,夜班,70
P000359,2026-01-23,L004,M001,白班,65
P000360,2026-01-23,L004,M001,夜班,57
P000361,2026-01-23,L005,M006,白班,60
P000362,2026-01-23,L005,M005,夜班,58
P000363,2026-01-23,L006,M006,白班,52
P000364,2026-01-23,L006,M006,夜班,51
P000365,2026-01-23,L007,M008,白班,45
P000366,2026-01-23,L007,M008,夜班,44
P000367,2026-01-23,L008,M002,白班,81
P000368,2026-01-23,L008,M003,夜班,72
P000369,2026-01-24,L001,M002,白班,81
P000370,2026-01-24,L001,M001,夜班,76
P000371,2026-01-24,L002,M004,白班,60
P000372,2026-01-24,L002,M004,夜班,72
P000373,2026-01-24,L003,M003,白班,56
P000374,2026-01-24,L003,M004,夜班,66
P000375,2026-01-24,L004,M002,白班,62
P000376,2026-01-24,L004,M001,夜班,55
P000377,2026-01-24,L005,M005,白班,54
P000378,2026-01-24,L005,M005,夜班,49
P000379,2026-01-24,L006,M005,白班,43
P000380,2026-01-24,L006,M005,夜班,50
P000381,2026-01-24,L007,M008,白班,43
P000382,2026-01-24,L007,M007,夜班,37
P000383,2026-01-24,L008,M001,白班,73
P000384,2026-01-24,L008,M007,夜班,58
P000385,2026-01-25,L001,M001,白班,60
P000386,2026-01-25,L001,M001,夜班,54
P000387,2026-01-25,L002,M004,白班,47
P000388,2026-01-25,L002,M004,夜班,50
P000389,2026-01-25,L003,M004,白班,44
P000390,2026-01-25,L003,M004,夜班,45
P000391,2026-01-25,L004,M001,白班,42
P000392,2026-01-25,L004,M002,夜班,44
P000393,2026-01-25,L005,M006,白班,36
P000394,2026-01-25,L005,M006,夜班,41
P000395,2026-01-25,L006,M005,白班,38
P000396,2026-01-25,L006,M006,夜班,35
P000397,2026-01-25,L007,M007,白班,34
P000398,2026-01-25,L007,M007,夜班,34
P000399,2026-01-25,L008,M008,白班,50
P000400,2026-01-25,L008,M003,夜班,52
P000401,2026-01-26,L001,M002,白班,78
P000402,2026-01-26,L001,M002,夜班,73
P000403,2026-01-26,L002,M004,白班,65
P000404,2026-01-26,L002,M003,夜班,67
P000405,2026-01-26,L003,M004,白班,70
P000406,2026-01-26,L003,M004,夜班,72
P000407,2026-01-26,L004,M001,白班,59
P000408,2026-01-26,L004,M002,夜班,67
P000409,2026-01-26,L005,M006,白班,54
P000410,2026-01-26,L005,M006,夜班,60
P000411,2026-01-26,L006,M006,白班,46
P000412,2026-01-26,L006,M006,夜班,47
P000413,2026-01-26,L007,M008,白班,47
P000414,2026-01-26,L007,M008,夜班,48
P000415,2026-01-26,L008,M001,白班,78
P000416,2026-01-26,L008,M004,夜班,71
P000417,2026-01-27,L001,M002,白班,77
P000418,2026-01-27,L001,M001,夜班,89
P000419,2026-01-27,L002,M004,白班,65
P000420,2026-01-27,L002,M004,夜班,73
P000421,2026-01-27,L003,M003,白班,63
P000422,2026-01-27,L003,M003,夜班,75
P000423,2026-01-27,L004,M002,白班,66
P000424,2026-01-27,L004,M001,夜班,66
P000425,2026-01-27,L005,M005,白班,51
P000426,2026-01-27,L005,M005,夜班,48
P000427,2026-01-27,L006,M005,白班,50
P000428,2026-01-27,L006,M006,夜班,48
P000429,2026-01-27,L007,M008,白班,46
P000430,2026-01-27,L007,M008,夜班,52
P000431,2026-01-27,L008,M004,白班,76
P000432,2026-01-27,L008,M002,夜班,67
P000433,2026-01-28,L001,M002,白班,86
P000434,2026-01-28,L001,M002,夜班,93
P000435,2026-01-28,L002,M003,白班,82
P000436,2026-01-28,L002,M004,夜班,66
P000437,2026-01-28,L003,M004,白班,69
P000438,2026-01-28,L003,M003,夜班,73
P000439,2026-01-28,L004,M001,白班,62
P000440,2026-01-28,L004,M002,夜班,64
P000441,2026-01-28,L005,M006,白班,47
P000442,2026-01-28,L005,M006,夜班,58
P000443,2026-01-28,L006,M006,白班,52
P000444,2026-01-28,L006,M006,夜班,51
P000445,2026-01-28,L007,M008,白班,46
P000446,2026-01-28,L007,M007,夜班,46
P000447,2026-01-28,L008,M005,白班,72
P000448,2026-01-28,L008,M002,夜班,73
P000449,2026-01-29,L001,M001,白班,89
P000450,2026-01-29,L001,M002,夜班,93
P000451,2026-01-29,L002,M004,白班,67
P000452,2026-01-29,L002,M004,夜班,73
P000453,2026-01-29,L003,M004,白班,61
P000454,2026-01-29,L003,M003,夜班,72
P000455,2026-01-29,L004,M001,白班,60
P000456,2026-01-29,L004,M001,夜班,66
P000457,2026-01-29,L005,M006,白班,51
P000458,2026-01-29,L005,M006,夜班,60
P000459,2026-01-29,L006,M005,白班,53
P000460,2026-01-29,L006,M005,夜班,46
P000461,2026-01-29,L007,M008,白班,43
P000462,2026-01-29,L007,M008,夜班,44
P000463,2026-01-29,L008,M007,白班,80
P000464,2026-01-29,L008,M006,夜班,76
P000465,2026-01-30,L001,M001,白班,88
P000466,2026-01-30,L001,M001,夜班,89
P000467,2026-01-30,L002,M004,白班,75
P000468,2026-01-30,L002,M004,夜班,73
P000469,2026-01-30,L003,M003,白班,62
P000470,2026-01-30,L003,M003,夜班,65
P000471,2026-01-30,L004,M001,白班,67
P000472,2026-01-30,L004,M001,夜班,67
P000473,2026-01-30,L005,M005,白班,55
P000474,2026-01-30,L005,M006,夜班,58
P000475,2026-01-30,L006,M006,白班,47
P000476,2026-01-30,L006,M005,夜班,53
P000477,2026-01-30,L007,M007,白班,47
P000478,2026-01-30,L007,M008,夜班,44
P000479,2026-01-30,L008,M005,白班,73
P000480,2026-01-30,L008,M005,夜班,67
P000481,2026-01-31,L001,M002,白班,80
P000482,2026-01-31,L001,M001,夜班,77
P000483,2026-01-31,L002,M003,白班,68
P000484,2026-01-31,L002,M004,夜班,73
P000485,2026-01-31,L003,M004,白班,57
P000486,2026-01-31,L003,M004,夜班,61
P000487,2026-01-31,L004,M001,白班,58
P000488,2026-01-31,L004,M002,夜班,53
P000489,2026-01-31,L005,M005,白班,47
P000490,2026-01-31,L005,M006,夜班,52
P000491,2026-01-31,L006,M005,白班,45
P000492,2026-01-31,L006,M006,夜班,43
P000493,2026-01-31,L007,M007,白班,38
P000494,2026-01-31,L007,M007,夜班,45
P000495,2026-01-31,L008,M007,白班,60
P000496,2026-01-31,L008,M006,夜班,69
P000497,2026-02-01,L001,M001,白班,62
P000498,2026-02-01,L001,M001,夜班,55
P000499,2026-02-01,L002,M003,白班,48
P000500,2026-02-01,L002,M004,夜班,45
P000501,2026-02-01,L003,M003,白班,50
P000502,2026-02-01,L003,M003,夜班,50
P000503,2026-02-01,L004,M002,白班,46
P000504,2026-02-01,L004,M002,夜班,43
P000505,2026-02-01,L005,M005,白班,37
P000506,2026-02-01,L005,M005,夜班,37
P000507,2026-02-01,L006,M006,白班,36
P000508,2026-02-01,L006,M006,夜班,32
P000509,2026-02-01,L007,M008,白班,36
P000510,2026-02-01,L007,M007,夜班,35
P000511,2026-02-01,L008,M001,白班,45
P000512,2026-02-01,L008,M002,夜班,51
P000513,2026-02-02,L001,M001,白班,83
P000514,2026-02-02,L001,M001,夜班,86
P000515,2026-02-02,L002,M003,白班,69
P000516,2026-02-02,L002,M003,夜班,70
P000517,2026-02-02,L003,M004,白班,65
P000518,2026-02-02,L003,M004,夜班,74
P000519,2026-02-02,L004,M002,白班,62
P000520,2026-02-02,L004,M002,夜班,60
P000521,2026-02-02,L005,M005,白班,58
P000522,2026-02-02,L005,M006,夜班,57
P000523,2026-02-02,L006,M006,白班,58
P000524,2026-02-02,L006,M005,夜班,54
P000525,2026-02-02,L007,M007,白班,48
P000526,2026-02-02,L007,M008,夜班,43
P000527,2026-02-02,L008,M007,白班,72
P000528,2026-02-02,L008,M007,夜班,72
P000529,2026-02-03,L001,M002,白班,86
P000530,2026-02-03,L001,M001,夜班,81
P000531,2026-02-03,L002,M004,白班,77
P000532,2026-02-03,L002,M004,夜班,82
P000533,2026-02-03,L003,M003,白班,70
P000534,2026-02-03,L003,M003,夜班,73
P000535,2026-02-03,L004,M002,白班,58
P000536,2026-02-03,L004,M002,夜班,67
P000537,2026-02-03,L005,M006,白班,49
P000538,2026-02-03,L005,M005,夜班,60
P000539,2026-02-03,L006,M006,白班,56
P000540,2026-02-03,L006,M005,夜班,49
P000541,2026-02-03,L007,M008,白班,49
P000542,2026-02-03,L007,M007,夜班,45
P000543,2026-02-03,L008,M006,白班,82
P000544,2026-02-03,L008,M008,夜班,68
P000545,2026-02-04,L001,M001,白班,78
P000546,2026-02-04,L001,M001,夜班,74
P000547,2026-02-04,L002,M004,白班,81
P000548,2026-02-04,L002,M004,夜班,69
P000549,2026-02-04,L003,M004,白班,69
P000550,2026-02-04,L003,M003,夜班,63
P000551,2026-02-04,L004,M001,白班,66
P000552,2026-02-04,L004,M002,夜班,65
P000553,2026-02-04,L005,M006,白班,49
P000554,2026-02-04,L005,M005,夜班,48
P000555,2026-02-04,L006,M005,白班,54
P000556,2026-02-04,L006,M005,夜班,57
P000557,2026-02-04,L007,M008,白班,48
P000558,2026-02-04,L007,M008,夜班,50
P000559,2026-02-04,L008,M005,白班,65
P000560,2026-02-04,L008,M003,夜班,67
P000561,2026-02-05,L001,M001,白班,85
P000562,2026-02-05,L001,M001,夜班,76
P000563,2026-02-05,L002,M003,白班,73
P000564,2026-02-05,L002,M003,夜班,77
P000565,2026-02-05,L003,M003,白班,62
P000566,2026-02-05,L003,M003,夜班,71
P000567,2026-02-05,L004,M001,白班,59
P000568,2026-02-05,L004,M002,夜班,62
P000569,2026-02-05,L005,M005,白班,53
P000570,2026-02-05,L005,M006,夜班,54
P000571,2026-02-05,L006,M006,白班,52
P000572,2026-02-05,L006,M005,夜班,55
P000573,2026-02-05,L007,M007,白班,45
P000574,2026-02-05,L007,M007,夜班,44
P000575,2026-02-05,L008,M003,白班,78
P000576,2026-02-05,L008,M001,夜班,77
P000577,2026-02-06,L001,M001,白班,85
P000578,2026-02-06,L001,M001,夜班,78
P000579,2026-02-06,L002,M003,白班,72
P000580,2026-02-06,L002,M003,夜班,66
P000581,2026-02-06,L003,M004,白班,62
P000582,2026-02-06,L003,M003,夜班,68
P000583,2026-02-06,L004,M002,白班,66
P000584,2026-02-06,L004,M001,夜班,71
P000585,2026-02-06,L005,M005,白班,48
P000586,2026-02-06,L005,M006,夜班,53
P000587,2026-02-06,L006,M005,白班,54
P000588,2026-02-06,L006,M006,夜班,52
P000589,2026-02-06,L007,M008,白班,48
P000590,2026-02-06,L007,M008,夜班,48
P000591,2026-02-06,L008,M007,白班,69
P000592,2026-02-06,L008,M003,夜班,69
P000593,2026-02-07,L001,M002,白班,71
P000594,2026-02-07,L001,M001,夜班,82
P000595,2026-02-07,L002,M003,白班,69
P000596,2026-02-07,L002,M003,夜班,74
P000597,2026-02-07,L003,M003,白班,61
P000598,2026-02-07,L003,M003,夜班,57
P000599,2026-02-07,L004,M001,白班,52
P000600,2026-02-07,L004,M001,夜班,53
P000601,2026-02-07,L005,M006,白班,43
P000602,2026-02-07,L005,M005,夜班,48
P000603,2026-02-07,L006,M006,白班,48
P000604,2026-02-07,L006,M005,夜班,47
P000605,2026-02-07,L007,M008,白班,39
P000606,2026-02-07,L007,M008,夜班,43
P000607,2026-02-07,L008,M003,白班,66
P000608,2026-02-07,L008,M005,夜班,62
P000609,2026-02-08,L001,M002,白班,64
P000610,2026-02-08,L001,M002,夜班,62
P000611,2026-02-08,L002,M004,白班,54
P000612,2026-02-08,L002,M004,夜班,52
P000613,2026-02-08,L003,M003,白班,53
P000614,2026-02-08,L003,M004,夜班,49
P000615,2026-02-08,L004,M002,白班,49
P000616,2026-02-08,L004,M001,夜班,45
P000617,2026-02-08,L005,M005,白班,41
P000618,2026-02-08,L005,M005,夜班,42
P000619,2026-02-08,L006,M005,白班,33
P000620,2026-02-08,L006,M005,夜班,35
P000621,2026-02-08,L007,M008,白班,31
P000622,2026-02-08,L007,M008,夜班,32
P000623,2026-02-08,L008,M004,白班,52
P000624,2026-02-08,L008,M006,夜班,53
P000625,2026-02-09,L001,M001,白班,78
P000626,2026-02-09,L001,M002,夜班,91
P000627,2026-02-09,L002,M004,白班,71
P000628,2026-02-09,L002,M003,夜班,69
P000629,2026-02-09,L003,M003,白班,72
P000630,2026-02-09,L003,M004,夜班,70
P000631,2026-02-09,L004,M001,白班,57
P000632,2026-02-09,L004,M001,夜班,66
P000633,2026-02-09,L005,M006,白班,55
P000634,2026-02-09,L005,M005,夜班,48
P000635,2026-02-09,L006,M006,白班,52
P000636,2026-02-09,L006,M005,夜班,46
P000637,2026-02-09,L007,M008,白班,52
P000638,2026-02-09,L007,M007,夜班,51
P000639,2026-02-09,L008,M008,白班,68
P000640,2026-02-09,L008,M006,夜班,74
P000641,2026-02-10,L001,M001,白班,87
P000642,2026-02-10,L001,M001,夜班,79
P000643,2026-02-10,L002,M003,白班,71
P000644,2026-02-10,L002,M004,夜班,65
P000645,2026-02-10,L003,M003,白班,65
P000646,2026-02-10,L003,M004,夜班,64
P000647,2026-02-10,L004,M002,白班,60
P000648,2026-02-10,L004,M001,夜班,58
P000649,2026-02-10,L005,M005,白班,49
P000650,2026-02-10,L005,M006,夜班,53
P000651,2026-02-10,L006,M005,白班,55
P000652,2026-02-10,L006,M006,夜班,51
P000653,2026-02-10,L007,M007,白班,44
P000654,2026-02-10,L007,M007,夜班,47
P000655,2026-02-10,L008,M003,白班,74
P000656,2026-02-10,L008,M006,夜班,70
P000657,2026-02-11,L001,M002,白班,74
P000658,2026-02-11,L001,M001,夜班,83
P000659,2026-02-11,L002,M003,白班,70
P000660,2026-02-11,L002,M003,夜班,68
P000661,2026-02-11,L003,M003,白班,75
P000662,2026-02-11,L003,M003,夜班,68
P000663,2026-02-11,L004,M002,白班,68
P000664,2026-02-11,L004,M002,夜班,67
P000665,2026-02-11,L005,M006,白班,56
P000666,2026-02-11,L005,M006,夜班,50
P000667,2026-02-11,L006,M006,白班,52
P000668,2026-02-11,L006,M005,夜班,47
P000669,2026-02-11,L007,M008,白班,42
P000670,2026-02-11,L007,M008,夜班,47
P000671,2026-02-11,L008,M004,白班,75
P000672,2026-02-11,L008,M004,夜班,80
P000673,2026-02-12,L001,M002,白班,86
P000674,2026-02-12,L001,M002,夜班,82
P000675,2026-02-12,L002,M004,白班,80
P000676,2026-02-12,L002,M004,夜班,76
P000677,2026-02-12,L003,M003,白班,64
P000678,2026-02-12,L003,M004,夜班,70
P000679,2026-02-12,L004,M001,白班,65
P000680,2026-02-12,L004,M001,夜班,57
P000681,2026-02-12,L005,M006,白班,52
P000682,2026-02-12,L005,M005,夜班,57
P000683,2026-02-12,L006,M005,白班,56
P000684,2026-02-12,L006,M005,夜班,52
P000685,2026-02-12,L007,M007,白班,50
P000686,2026-02-12,L007,M008,夜班,52
P000687,2026-02-12,L008,M002,白班,71
P000688,2026-02-12,L008,M008,夜班,78
P000689,2026-02-13,L001,M001,白班,77
P000690,2026-02-13,L001,M002,夜班,80
P000691,2026-02-13,L002,M004,白班,72
P000692,2026-02-13,L002,M003,夜班,71
P000693,2026-02-13,L003,M003,白班,72
P000694,2026-02-13,L003,M004,夜班,75
P000695,2026-02-13,L004,M002,白班,70
P000696,2026-02-13,L004,M002,夜班,63
P000697,2026-02-13,L005,M006,白班,60
P000698,2026-02-13,L005,M005,夜班,48
P000699,2026-02-13,L006,M005,白班,52
P000700,2026-02-13,L006,M005,夜班,48
P000701,2026-02-13,L007,M008,白班,46
P000702,2026-02-13,L007,M007,夜班,46
P000703,2026-02-13,L008,M005,白班,66
P000704,2026-02-13,L008,M002,夜班,82
P000705,2026-02-14,L001,M001,白班,81
P000706,2026-02-14,L001,M001,夜班,78
P000707,2026-02-14,L002,M004,白班,59
P000708,2026-02-14,L002,M004,夜班,63
P000709,2026-02-14,L003,M004,白班,62
P000710,2026-02-14,L003,M003,夜班,55
P000711,2026-02-14,L004,M001,白班,51
P000712,2026-02-14,L004,M002,夜班,53
P000713,2026-02-14,L005,M006,白班,45
P000714,2026-02-14,L005,M005,夜班,48
P000715,2026-02-14,L006,M005,白班,41
P000716,2026-02-14,L006,M006,夜班,49
P000717,2026-02-14,L007,M008,白班,44
P000718,2026-02-14,L007,M007,夜班,43
P000719,2026-02-14,L008,M007,白班,62
P000720,2026-02-14,L008,M008,夜班,69
P000721,2026-02-15,L001,M001,白班,65
P000722,2026-02-15,L001,M001,夜班,59
P000723,2026-02-15,L002,M003,白班,47
P000724,2026-02-15,L002,M003,夜班,56
P000725,2026-02-15,L003,M003,白班,48
P000726,2026-02-15,L003,M003,夜班,54
P000727,2026-02-15,L004,M002,白班,50
P000728,2026-02-15,L004,M002,夜班,45
P000729,2026-02-15,L005,M006,白班,34
P000730,2026-02-15,L005,M006,夜班,36
P000731,2026-02-15,L006,M006,白班,37
P000732,2026-02-15,L006,M006,夜班,34
P000733,2026-02-15,L007,M008,白班,33
P000734,2026-02-15,L007,M007,夜班,36
P000735,2026-02-15,L008,M001,白班,52
P000736,2026-02-15,L008,M008,夜班,49
P000737,2026-02-16,L001,M001,白班,74
P000738,2026-02-16,L001,M002,夜班,91
P000739,2026-02-16,L002,M003,白班,68
P000740,2026-02-16,L002,M004,夜班,75
P000741,2026-02-16,L003,M004,白班,76
P000742,2026-02-16,L003,M004,夜班,74
P000743,2026-02-16,L004,M002,白班,69
P000744,2026-02-16,L004,M001,夜班,60
P000745,2026-02-16,L005,M005,白班,52
P000746,2026-02-16,L005,M006,夜班,50
P000747,2026-02-16,L006,M005,白班,47
P000748,2026-02-16,L006,M006,夜班,49
P000749,2026-02-16,L007,M007,白班,46
P000750,2026-02-16,L007,M008,夜班,51
P000751,2026-02-16,L008,M006,白班,74
P000752,2026-02-16,L008,M001,夜班,70
P000753,2026-02-17,L001,M002,白班,78
P000754,2026-02-17,L001,M001,夜班,91
P000755,2026-02-17,L002,M004,白班,82
P000756,2026-02-17,L002,M003,夜班,81
P000757,2026-02-17,L003,M004,白班,63
P000758,2026-02-17,L003,M003,夜班,63
P000759,2026-02-17,L004,M002,白班,57
P000760,2026-02-17,L004,M002,夜班,56
P000761,2026-02-17,L005,M006,白班,54
P000762,2026-02-17,L005,M006,夜班,51
P000763,2026-02-17,L006,M006,白班,54
P000764,2026-02-17,L006,M005,夜班,46
P000765,2026-02-17,L007,M008,白班,42
P000766,2026-02-17,L007,M007,夜班,41
P000767,2026-02-17,L008,M003,白班,78
P000768,2026-02-17,L008,M005,夜班,77
P000769,2026-02-18,L001,M002,白班,81
P000770,2026-02-18,L001,M002,夜班,91
P000771,2026-02-18,L002,M003,白班,75
P000772,2026-02-18,L002,M003,夜班,77
P000773,2026-02-18,L003,M003,白班,62
P000774,2026-02-18,L003,M004,夜班,68
P000775,2026-02-18,L004,M001,白班,66
P000776,2026-02-18,L004,M001,夜班,62
P000777,2026-02-18,L005,M005,白班,48
P000778,2026-02-18,L005,M005,夜班,49
P000779,2026-02-18,L006,M006,白班,55
P000780,2026-02-18,L006,M006,夜班,49
P000781,2026-02-18,L007,M007,白班,48
P000782,2026-02-18,L007,M007,夜班,49
P000783,2026-02-18,L008,M008,白班,70
P000784,2026-02-18,L008,M007,夜班,81
P000785,2026-02-19,L001,M001,白班,84
P000786,2026-02-19,L001,M001,夜班,86
P000787,2026-02-19,L002,M004,白班,70
P000788,2026-02-19,L002,M004,夜班,78
P000789,2026-02-19,L003,M004,白班,73
P000790,2026-02-19,L003,M004,夜班,69
P000791,2026-02-19,L004,M001,白班,69
P000792,2026-02-19,L004,M001,夜班,68
P000793,2026-02-19,L005,M006,白班,59
P000794,2026-02-19,L005,M006,夜班,59
P000795,2026-02-19,L006,M006,白班,46
P000796,2026-02-19,L006,M005,夜班,47
P000797,2026-02-19,L007,M007,白班,43
P000798,2026-02-19,L007,M008,夜班,48
P000799,2026-02-19,L008,M003,白班,74
P000800,2026-02-19,L008,M001,夜班,81
P000801,2026-02-20,L001,M002,白班,81
P000802,2026-02-20,L001,M002,夜班,93
P000803,2026-02-20,L002,M003,白班,77
P000804,2026-02-20,L002,M004,夜班,73
P000805,2026-02-20,L003,M003,白班,65
P000806,2026-02-20,L003,M004,夜班,72
P000807,2026-02-20,L004,M002,白班,67
P000808,2026-02-20,L004,M001,夜班,63
P000809,2026-02-20,L005,M005,白班,58
P000810,2026-02-20,L005,M006,夜班,60
P000811,2026-02-20,L006,M006,白班,53
P000812,2026-02-20,L006,M005,夜班,57
P000813,2026-02-20,L007,M008,白班,42
P000814,2026-02-20,L007,M008,夜班,51
P000815,2026-02-20,L008,M002,白班,80
P000816,2026-02-20,L008,M008,夜班,74
P000817,2026-02-21,L001,M001,白班,79
P000818,2026-02-21,L001,M002,夜班,68
P000819,2026-02-21,L002,M004,白班,58
P000820,2026-02-21,L002,M004,夜班,65
P000821,2026-02-21,L003,M004,白班,66
P000822,2026-02-21,L003,M003,夜班,69
P000823,2026-02-21,L004,M001,白班,56
P000824,2026-02-21,L004,M001,夜班,63
P000825,2026-02-21,L005,M005,白班,47
P000826,2026-02-21,L005,M005,夜班,51
P000827,2026-02-21,L006,M005,白班,42
P000828,2026-02-21,L006,M005,夜班,51
P000829,2026-02-21,L007,M007,白班,44
P000830,2026-02-21,L007,M008,夜班,42
P000831,2026-02-21,L008,M005,白班,68
P000832,2026-02-21,L008,M007,夜班,65
P000833,2026-02-22,L001,M002,白班,57
P000834,2026-02-22,L001,M002,夜班,57
P000835,2026-02-22,L002,M004,白班,45
P000836,2026-02-22,L002,M003,夜班,48
P000837,2026-02-22,L003,M004,白班,47
P000838,2026-02-22,L003,M003,夜班,46
P000839,2026-02-22,L004,M001,白班,45
P000840,2026-02-22,L004,M001,夜班,40
P000841,2026-02-22,L005,M006,白班,42
P000842,2026-02-22,L005,M006,夜班,39
P000843,2026-02-22,L006,M005,白班,35
P000844,2026-02-22,L006,M005,夜班,36
P000845,2026-02-22,L007,M008,白班,30
P000846,2026-02-22,L007,M007,夜班,36
P000847,2026-02-22,L008,M008,白班,47
P000848,2026-02-22,L008,M004,夜班,46
P000849,2026-02-23,L001,M001,白班,89
P000850,2026-02-23,L001,M001,夜班,92
P000851,2026-02-23,L002,M003,白班,71
P000852,2026-02-23,L002,M003,夜班,65
P000853,2026-02-23,L003,M004,白班,71
P000854,2026-02-23,L003,M004,夜班,69
P000855,2026-02-23,L004,M001,白班,65
P000856,2026-02-23,L004,M001,夜班,68
P000857,2026-02-23,L005,M005,白班,52
P000858,2026-02-23,L005,M006,夜班,50
P000859,2026-02-23,L006,M005,白班,49
P000860,2026-02-23,L006,M006,夜班,52
P000861,2026-02-23,L007,M008,白班,47
P000862,2026-02-23,L007,M007,夜班,51
P000863,2026-02-23,L008,M002,白班,78
P000864,2026-02-23,L008,M005,夜班,82
P000865,2026-02-24,L001,M001,白班,74
P000866,2026-02-24,L001,M001,夜班,78
P000867,2026-02-24,L002,M003,白班,68
P000868,2026-02-24,L002,M003,夜班,65
P000869,2026-02-24,L003,M003,白班,63
P000870,2026-02-24,L003,M004,夜班,65
P000871,2026-02-24,L004,M002,白班,58
P000872,2026-02-24,L004,M002,夜班,59
P000873,2026-02-24,L005,M006,白班,50
P000874,2026-02-24,L005,M006,夜班,57
P000875,2026-02-24,L006,M006,白班,53
P000876,2026-02-24,L006,M006,夜班,46
P000877,2026-02-24,L007,M007,白班,49
P000878,2026-02-24,L007,M008,夜班,51
P000879,2026-02-24,L008,M007,白班,77
P000880,2026-02-24,L008,M005,夜班,78
P000881,2026-02-25,L001,M002,白班,79
P000882,2026-02-25,L001,M001,夜班,87
P000883,2026-02-25,L002,M004,白班,82
P000884,2026-02-25,L002,M004,夜班,70
P000885,2026-02-25,L003,M003,白班,69
P000886,2026-02-25,L003,M003,夜班,61
P000887,2026-02-25,L004,M001,白班,71
P000888,2026-02-25,L004,M002,夜班,71
P000889,2026-02-25,L005,M005,白班,50
P000890,2026-02-25,L005,M006,夜班,56
P000891,2026-02-25,L006,M005,白班,48
P000892,2026-02-25,L006,M005,夜班,48
P000893,2026-02-25,L007,M008,白班,43
P000894,2026-02-25,L007,M007,夜班,52
P000895,2026-02-25,L008,M003,白班,81
P000896,2026-02-25,L008,M007,夜班,77
P000897,2026-02-26,L001,M001,白班,87
P000898,2026-02-26,L001,M001,夜班,91
P000899,2026-02-26,L002,M003,白班,66
P000900,2026-02-26,L002,M004,夜班,71
P000901,2026-02-26,L003,M003,白班,66
P000902,2026-02-26,L003,M003,夜班,73
P000903,2026-02-26,L004,M001,白班,66
P000904,2026-02-26,L004,M001,夜班,57
P000905,2026-02-26,L005,M005,白班,51
P000906,2026-02-26,L005,M006,夜班,48
P000907,2026-02-26,L006,M005,白班,54
P000908,2026-02-26,L006,M006,夜班,46
P000909,2026-02-26,L007,M008,白班,50
P000910,2026-02-26,L007,M008,夜班,51
P000911,2026-02-26,L008,M006,白班,74
P000912,2026-02-26,L008,M005,夜班,66
P000913,2026-02-27,L001,M002,白班,86
P000914,2026-02-27,L001,M002,夜班,81
P000915,2026-02-27,L002,M004,白班,76
P000916,2026-02-27,L002,M004,夜班,76
P000917,2026-02-27,L003,M004,白班,70
P000918,2026-02-27,L003,M003,夜班,74
P000919,2026-02-27,L004,M002,白班,58
P000920,2026-02-27,L004,M001,夜班,66
P000921,2026-02-27,L005,M006,白班,52
P000922,2026-02-27,L005,M006,夜班,54
P000923,2026-02-27,L006,M005,白班,47
P000924,2026-02-27,L006,M005,夜班,52
P000925,2026-02-27,L007,M008,白班,45
P000926,2026-02-27,L007,M008,夜班,45
P000927,2026-02-27,L008,M001,白班,68
P000928,2026-02-27,L008,M001,夜班,71
P000929,2026-02-28,L001,M002,白班,66
P000930,2026-02-28,L001,M002,夜班,71
P000931,2026-02-28,L002,M004,白班,67
P000932,2026-02-28,L002,M004,夜班,63
P000933,2026-02-28,L003,M003,白班,57
P000934,2026-02-28,L003,M004,夜班,57
P000935,2026-02-28,L004,M002,白班,54
P000936,2026-02-28,L004,M002,夜班,55
P000937,2026-02-28,L005,M006,白班,50
P000938,2026-02-28,L005,M005,夜班,51
P000939,2026-02-28,L006,M006,白班,48
P000940,2026-02-28,L006,M005,夜班,48
P000941,2026-02-28,L007,M007,白班,41
P000942,2026-02-28,L007,M008,夜班,39
P000943,2026-02-28,L008,M001,白班,70
P000944,2026-02-28,L008,M006,夜班,71
P000945,2026-03-01,L001,M002,白班,67
P000946,2026-03-01,L001,M002,夜班,58
P000947,2026-03-01,L002,M004,白班,54
P000948,2026-03-01,L002,M003,夜班,50
P000949,2026-03-01,L003,M004,白班,47
P000950,2026-03-01,L003,M003,夜班,48
P000951,2026-03-01,L004,M002,白班,44
P000952,2026-03-01,L004,M002,夜班,48
P000953,2026-03-01,L005,M005,白班,39
P000954,2026-03-01,L005,M006,夜班,38
P000955,2026-03-01,L006,M006,白班,42
P000956,2026-03-01,L006,M006,夜班,36
P000957,2026-03-01,L007,M008,白班,31
P000958,2026-03-01,L007,M008,夜班,38
P000959,2026-03-01,L008,M003,白班,59
P000960,2026-03-01,L008,M005,夜班,61
P000961,2026-03-02,L001,M002,白班,94
P000962,2026-03-02,L001,M002,夜班,87
P000963,2026-03-02,L002,M003,白班,75
P000964,2026-03-02,L002,M004,夜班,81
P000965,2026-03-02,L003,M003,白班,75
P000966,2026-03-02,L003,M003,夜班,78
P000967,2026-03-02,L004,M001,白班,69
P000968,2026-03-02,L004,M001,夜班,61
P000969,2026-03-02,L005,M005,白班,60
P000970,2026-03-02,L005,M005,夜班,61
P000971,2026-03-02,L006,M005,白班,55
P000972,2026-03-02,L006,M005,夜班,53
P000973,2026-03-02,L007,M008,白班,43
P000974,2026-03-02,L007,M007,夜班,47
P000975,2026-03-02,L008,M006,白班,82
P000976,2026-03-02,L008,M006,夜班,85
P000977,2026-03-03,L001,M001,白班,96
P000978,2026-03-03,L001,M001,夜班,93
P000979,2026-03-03,L002,M004,白班,73
P000980,2026-03-03,L002,M004,夜班,82
P000981,2026-03-03,L003,M004,白班,80
P000982,2026-03-03,L003,M004,夜班,69
P000983,2026-03-03,L004,M001,白班,67
P000984,2026-03-03,L004,M001,夜班,63
P000985,2026-03-03,L005,M006,白班,52
P000986,2026-03-03,L005,M005,夜班,53
P000987,2026-03-03,L006,M005,白班,57
P000988,2026-03-03,L006,M005,夜班,54
P000989,2026-03-03,L007,M008,白班,46
P000990,2026-03-03,L007,M007,夜班,47
P000991,2026-03-03,L008,M006,白班,80
P000992,2026-03-03,L008,M002,夜班,76
P000993,2026-03-04,L001,M002,白班,97
P000994,2026-03-04,L001,M002,夜班,95
P000995,2026-03-04,L002,M004,白班,81
P000996,2026-03-04,L002,M004,夜班,79
P000997,2026-03-04,L003,M003,白班,81
P000998,2026-03-04,L003,M004,夜班,70
P000999,2026-03-04,L004,M002,白班,60
P001000,2026-03-04,L004,M002,夜班,66
P001001,2026-03-04,L005,M006,白班,64
P001002,2026-03-04,L005,M005,夜班,51
P001003,2026-03-04,L006,M006,白班,53
P001004,2026-03-04,L006,M006,夜班,57
P001005,2026-03-04,L007,M008,白班,46
P001006,2026-03-04,L007,M007,夜班,55
P001007,2026-03-04,L008,M008,白班,81
P001008,2026-03-04,L008,M001,夜班,72
P001009,2026-03-05,L001,M001,白班,98
P001010,2026-03-05,L001,M002,夜班,88
P001011,2026-03-05,L002,M004,白班,75
P001012,2026-03-05,L002,M004,夜班,87
P001013,2026-03-05,L003,M003,白班,66
P001014,2026-03-05,L003,M004,夜班,81
P001015,2026-03-05,L004,M001,白班,60
P001016,2026-03-05,L004,M002,夜班,67
P001017,2026-03-05,L005,M006,白班,52
P001018,2026-03-05,L005,M006,夜班,64
P001019,2026-03-05,L006,M006,白班,57
P001020,2026-03-05,L006,M005,夜班,52
P001021,2026-03-05,L007,M008,白班,53
P001022,2026-03-05,L007,M008,夜班,53
P001023,2026-03-05,L008,M008,白班,70
P001024,2026-03-05,L008,M002,夜班,84
P001025,2026-03-06,L001,M002,白班,88
P001026,2026-03-06,L001,M001,夜班,95
P001027,2026-03-06,L002,M004,白班,84
P001028,2026-03-06,L002,M004,夜班,87
P001029,2026-03-06,L003,M003,白班,72
P001030,2026-03-06,L003,M003,夜班,81
P001031,2026-03-06,L004,M001,白班,61
P001032,2026-03-06,L004,M001,夜班,64
P001033,2026-03-06,L005,M006,白班,51
P001034,2026-03-06,L005,M005,夜班,60
P001035,2026-03-06,L006,M005,白班,52
P001036,2026-03-06,L006,M005,夜班,49
P001037,2026-03-06,L007,M008,白班,49
P001038,2026-03-06,L007,M007,夜班,45
P001039,2026-03-06,L008,M001,白班,75
P001040,2026-03-06,L008,M004,夜班,80
P001041,2026-03-07,L001,M002,白班,83
P001042,2026-03-07,L001,M002,夜班,88
P001043,2026-03-07,L002,M003,白班,72
P001044,2026-03-07,L002,M004,夜班,76
P001045,2026-03-07,L003,M003,白班,68
P001046,2026-03-07,L003,M004,夜班,63
P001047,2026-03-07,L004,M002,白班,64
P001048,2026-03-07,L004,M002,夜班,67
P001049,2026-03-07,L005,M006,白班,47
P001050,2026-03-07,L005,M006,夜班,49
P001051,2026-03-07,L006,M005,白班,52
P001052,2026-03-07,L006,M005,夜班,46
P001053,2026-03-07,L007,M007,白班,44
P001054,2026-03-07,L007,M007,夜班,43
P001055,2026-03-07,L008,M004,白班,68
P001056,2026-03-07,L008,M006,夜班,68
P001057,2026-03-08,L001,M002,白班,56
P001058,2026-03-08,L001,M001,夜班,55
P001059,2026-03-08,L002,M003,白班,59
P001060,2026-03-08,L002,M004,夜班,57
P001061,2026-03-08,L003,M003,白班,55
P001062,2026-03-08,L003,M003,夜班,57
P001063,2026-03-08,L004,M002,白班,48
P001064,2026-03-08,L004,M001,夜班,52
P001065,2026-03-08,L005,M006,白班,38
P001066,2026-03-08,L005,M006,夜班,39
P001067,2026-03-08,L006,M005,白班,35
P001068,2026-03-08,L006,M005,夜班,42
P001069,2026-03-08,L007,M008,白班,32
P001070,2026-03-08,L007,M007,夜班,38
P001071,2026-03-08,L008,M005,白班,60
P001072,2026-03-08,L008,M001,夜班,55
P001073,2026-03-09,L001,M001,白班,82
P001074,2026-03-09,L001,M001,夜班,90
P001075,2026-03-09,L002,M004,白班,86
P001076,2026-03-09,L002,M003,夜班,77
P001077,2026-03-09,L003,M003,白班,74
P001078,2026-03-09,L003,M004,夜班,78
P001079,2026-03-09,L004,M002,白班,66
P001080,2026-03-09,L004,M001,夜班,70
P001081,2026-03-09,L005,M006,白班,57
P001082,2026-03-09,L005,M006,夜班,56
P001083,2026-03-09,L006,M006,白班,52
P001084,2026-03-09,L006,M005,夜班,58
P001085,2026-03-09,L007,M007,白班,54
P001086,2026-03-09,L007,M007,夜班,50
P001087,2026-03-09,L008,M006,白班,69
P001088,2026-03-09,L008,M006,夜班,69
P001089,2026-03-10,L001,M001,白班,93
P001090,2026-03-10,L001,M001,夜班,90
P001091,2026-03-10,L002,M003,白班,68
P001092,2026-03-10,L002,M004,夜班,76
P001093,2026-03-10,L003,M003,白班,65
P001094,2026-03-10,L003,M003,夜班,75
P001095,2026-03-10,L004,M001,白班,61
P001096,2026-03-10,L004,M002,夜班,73
P001097,2026-03-10,L005,M005,白班,51
P001098,2026-03-10,L005,M006,夜班,59
P001099,2026-03-10,L006,M005,白班,49
P001100,2026-03-10,L006,M005,夜班,60
P001101,2026-03-10,L007,M007,白班,46
P001102,2026-03-10,L007,M008,夜班,55
P001103,2026-03-10,L008,M001,白班,87
P001104,2026-03-10,L008,M007,夜班,69
P001105,2026-03-11,L001,M001,白班,88
P001106,2026-03-11,L001,M001,夜班,82
P001107,2026-03-11,L002,M004,白班,69
P001108,2026-03-11,L002,M004,夜班,85
P001109,2026-03-11,L003,M003,白班,73
P001110,2026-03-11,L003,M004,夜班,66
P001111,2026-03-11,L004,M002,白班,65
P001112,2026-03-11,L004,M002,夜班,61
P001113,2026-03-11,L005,M005,白班,60
P001114,2026-03-11,L005,M006,夜班,62
P001115,2026-03-11,L006,M005,白班,52
P001116,2026-03-11,L006,M006,夜班,48
P001117,2026-03-11,L007,M008,白班,54
P001118,2026-03-11,L007,M008,夜班,52
P001119,2026-03-11,L008,M006,白班,77
P001120,2026-03-11,L008,M001,夜班,75
P001121,2026-03-12,L001,M001,白班,97
P001122,2026-03-12,L001,M002,夜班,94
P001123,2026-03-12,L002,M004,白班,70
P001124,2026-03-12,L002,M004,夜班,77
P001125,2026-03-12,L003,M003,白班,70
P001126,2026-03-12,L003,M003,夜班,71
P001127,2026-03-12,L004,M002,白班,61
P001128,2026-03-12,L004,M002,夜班,68
P001129,2026-03-12,L005,M005,白班,57
P001130,2026-03-12,L005,M005,夜班,53
P001131,2026-03-12,L006,M005,白班,52
P001132,2026-03-12,L006,M005,夜班,55
P001133,2026-03-12,L007,M007,白班,44
P001134,2026-03-12,L007,M007,夜班,49
P001135,2026-03-12,L008,M003,白班,87
P001136,2026-03-12,L008,M002,夜班,83
P001137,2026-03-13,L001,M002,白班,90
P001138,2026-03-13,L001,M001,夜班,96
P001139,2026-03-13,L002,M003,白班,85
P001140,2026-03-13,L002,M003,夜班,71
P001141,2026-03-13,L003,M004,白班,67
P001142,2026-03-13,L003,M004,夜班,71
P001143,2026-03-13,L004,M001,白班,71
P001144,2026-03-13,L004,M002,夜班,72
P001145,2026-03-13,L005,M005,白班,53
P001146,2026-03-13,L005,M006,夜班,57
P001147,2026-03-13,L006,M005,白班,58
P001148,2026-03-13,L006,M006,夜班,55
P001149,2026-03-13,L007,M008,白班,50
P001150,2026-03-13,L007,M008,夜班,49
P001151,2026-03-13,L008,M007,白班,76
P001152,2026-03-13,L008,M007,夜班,72
P001153,2026-03-14,L001,M002,白班,73
P001154,2026-03-14,L001,M001,夜班,73
P001155,2026-03-14,L002,M004,白班,79
P001156,2026-03-14,L002,M004,夜班,73
P001157,2026-03-14,L003,M003,白班,64
P001158,2026-03-14,L003,M003,夜班,67
P001159,2026-03-14,L004,M002,白班,67
P001160,2026-03-14,L004,M001,夜班,61
P001161,2026-03-14,L005,M006,白班,53
P001162,2026-03-14,L005,M006,夜班,52
P001163,2026-03-14,L006,M006,白班,55
P001164,2026-03-14,L006,M005,夜班,53
P001165,2026-03-14,L007,M008,白班,41
P001166,2026-03-14,L007,M008,夜班,49
P001167,2026-03-14,L008,M005,白班,75
P001168,2026-03-14,L008,M007,夜班,68
P001169,2026-03-15,L001,M001,白班,64
P001170,2026-03-15,L001,M002,夜班,60
P001171,2026-03-15,L002,M004,白班,52
P001172,2026-03-15,L002,M004,夜班,50
P001173,2026-03-15,L003,M004,白班,49
P001174,2026-03-15,L003,M004,夜班,48
P001175,2026-03-15,L004,M002,白班,51
P001176,2026-03-15,L004,M002,夜班,51
P001177,2026-03-15,L005,M005,白班,42
P001178,2026-03-15,L005,M005,夜班,40
P001179,2026-03-15,L006,M006,白班,37
P001180,2026-03-15,L006,M005,夜班,37
P001181,2026-03-15,L007,M008,白班,33
P001182,2026-03-15,L007,M008,夜班,36
P001183,2026-03-15,L008,M001,白班,60
P001184,2026-03-15,L008,M008,夜班,59
P001185,2026-03-16,L001,M001,白班,93
P001186,2026-03-16,L001,M002,夜班,81
P001187,2026-03-16,L002,M004,白班,69
P001188,2026-03-16,L002,M004,夜班,69
P001189,2026-03-16,L003,M003,白班,77
P001190,2026-03-16,L003,M004,夜班,72
P001191,2026-03-16,L004,M002,白班,63
P001192,2026-03-16,L004,M002,夜班,59
P001193,2026-03-16,L005,M006,白班,55
P001194,2026-03-16,L005,M006,夜班,53
P001195,2026-03-16,L006,M006,白班,50
P001196,2026-03-16,L006,M005,夜班,58
P001197,2026-03-16,L007,M007,白班,48
P001198,2026-03-16,L007,M007,夜班,52
P001199,2026-03-16,L008,M002,白班,81
P001200,2026-03-16,L008,M004,夜班,76
P001201,2026-03-17,L001,M001,白班,89
P001202,2026-03-17,L001,M001,夜班,89
P001203,2026-03-17,L002,M003,白班,84
P001204,2026-03-17,L002,M004,夜班,79
P001205,2026-03-17,L003,M004,白班,78
P001206,2026-03-17,L003,M004,夜班,76
P001207,2026-03-17,L004,M002,白班,73
P001208,2026-03-17,L004,M001,夜班,74
P001209,2026-03-17,L005,M006,白班,63
P001210,2026-03-17,L005,M005,夜班,52
P001211,2026-03-17,L006,M006,白班,60
P001212,2026-03-17,L006,M005,夜班,54
P001213,2026-03-17,L007,M007,白班,52
P001214,2026-03-17,L007,M007,夜班,47
P001215,2026-03-17,L008,M004,白班,84
P001216,2026-03-17,L008,M003,夜班,77
P001217,2026-03-18,L001,M002,白班,87
P001218,2026-03-18,L001,M001,夜班,96
P001219,2026-03-18,L002,M003,白班,86
P001220,2026-03-18,L002,M003,夜班,85
P001221,2026-03-18,L003,M003,白班,81
P001222,2026-03-18,L003,M003,夜班,79
P001223,2026-03-18,L004,M002,白班,68
P001224,2026-03-18,L004,M002,夜班,76
P001225,2026-03-18,L005,M006,白班,51
P001226,2026-03-18,L005,M006,夜班,58
P001227,2026-03-18,L006,M006,白班,50
P001228,2026-03-18,L006,M006,夜班,50
P001229,2026-03-18,L007,M007,白班,44
P001230,2026-03-18,L007,M008,夜班,50
P001231,2026-03-18,L008,M002,白班,80
P001232,2026-03-18,L008,M008,夜班,78
P001233,2026-03-19,L001,M001,白班,93
P001234,2026-03-19,L001,M001,夜班,89
P001235,2026-03-19,L002,M004,白班,75
P001236,2026-03-19,L002,M004,夜班,70
P001237,2026-03-19,L003,M004,白班,73
P001238,2026-03-19,L003,M004,夜班,81
P001239,2026-03-19,L004,M002,白班,70
P001240,2026-03-19,L004,M001,夜班,62
P001241,2026-03-19,L005,M005,白班,55
P001242,2026-03-19,L005,M005,夜班,54
P001243,2026-03-19,L006,M006,白班,54
P001244,2026-03-19,L006,M005,夜班,52
P001245,2026-03-19,L007,M008,白班,52
P001246,2026-03-19,L007,M008,夜班,48
P001247,2026-03-19,L008,M004,白班,73
P001248,2026-03-19,L008,M004,夜班,71
P001249,2026-03-20,L001,M002,白班,78
P001250,2026-03-20,L001,M002,夜班,93
P001251,2026-03-20,L002,M003,白班,83
P001252,2026-03-20,L002,M004,夜班,79
P001253,2026-03-20,L003,M003,白班,72
P001254,2026-03-20,L003,M004,夜班,76
P001255,2026-03-20,L004,M001,白班,69
P001256,2026-03-20,L004,M002,夜班,68
P001257,2026-03-20,L005,M006,白班,57
P001258,2026-03-20,L005,M005,夜班,56
P001259,2026-03-20,L006,M006,白班,58
P001260,2026-03-20,L006,M006,夜班,59
P001261,2026-03-20,L007,M007,白班,46
P001262,2026-03-20,L007,M007,夜班,44
P001263,2026-03-20,L008,M008,白班,87
P001264,2026-03-20,L008,M008,夜班,73
P001265,2026-03-21,L001,M002,白班,77
P001266,2026-03-21,L001,M002,夜班,86
P001267,2026-03-21,L002,M004,白班,66
P001268,2026-03-21,L002,M004,夜班,64
P001269,2026-03-21,L003,M003,白班,64
P001270,2026-03-21,L003,M003,夜班,72
P001271,2026-03-21,L004,M002,白班,58
P001272,2026-03-21,L004,M002,夜班,67
P001273,2026-03-21,L005,M006,白班,55
P001274,2026-03-21,L005,M006,夜班,49
P001275,2026-03-21,L006,M005,白班,53
P001276,2026-03-21,L006,M006,夜班,49
P001277,2026-03-21,L007,M007,白班,44
P001278,2026-03-21,L007,M008,夜班,43
P001279,2026-03-21,L008,M004,白班,74
P001280,2026-03-21,L008,M006,夜班,78
P001281,2026-03-22,L001,M002,白班,62
P001282,2026-03-22,L001,M002,夜班,67
P001283,2026-03-22,L002,M004,白班,51
P001284,2026-03-22,L002,M004,夜班,53
P001285,2026-03-22,L003,M004,白班,48
P001286,2026-03-22,L003,M003,夜班,53
P001287,2026-03-22,L004,M002,白班,48
P001288,2026-03-22,L004,M001,夜班,50
P001289,2026-03-22,L005,M005,白班,38
P001290,2026-03-22,L005,M005,夜班,44
P001291,2026-03-22,L006,M005,白班,36
P001292,2026-03-22,L006,M005,夜班,35
P001293,2026-03-22,L007,M008,白班,38
P001294,2026-03-22,L007,M008,夜班,37
P001295,2026-03-22,L008,M004,白班,55
P001296,2026-03-22,L008,M001,夜班,53
P001297,2026-03-23,L001,M002,白班,90
P001298,2026-03-23,L001,M002,夜班,78
P001299,2026-03-23,L002,M003,白班,69
P001300,2026-03-23,L002,M003,夜班,77
P001301,2026-03-23,L003,M004,白班,64
P001302,2026-03-23,L003,M004,夜班,72
P001303,2026-03-23,L004,M002,白班,69
P001304,2026-03-23,L004,M001,夜班,75
P001305,2026-03-23,L005,M006,白班,62
P001306,2026-03-23,L005,M006,夜班,61
P001307,2026-03-23,L006,M006,白班,49
P001308,2026-03-23,L006,M006,夜班,54
P001309,2026-03-23,L007,M008,白班,45
P001310,2026-03-23,L007,M008,夜班,50
P001311,2026-03-23,L008,M001,白班,80
P001312,2026-03-23,L008,M002,夜班,86
P001313,2026-03-24,L001,M001,白班,86
P001314,2026-03-24,L001,M002,夜班,98
P001315,2026-03-24,L002,M003,白班,69
P001316,2026-03-24,L002,M004,夜班,79
P001317,2026-03-24,L003,M003,白班,80
P001318,2026-03-24,L003,M003,夜班,72
P001319,2026-03-24,L004,M001,白班,66
P001320,2026-03-24,L004,M001,夜班,60
P001321,2026-03-24,L005,M005,白班,55
P001322,2026-03-24,L005,M005,夜班,51
P001323,2026-03-24,L006,M005,白班,57
P001324,2026-03-24,L006,M005,夜班,54
P001325,2026-03-24,L007,M008,白班,55
P001326,2026-03-24,L007,M007,夜班,44
P001327,2026-03-24,L008,M006,白班,79
P001328,2026-03-24,L008,M001,夜班,72
P001329,2026-03-25,L001,M001,白班,79
P001330,2026-03-25,L001,M001,夜班,93
P001331,2026-03-25,L002,M003,白班,86
P001332,2026-03-25,L002,M004,夜班,80
P001333,2026-03-25,L003,M004,白班,78
P001334,2026-03-25,L003,M003,夜班,76
P001335,2026-03-25,L004,M002,白班,70
P001336,2026-03-25,L004,M002,夜班,60
P001337,2026-03-25,L005,M006,白班,60
P001338,2026-03-25,L005,M005,夜班,62
P001339,2026-03-25,L006,M006,白班,61
P001340,2026-03-25,L006,M005,夜班,48
P001341,2026-03-25,L007,M007,白班,47
P001342,2026-03-25,L007,M008,夜班,44
P001343,2026-03-25,L008,M007,白班,77
P001344,2026-03-25,L008,M003,夜班,76
P001345,2026-03-26,L001,M001,白班,95
P001346,2026-03-26,L001,M002,夜班,89
P001347,2026-03-26,L002,M003,白班,81
P001348,2026-03-26,L002,M004,夜班,85
P001349,2026-03-26,L003,M004,白班,64
P001350,2026-03-26,L003,M004,夜班,66
P001351,2026-03-26,L004,M002,白班,67
P001352,2026-03-26,L004,M001,夜班,66
P001353,2026-03-26,L005,M006,白班,56
P001354,2026-03-26,L005,M006,夜班,52
P001355,2026-03-26,L006,M005,白班,55
P001356,2026-03-26,L006,M006,夜班,56
P001357,2026-03-26,L007,M007,白班,46
P001358,2026-03-26,L007,M008,夜班,49
P001359,2026-03-26,L008,M008,白班,73
P001360,2026-03-26,L008,M008,夜班,81
P001361,2026-03-27,L001,M001,白班,87
P001362,2026-03-27,L001,M001,夜班,81
P001363,2026-03-27,L002,M004,白班,86
P001364,2026-03-27,L002,M004,夜班,82
P001365,2026-03-27,L003,M003,白班,79
P001366,2026-03-27,L003,M004,夜班,74
P001367,2026-03-27,L004,M002,白班,75
P001368,2026-03-27,L004,M001,夜班,73
P001369,2026-03-27,L005,M005,白班,56
P001370,2026-03-27,L005,M006,夜班,53
P001371,2026-03-27,L006,M005,白班,51
P001372,2026-03-27,L006,M006,夜班,54
P001373,2026-03-27,L007,M007,白班,54
P001374,2026-03-27,L007,M008,夜班,47
P001375,2026-03-27,L008,M002,白班,71
P001376,2026-03-27,L008,M002,夜班,70
P001377,2026-03-28,L001,M002,白班,76
P001378,2026-03-28,L001,M001,夜班,72
P001379,2026-03-28,L002,M004,白班,68
P001380,2026-03-28,L002,M004,夜班,64
P001381,2026-03-28,L003,M003,白班,61
P001382,2026-03-28,L003,M004,夜班,63
P001383,2026-03-28,L004,M001,白班,59
P001384,2026-03-28,L004,M002,夜班,56
P001385,2026-03-28,L005,M006,白班,52
P001386,2026-03-28,L005,M006,夜班,50
P001387,2026-03-28,L006,M006,白班,50
P001388,2026-03-28,L006,M006,夜班,51
P001389,2026-03-28,L007,M007,白班,40
P001390,2026-03-28,L007,M007,夜班,48
P001391,2026-03-28,L008,M006,白班,78
P001392,2026-03-28,L008,M005,夜班,64
P001393,2026-03-29,L001,M001,白班,60
P001394,2026-03-29,L001,M001,夜班,62
P001395,2026-03-29,L002,M004,白班,49
P001396,2026-03-29,L002,M004,夜班,51
P001397,2026-03-29,L003,M004,白班,55
P001398,2026-03-29,L003,M003,夜班,56
P001399,2026-03-29,L004,M001,白班,46
P001400,2026-03-29,L004,M002,夜班,44
P001401,2026-03-29,L005,M005,白班,38
P001402,2026-03-29,L005,M006,夜班,37
P001403,2026-03-29,L006,M005,白班,41
P001404,2026-03-29,L006,M006,夜班,34
P001405,2026-03-29,L007,M007,白班,37
P001406,2026-03-29,L007,M008,夜班,38
P001407,2026-03-29,L008,M004,白班,61
P001408,2026-03-29,L008,M001,夜班,50
P001409,2026-03-30,L001,M001,白班,86
P001410,2026-03-30,L001,M001,夜班,97
P001411,2026-03-30,L002,M003,白班,87
P001412,2026-03-30,L002,M004,夜班,83
P001413,2026-03-30,L003,M003,白班,66
P001414,2026-03-30,L003,M004,夜班,69
P001415,2026-03-30,L004,M001,白班,72
P001416,2026-03-30,L004,M002,夜班,74
P001417,2026-03-30,L005,M005,白班,59
P001418,2026-03-30,L005,M006,夜班,64
P001419,2026-03-30,L006,M005,白班,50
P001420,2026-03-30,L006,M006,夜班,51
P001421,2026-03-30,L007,M008,白班,44
P001422,2026-03-30,L007,M007,夜班,48
P001423,2026-03-30,L008,M002,白班,81
P001424,2026-03-30,L008,M001,夜班,86
P001425,2026-03-31,L001,M002,白班,96
P001426,2026-03-31,L001,M002,夜班,98
P001427,2026-03-31,L002,M004,白班,70
P001428,2026-03-31,L002,M004,夜班,76
P001429,2026-03-31,L003,M003,白班,80
P001430,2026-03-31,L003,M003,夜班,71
P001431,2026-03-31,L004,M001,白班,74
P001432,2026-03-31,L004,M001,夜班,70
P001433,2026-03-31,L005,M005,白班,54
P001434,2026-03-31,L005,M006,夜班,56
P001435,2026-03-31,L006,M006,白班,49
P001436,2026-03-31,L006,M005,夜班,51
P001437,2026-03-31,L007,M007,白班,49
P001438,2026-03-31,L007,M008,夜班,52
P001439,2026-03-31,L008,M006,白班,84
P001440,2026-03-31,L008,M006,夜班,78
P001441,2026-04-01,L001,M002,白班,88
P001442,2026-04-01,L001,M001,夜班,81
P001443,2026-04-01,L002,M004,白班,74
P001444,2026-04-01,L002,M004,夜班,70
P001445,2026-04-01,L003,M004,白班,68
P001446,2026-04-01,L003,M003,夜班,66
P001447,2026-04-01,L004,M001,白班,60
P001448,2026-04-01,L004,M002,夜班,69
P001449,2026-04-01,L005,M005,白班,60
P001450,2026-04-01,L005,M005,夜班,54
P001451,2026-04-01,L006,M006,白班,48
P001452,2026-04-01,L006,M006,夜班,53
P001453,2026-04-01,L007,M008,白班,51
P001454,2026-04-01,L007,M008,夜班,54
P001455,2026-04-01,L008,M001,白班,82
P001456,2026-04-01,L008,M006,夜班,74
P001457,2026-04-02,L001,M002,白班,79
P001458,2026-04-02,L001,M002,夜班,80
P001459,2026-04-02,L002,M003,白班,82
P001460,2026-04-02,L002,M003,夜班,69
P001461,2026-04-02,L003,M004,白班,74
P001462,2026-04-02,L003,M004,夜班,64
P001463,2026-04-02,L004,M002,白班,67
P001464,2026-04-02,L004,M002,夜班,71
P001465,2026-04-02,L005,M006,白班,56
P001466,2026-04-02,L005,M005,夜班,60
P001467,2026-04-02,L006,M006,白班,59
P001468,2026-04-02,L006,M006,夜班,51
P001469,2026-04-02,L007,M008,白班,51
P001470,2026-04-02,L007,M007,夜班,46
P001471,2026-04-02,L008,M001,白班,86
P001472,2026-04-02,L008,M008,夜班,83
P001473,2026-04-03,L001,M001,白班,86
P001474,2026-04-03,L001,M002,夜班,85
P001475,2026-04-03,L002,M004,白班,73
P001476,2026-04-03,L002,M004,夜班,75
P001477,2026-04-03,L003,M003,白班,65
P001478,2026-04-03,L003,M003,夜班,72
P001479,2026-04-03,L004,M002,白班,64
P001480,2026-04-03,L004,M001,夜班,69
P001481,2026-04-03,L005,M005,白班,57
P001482,2026-04-03,L005,M006,夜班,61
P001483,2026-04-03,L006,M006,白班,49
P001484,2026-04-03,L006,M006,夜班,50
P001485,2026-04-03,L007,M007,白班,54
P001486,2026-04-03,L007,M007,夜班,50
P001487,2026-04-03,L008,M005,白班,70
P001488,2026-04-03,L008,M003,夜班,86
P001489,2026-04-04,L001,M002,白班,81
P001490,2026-04-04,L001,M001,夜班,74
P001491,2026-04-04,L002,M003,白班,62
P001492,2026-04-04,L002,M004,夜班,71
P001493,2026-04-04,L003,M003,白班,64
P001494,2026-04-04,L003,M003,夜班,69
P001495,2026-04-04,L004,M001,白班,61
P001496,2026-04-04,L004,M001,夜班,58
P001497,2026-04-04,L005,M005,白班,51
P001498,2026-04-04,L005,M006,夜班,51
P001499,2026-04-04,L006,M005,白班,44
P001500,2026-04-04,L006,M005,夜班,54
P001501,2026-04-04,L007,M007,白班,42
P001502,2026-04-04,L007,M007,夜班,44
P001503,2026-04-04,L008,M007,白班,66
P001504,2026-04-04,L008,M003,夜班,68
P001505,2026-04-05,L001,M001,白班,69
P001506,2026-04-05,L001,M001,夜班,62
P001507,2026-04-05,L002,M003,白班,49
P001508,2026-04-05,L002,M003,夜班,59
P001509,2026-04-05,L003,M003,白班,45
P001510,2026-04-05,L003,M004,夜班,48
P001511,2026-04-05,L004,M001,白班,46
P001512,2026-04-05,L004,M002,夜班,42
P001513,2026-04-05,L005,M006,白班,37
P001514,2026-04-05,L005,M005,夜班,42
P001515,2026-04-05,L006,M006,白班,40
P001516,2026-04-05,L006,M005,夜班,42
P001517,2026-04-05,L007,M008,白班,37
P001518,2026-04-05,L007,M008,夜班,35
P001519,2026-04-05,L008,M005,白班,51
P001520,2026-04-05,L008,M004,夜班,60
P001521,2026-04-06,L001,M002,白班,79
P001522,2026-04-06,L001,M001,夜班,89
P001523,2026-04-06,L002,M004,白班,82
P001524,2026-04-06,L002,M004,夜班,72
P001525,2026-04-06,L003,M004,白班,75
P001526,2026-04-06,L003,M003,夜班,70
P001527,2026-04-06,L004,M002,白班,63
P001528,2026-04-06,L004,M002,夜班,63
P001529,2026-04-06,L005,M005,白班,57
P001530,2026-04-06,L005,M005,夜班,52
P001531,2026-04-06,L006,M006,白班,49
P001532,2026-04-06,L006,M006,夜班,58
P001533,2026-04-06,L007,M007,白班,47
P001534,2026-04-06,L007,M008,夜班,46
P001535,2026-04-06,L008,M008,白班,78
P001536,2026-04-06,L008,M001,夜班,82
P001537,2026-04-07,L001,M002,白班,98
P001538,2026-04-07,L001,M001,夜班,96
P001539,2026-04-07,L002,M004,白班,76
P001540,2026-04-07,L002,M004,夜班,83
P001541,2026-04-07,L003,M004,白班,67
P001542,2026-04-07,L003,M003,夜班,70
P001543,2026-04-07,L004,M002,白班,68
P001544,2026-04-07,L004,M001,夜班,67
P001545,2026-04-07,L005,M005,白班,55
P001546,2026-04-07,L005,M005,夜班,58
P001547,2026-04-07,L006,M006,白班,58
P001548,2026-04-07,L006,M006,夜班,58
P001549,2026-04-07,L007,M008,白班,49
P001550,2026-04-07,L007,M007,夜班,51
P001551,2026-04-07,L008,M003,白班,84
P001552,2026-04-07,L008,M002,夜班,78
P001553,2026-04-08,L001,M002,白班,80
P001554,2026-04-08,L001,M002,夜班,78
P001555,2026-04-08,L002,M004,白班,77
P001556,2026-04-08,L002,M003,夜班,72
P001557,2026-04-08,L003,M003,白班,77
P001558,2026-04-08,L003,M004,夜班,68
P001559,2026-04-08,L004,M001,白班,72
P001560,2026-04-08,L004,M002,夜班,71
P001561,2026-04-08,L005,M006,白班,55
P001562,2026-04-08,L005,M005,夜班,54
P001563,2026-04-08,L006,M005,白班,60
P001564,2026-04-08,L006,M006,夜班,58
P001565,2026-04-08,L007,M007,白班,48
P001566,2026-04-08,L007,M008,夜班,43
P001567,2026-04-08,L008,M001,白班,74
P001568,2026-04-08,L008,M001,夜班,75
P001569,2026-04-09,L001,M001,白班,96
P001570,2026-04-09,L001,M001,夜班,99
P001571,2026-04-09,L002,M003,白班,85
P001572,2026-04-09,L002,M003,夜班,75
P001573,2026-04-09,L003,M004,白班,80
P001574,2026-04-09,L003,M003,夜班,69
P001575,2026-04-09,L004,M002,白班,67
P001576,2026-04-09,L004,M001,夜班,66
P001577,2026-04-09,L005,M005,白班,61
P001578,2026-04-09,L005,M005,夜班,50
P001579,2026-04-09,L006,M005,白班,60
P001580,2026-04-09,L006,M005,夜班,49
P001581,2026-04-09,L007,M008,白班,52
P001582,2026-04-09,L007,M007,夜班,49
P001583,2026-04-09,L008,M005,白班,84
P001584,2026-04-09,L008,M002,夜班,71
P001585,2026-04-10,L001,M001,白班,94
P001586,2026-04-10,L001,M001,夜班,90
P001587,2026-04-10,L002,M004,白班,69
P001588,2026-04-10,L002,M003,夜班,70
P001589,2026-04-10,L003,M004,白班,77
P001590,2026-04-10,L003,M004,夜班,73
P001591,2026-04-10,L004,M001,白班,63
P001592,2026-04-10,L004,M001,夜班,64
P001593,2026-04-10,L005,M006,白班,64
P001594,2026-04-10,L005,M005,夜班,58
P001595,2026-04-10,L006,M006,白班,51
P001596,2026-04-10,L006,M005,夜班,55
P001597,2026-04-10,L007,M007,白班,52
P001598,2026-04-10,L007,M007,夜班,55
P001599,2026-04-10,L008,M008,白班,76
P001600,2026-04-10,L008,M001,夜班,79
P001601,2026-04-11,L001,M002,白班,70
P001602,2026-04-11,L001,M001,夜班,86
P001603,2026-04-11,L002,M003,白班,76
P001604,2026-04-11,L002,M004,夜班,69
P001605,2026-04-11,L003,M004,白班,58
P001606,2026-04-11,L003,M003,夜班,63
P001607,2026-04-11,L004,M001,白班,66
P001608,2026-04-11,L004,M001,夜班,62
P001609,2026-04-11,L005,M005,白班,53
P001610,2026-04-11,L005,M006,夜班,47
P001611,2026-04-11,L006,M005,白班,45
P001612,2026-04-11,L006,M005,夜班,53
P001613,2026-04-11,L007,M007,白班,43
P001614,2026-04-11,L007,M008,夜班,42
P001615,2026-04-11,L008,M008,白班,72
P001616,2026-04-11,L008,M001,夜班,74
P001617,2026-04-12,L001,M001,白班,64
P001618,2026-04-12,L001,M001,夜班,67
P001619,2026-04-12,L002,M004,白班,59
P001620,2026-04-12,L002,M004,夜班,51
P001621,2026-04-12,L003,M004,白班,46
P001622,2026-04-12,L003,M004,夜班,56
P001623,2026-04-12,L004,M001,白班,48
P001624,2026-04-12,L004,M002,夜班,48
P001625,2026-04-12,L005,M005,白班,37
P001626,2026-04-12,L005,M005,夜班,43
P001627,2026-04-12,L006,M005,白班,42
P001628,2026-04-12,L006,M006,夜班,35
P001629,2026-04-12,L007,M008,白班,37
P001630,2026-04-12,L007,M007,夜班,34
P001631,2026-04-12,L008,M002,白班,59
P001632,2026-04-12,L008,M008,夜班,57
P001633,2026-04-13,L001,M001,白班,81
P001634,2026-04-13,L001,M002,夜班,88
P001635,2026-04-13,L002,M004,白班,86
P001636,2026-04-13,L002,M004,夜班,87
P001637,2026-04-13,L003,M004,白班,69
P001638,2026-04-13,L003,M004,夜班,77
P001639,2026-04-13,L004,M002,白班,67
P001640,2026-04-13,L004,M002,夜班,73
P001641,2026-04-13,L005,M005,白班,57
P001642,2026-04-13,L005,M006,夜班,57
P001643,2026-04-13,L006,M005,白班,57
P001644,2026-04-13,L006,M006,夜班,54
P001645,2026-04-13,L007,M008,白班,45
P001646,2026-04-13,L007,M007,夜班,53
P001647,2026-04-13,L008,M008,白班,72
P001648,2026-04-13,L008,M005,夜班,86
P001649,2026-04-14,L001,M001,白班,88
P001650,2026-04-14,L001,M002,夜班,79
P001651,2026-04-14,L002,M004,白班,69
P001652,2026-04-14,L002,M004,夜班,69
P001653,2026-04-14,L003,M003,白班,71
P001654,2026-04-14,L003,M003,夜班,75
P001655,2026-04-14,L004,M001,白班,69
P001656,2026-04-14,L004,M001,夜班,61
P001657,2026-04-14,L005,M005,白班,51
P001658,2026-04-14,L005,M006,夜班,63
P001659,2026-04-14,L006,M005,白班,51
P001660,2026-04-14,L006,M006,夜班,52
P001661,2026-04-14,L007,M007,白班,50
P001662,2026-04-14,L007,M007,夜班,48
P001663,2026-04-14,L008,M003,白班,73
P001664,2026-04-14,L008,M007,夜班,84
P001665,2026-04-15,L001,M002,白班,78
P001666,2026-04-15,L001,M001,夜班,91
P001667,2026-04-15,L002,M004,白班,75
P001668,2026-04-15,L002,M003,夜班,72
P001669,2026-04-15,L003,M004,白班,64
P001670,2026-04-15,L003,M003,夜班,69
P001671,2026-04-15,L004,M001,白班,69
P001672,2026-04-15,L004,M002,夜班,61
P001673,2026-04-15,L005,M005,白班,56
P001674,2026-04-15,L005,M005,夜班,57
P001675,2026-04-15,L006,M005,白班,58
P001676,2026-04-15,L006,M005,夜班,58
P001677,2026-04-15,L007,M008,白班,52
P001678,2026-04-15,L007,M007,夜班,51
P001679,2026-04-15,L008,M001,白班,84
P001680,2026-04-15,L008,M004,夜班,80
P001681,2026-04-16,L001,M001,白班,97
P001682,2026-04-16,L001,M001,夜班,98
P001683,2026-04-16,L002,M004,白班,76
P001684,2026-04-16,L002,M004,夜班,72
P001685,2026-04-16,L003,M003,白班,72
P001686,2026-04-16,L003,M003,夜班,70
P001687,2026-04-16,L004,M001,白班,76
P001688,2026-04-16,L004,M002,夜班,63
P001689,2026-04-16,L005,M006,白班,58
P001690,2026-04-16,L005,M006,夜班,56
P001691,2026-04-16,L006,M006,白班,58
P001692,2026-04-16,L006,M006,夜班,59
P001693,2026-04-16,L007,M008,白班,49
P001694,2026-04-16,L007,M008,夜班,47
P001695,2026-04-16,L008,M006,白班,84
P001696,2026-04-16,L008,M003,夜班,87
P001697,2026-04-17,L001,M001,白班,78
P001698,2026-04-17,L001,M001,夜班,79
P001699,2026-04-17,L002,M004,白班,71
P001700,2026-04-17,L002,M003,夜班,86
P001701,2026-04-17,L003,M004,白班,70
P001702,2026-04-17,L003,M003,夜班,75
P001703,2026-04-17,L004,M001,白班,63
P001704,2026-04-17,L004,M002,夜班,73
P001705,2026-04-17,L005,M006,白班,52
P001706,2026-04-17,L005,M006,夜班,57
P001707,2026-04-17,L006,M006,白班,57
P001708,2026-04-17,L006,M006,夜班,57
P001709,2026-04-17,L007,M008,白班,47
P001710,2026-04-17,L007,M007,夜班,47
P001711,2026-04-17,L008,M005,白班,81
P001712,2026-04-17,L008,M004,夜班,73
P001713,2026-04-18,L001,M002,白班,80
P001714,2026-04-18,L001,M002,夜班,85
P001715,2026-04-18,L002,M004,白班,74
P001716,2026-04-18,L002,M004,夜班,67
P001717,2026-04-18,L003,M003,白班,73
P001718,2026-04-18,L003,M004,夜班,64
P001719,2026-04-18,L004,M002,白班,63
P001720,2026-04-18,L004,M001,夜班,56
P001721,2026-04-18,L005,M006,白班,51
P001722,2026-04-18,L005,M006,夜班,48
P001723,2026-04-18,L006,M005,白班,52
P001724,2026-04-18,L006,M006,夜班,50
P001725,2026-04-18,L007,M007,白班,45
P001726,2026-04-18,L007,M007,夜班,45
P001727,2026-04-18,L008,M002,白班,64
P001728,2026-04-18,L008,M004,夜班,76
P001729,2026-04-19,L001,M002,白班,57
P001730,2026-04-19,L001,M002,夜班,56
P001731,2026-04-19,L002,M003,白班,51
P001732,2026-04-19,L002,M003,夜班,61
P001733,2026-04-19,L003,M004,白班,49
P001734,2026-04-19,L003,M004,夜班,49
P001735,2026-04-19,L004,M001,白班,42
P001736,2026-04-19,L004,M002,夜班,46
P001737,2026-04-19,L005,M006,白班,40
P001738,2026-04-19,L005,M006,夜班,40
P001739,2026-04-19,L006,M005,白班,42
P001740,2026-04-19,L006,M006,夜班,38
P001741,2026-04-19,L007,M008,白班,31
P001742,2026-04-19,L007,M007,夜班,32
P001743,2026-04-19,L008,M002,白班,57
P001744,2026-04-19,L008,M007,夜班,54
P001745,2026-04-20,L001,M001,白班,82
P001746,2026-04-20,L001,M002,夜班,82
P001747,2026-04-20,L002,M004,白班,85
P001748,2026-04-20,L002,M003,夜班,72
P001749,2026-04-20,L003,M003,白班,64
P001750,2026-04-20,L003,M003,夜班,80
P001751,2026-04-20,L004,M001,白班,62
P001752,2026-04-20,L004,M002,夜班,62
P001753,2026-04-20,L005,M006,白班,60
P001754,2026-04-20,L005,M005,夜班,60
P001755,2026-04-20,L006,M006,白班,53
P001756,2026-04-20,L006,M005,夜班,60
P001757,2026-04-20,L007,M007,白班,50
P001758,2026-04-20,L007,M008,夜班,46
P001759,2026-04-20,L008,M001,白班,70
P001760,2026-04-20,L008,M003,夜班,70
P001761,2026-04-21,L001,M001,白班,87
P001762,2026-04-21,L001,M002,夜班,89
P001763,2026-04-21,L002,M004,白班,84
P001764,2026-04-21,L002,M004,夜班,85
P001765,2026-04-21,L003,M004,白班,71
P001766,2026-04-21,L003,M004,夜班,74
P001767,2026-04-21,L004,M001,白班,59
P001768,2026-04-21,L004,M002,夜班,67
P001769,2026-04-21,L005,M005,白班,56
P001770,2026-04-21,L005,M005,夜班,58
P001771,2026-04-21,L006,M006,白班,56
P001772,2026-04-21,L006,M005,夜班,53
P001773,2026-04-21,L007,M008,白班,51
P001774,2026-04-21,L007,M007,夜班,55
P001775,2026-04-21,L008,M002,白班,84
P001776,2026-04-21,L008,M001,夜班,84
P001777,2026-04-22,L001,M001,白班,85
P001778,2026-04-22,L001,M002,夜班,83
P001779,2026-04-22,L002,M003,白班,74
P001780,2026-04-22,L002,M003,夜班,87
P001781,2026-04-22,L003,M004,白班,71
P001782,2026-04-22,L003,M004,夜班,68
P001783,2026-04-22,L004,M001,白班,61
P001784,2026-04-22,L004,M001,夜班,63
P001785,2026-04-22,L005,M005,白班,57
P001786,2026-04-22,L005,M005,夜班,55
P001787,2026-04-22,L006,M005,白班,59
P001788,2026-04-22,L006,M006,夜班,50
P001789,2026-04-22,L007,M007,白班,53
P001790,2026-04-22,L007,M008,夜班,45
P001791,2026-04-22,L008,M008,白班,72
P001792,2026-04-22,L008,M004,夜班,86
P001793,2026-04-23,L001,M001,白班,79
P001794,2026-04-23,L001,M002,夜班,79
P001795,2026-04-23,L002,M004,白班,74
P001796,2026-04-23,L002,M003,夜班,83
P001797,2026-04-23,L003,M003,白班,67
P001798,2026-04-23,L003,M004,夜班,70
P001799,2026-04-23,L004,M001,白班,74
P001800,2026-04-23,L004,M001,夜班,61
P001801,2026-04-23,L005,M006,白班,61
P001802,2026-04-23,L005,M005,夜班,58
P001803,2026-04-23,L006,M006,白班,54
P001804,2026-04-23,L006,M006,夜班,53
P001805,2026-04-23,L007,M007,白班,48
P001806,2026-04-23,L007,M008,夜班,47
P001807,2026-04-23,L008,M008,白班,86
P001808,2026-04-23,L008,M002,夜班,73
P001809,2026-04-24,L001,M002,白班,82
P001810,2026-04-24,L001,M002,夜班,88
P001811,2026-04-24,L002,M003,白班,87
P001812,2026-04-24,L002,M003,夜班,86
P001813,2026-04-24,L003,M003,白班,67
P001814,2026-04-24,L003,M004,夜班,76
P001815,2026-04-24,L004,M002,白班,72
P001816,2026-04-24,L004,M002,夜班,70
P001817,2026-04-24,L005,M006,白班,62
P001818,2026-04-24,L005,M005,夜班,56
P001819,2026-04-24,L006,M005,白班,55
P001820,2026-04-24,L006,M005,夜班,55
P001821,2026-04-24,L007,M007,白班,48
P001822,2026-04-24,L007,M008,夜班,54
P001823,2026-04-24,L008,M004,白班,71
P001824,2026-04-24,L008,M002,夜班,72
P001825,2026-04-25,L001,M002,白班,78
P001826,2026-04-25,L001,M001,夜班,88
P001827,2026-04-25,L002,M004,白班,73
P001828,2026-04-25,L002,M003,夜班,75
P001829,2026-04-25,L003,M004,白班,72
P001830,2026-04-25,L003,M004,夜班,67
P001831,2026-04-25,L004,M001,白班,57
P001832,2026-04-25,L004,M002,夜班,59
P001833,2026-04-25,L005,M005,白班,48
P001834,2026-04-25,L005,M005,夜班,47
P001835,2026-04-25,L006,M005,白班,45
P001836,2026-04-25,L006,M006,夜班,46
P001837,2026-04-25,L007,M008,白班,47
P001838,2026-04-25,L007,M008,夜班,48
P001839,2026-04-25,L008,M008,白班,71
P001840,2026-04-25,L008,M006,夜班,62
P001841,2026-04-26,L001,M001,白班,56
P001842,2026-04-26,L001,M002,夜班,67
P001843,2026-04-26,L002,M004,白班,59
P001844,2026-04-26,L002,M003,夜班,56
P001845,2026-04-26,L003,M004,白班,46
P001846,2026-04-26,L003,M003,夜班,54
P001847,2026-04-26,L004,M001,白班,47
P001848,2026-04-26,L004,M002,夜班,51
P001849,2026-04-26,L005,M005,白班,37
P001850,2026-04-26,L005,M005,夜班,42
P001851,2026-04-26,L006,M005,白班,35
P001852,2026-04-26,L006,M005,夜班,37
P001853,2026-04-26,L007,M007,白班,38
P001854,2026-04-26,L007,M007,夜班,36
P001855,2026-04-26,L008,M004,白班,51
P001856,2026-04-26,L008,M001,夜班,58
P001857,2026-04-27,L001,M002,白班,93
P001858,2026-04-27,L001,M002,夜班,84
P001859,2026-04-27,L002,M003,白班,78
P001860,2026-04-27,L002,M003,夜班,81
P001861,2026-04-27,L003,M003,白班,69
P001862,2026-04-27,L003,M004,夜班,69
P001863,2026-04-27,L004,M002,白班,75
P001864,2026-04-27,L004,M002,夜班,64
P001865,2026-04-27,L005,M005,白班,58
P001866,2026-04-27,L005,M005,夜班,54
P001867,2026-04-27,L006,M005,白班,57
P001868,2026-04-27,L006,M005,夜班,54
P001869,2026-04-27,L007,M008,白班,49
P001870,2026-04-27,L007,M008,夜班,47
P001871,2026-04-27,L008,M002,白班,69
P001872,2026-04-27,L008,M003,夜班,81
P001873,2026-04-28,L001,M002,白班,85
P001874,2026-04-28,L001,M001,夜班,78
P001875,2026-04-28,L002,M003,白班,86
P001876,2026-04-28,L002,M004,夜班,72
P001877,2026-04-28,L003,M003,白班,77
P001878,2026-04-28,L003,M003,夜班,72
P001879,2026-04-28,L004,M002,白班,75
P001880,2026-04-28,L004,M001,夜班,75
P001881,2026-04-28,L005,M005,白班,61
P001882,2026-04-28,L005,M005,夜班,61
P001883,2026-04-28,L006,M006,白班,55
P001884,2026-04-28,L006,M006,夜班,54
P001885,2026-04-28,L007,M007,白班,53
P001886,2026-04-28,L007,M008,夜班,55
P001887,2026-04-28,L008,M004,白班,72
P001888,2026-04-28,L008,M007,夜班,81
P001889,2026-04-29,L001,M002,白班,95
P001890,2026-04-29,L001,M001,夜班,93
P001891,2026-04-29,L002,M003,白班,81
P001892,2026-04-29,L002,M003,夜班,86
P001893,2026-04-29,L003,M003,白班,74
P001894,2026-04-29,L003,M004,夜班,78
P001895,2026-04-29,L004,M002,白班,66
P001896,2026-04-29,L004,M001,夜班,73
P001897,2026-04-29,L005,M005,白班,59
P001898,2026-04-29,L005,M005,夜班,52
P001899,2026-04-29,L006,M005,白班,60
P001900,2026-04-29,L006,M005,夜班,61
P001901,2026-04-29,L007,M007,白班,55
P001902,2026-04-29,L007,M008,夜班,44
P001903,2026-04-29,L008,M006,白班,75
P001904,2026-04-29,L008,M004,夜班,69
P001905,2026-04-30,L001,M002,白班,87
P001906,2026-04-30,L001,M002,夜班,97
P001907,2026-04-30,L002,M003,白班,75
P001908,2026-04-30,L002,M004,夜班,77
P001909,2026-04-30,L003,M004,白班,78
P001910,2026-04-30,L003,M003,夜班,71
P001911,2026-04-30,L004,M002,白班,60
P001912,2026-04-30,L004,M001,夜班,67
P001913,2026-04-30,L005,M005,白班,57
P001914,2026-04-30,L005,M006,夜班,56
P001915,2026-04-30,L006,M006,白班,51
P001916,2026-04-30,L006,M006,夜班,56
P001917,2026-04-30,L007,M008,白班,54
P001918,2026-04-30,L007,M007,夜班,53
P001919,2026-04-30,L008,M002,白班,82
P001920,2026-04-30,L008,M001,夜班,76
P001921,2026-05-01,L001,M002,白班,83
P001922,2026-05-01,L001,M001,夜班,78
P001923,2026-05-01,L002,M003,白班,72
P001924,2026-05-01,L002,M003,夜班,72
P001925,2026-05-01,L003,M003,白班,66
P001926,2026-05-01,L003,M003,夜班,66
P001927,2026-05-01,L004,M002,白班,61
P001928,2026-05-01,L004,M001,夜班,71
P001929,2026-05-01,L005,M006,白班,54
P001930,2026-05-01,L005,M005,夜班,60
P001931,2026-05-01,L006,M006,白班,47
P001932,2026-05-01,L006,M006,夜班,48
P001933,2026-05-01,L007,M007,白班,41
P001934,2026-05-01,L007,M007,夜班,42
P001935,2026-05-01,L008,M002,白班,74
P001936,2026-05-01,L008,M001,夜班,67
P001937,2026-05-02,L001,M002,白班,69
P001938,2026-05-02,L001,M001,夜班,82
P001939,2026-05-02,L002,M003,白班,74
P001940,2026-05-02,L002,M003,夜班,63
P001941,2026-05-02,L003,M004,白班,68
P001942,2026-05-02,L003,M003,夜班,56
P001943,2026-05-02,L004,M002,白班,54
P001944,2026-05-02,L004,M001,夜班,61
P001945,2026-05-02,L005,M005,白班,49
P001946,2026-05-02,L005,M006,夜班,54
P001947,2026-05-02,L006,M005,白班,45
P001948,2026-05-02,L006,M005,夜班,41
P001949,2026-05-02,L007,M007,白班,38
P001950,2026-05-02,L007,M008,夜班,44
P001951,2026-05-02,L008,M002,白班,58
P001952,2026-05-02,L008,M005,夜班,73
P001953,2026-05-03,L001,M002,白班,65
P001954,2026-05-03,L001,M001,夜班,54
P001955,2026-05-03,L002,M003,白班,53
P001956,2026-05-03,L002,M003,夜班,55
P001957,2026-05-03,L003,M003,白班,50
P001958,2026-05-03,L003,M004,夜班,52
P001959,2026-05-03,L004,M002,白班,49
P001960,2026-05-03,L004,M001,夜班,43
P001961,2026-05-03,L005,M006,白班,40
P001962,2026-05-03,L005,M006,夜班,36
P001963,2026-05-03,L006,M006,白班,35
P001964,2026-05-03,L006,M006,夜班,38
P001965,2026-05-03,L007,M008,白班,30
P001966,2026-05-03,L007,M007,夜班,35
P001967,2026-05-03,L008,M002,白班,53
P001968,2026-05-03,L008,M007,夜班,53
P001969,2026-05-04,L001,M002,白班,91
P001970,2026-05-04,L001,M001,夜班,81
P001971,2026-05-04,L002,M003,白班,66
P001972,2026-05-04,L002,M004,夜班,66
P001973,2026-05-04,L003,M003,白班,76
P001974,2026-05-04,L003,M003,夜班,76
P001975,2026-05-04,L004,M001,白班,71
P001976,2026-05-04,L004,M002,夜班,64
P001977,2026-05-04,L005,M006,白班,51
P001978,2026-05-04,L005,M006,夜班,55
P001979,2026-05-04,L006,M006,白班,51
P001980,2026-05-04,L006,M006,夜班,51
P001981,2026-05-04,L007,M007,白班,49
P001982,2026-05-04,L007,M008,夜班,44
P001983,2026-05-04,L008,M005,白班,65
P001984,2026-05-04,L008,M001,夜班,77
P001985,2026-05-05,L001,M001,白班,91
P001986,2026-05-05,L001,M001,夜班,92
P001987,2026-05-05,L002,M004,白班,79
P001988,2026-05-05,L002,M003,夜班,76
P001989,2026-05-05,L003,M003,白班,65
P001990,2026-05-05,L003,M003,夜班,63
P001991,2026-05-05,L004,M002,白班,69
P001992,2026-05-05,L004,M001,夜班,66
P001993,2026-05-05,L005,M006,白班,51
P001994,2026-05-05,L005,M005,夜班,48
P001995,2026-05-05,L006,M006,白班,46
P001996,2026-05-05,L006,M006,夜班,54
P001997,2026-05-05,L007,M008,白班,43
P001998,2026-05-05,L007,M007,夜班,42
P001999,2026-05-05,L008,M001,白班,76
P002000,2026-05-05,L008,M002,夜班,73
P002001,2026-05-06,L001,M002,白班,85
P002002,2026-05-06,L001,M001,夜班,93
P002003,2026-05-06,L002,M003,白班,72
P002004,2026-05-06,L002,M004,夜班,77
P002005,2026-05-06,L003,M003,白班,69
P002006,2026-05-06,L003,M003,夜班,75
P002007,2026-05-06,L004,M001,白班,70
P002008,2026-05-06,L004,M001,夜班,68
P002009,2026-05-06,L005,M005,白班,55
P002010,2026-05-06,L005,M005,夜班,47
P002011,2026-05-06,L006,M005,白班,51
P002012,2026-05-06,L006,M006,夜班,54
P002013,2026-05-06,L007,M007,白班,46
P002014,2026-05-06,L007,M008,夜班,48
P002015,2026-05-06,L008,M002,白班,68
P002016,2026-05-06,L008,M007,夜班,74
P002017,2026-05-07,L001,M002,白班,75
P002018,2026-05-07,L001,M002,夜班,83
P002019,2026-05-07,L002,M004,白班,75
P002020,2026-05-07,L002,M004,夜班,65
P002021,2026-05-07,L003,M004,白班,71
P002022,2026-05-07,L003,M004,夜班,63
P002023,2026-05-07,L004,M002,白班,56
P002024,2026-05-07,L004,M002,夜班,56
P002025,2026-05-07,L005,M005,白班,51
P002026,2026-05-07,L005,M005,夜班,55
P002027,2026-05-07,L006,M006,白班,58
P002028,2026-05-07,L006,M005,夜班,53
P002029,2026-05-07,L007,M007,白班,47
P002030,2026-05-07,L007,M007,夜班,44
P002031,2026-05-07,L008,M006,白班,78
P002032,2026-05-07,L008,M002,夜班,82
P002033,2026-05-08,L001,M002,白班,80
P002034,2026-05-08,L001,M002,夜班,76
P002035,2026-05-08,L002,M003,白班,82
P002036,2026-05-08,L002,M003,夜班,80
P002037,2026-05-08,L003,M003,白班,63
P002038,2026-05-08,L003,M003,夜班,68
P002039,2026-05-08,L004,M002,白班,65
P002040,2026-05-08,L004,M002,夜班,61
P002041,2026-05-08,L005,M006,白班,58
P002042,2026-05-08,L005,M005,夜班,59
P002043,2026-05-08,L006,M005,白班,53
P002044,2026-05-08,L006,M005,夜班,53
P002045,2026-05-08,L007,M008,白班,42
P002046,2026-05-08,L007,M008,夜班,47
P002047,2026-05-08,L008,M004,白班,81
P002048,2026-05-08,L008,M004,夜班,75
P002049,2026-05-09,L001,M001,白班,68
P002050,2026-05-09,L001,M002,夜班,76
P002051,2026-05-09,L002,M004,白班,63
P002052,2026-05-09,L002,M004,夜班,62
P002053,2026-05-09,L003,M003,白班,67
P002054,2026-05-09,L003,M004,夜班,67
P002055,2026-05-09,L004,M001,白班,61
P002056,2026-05-09,L004,M002,夜班,53
P002057,2026-05-09,L005,M005,白班,51
P002058,2026-05-09,L005,M006,夜班,45
P002059,2026-05-09,L006,M006,白班,46
P002060,2026-05-09,L006,M006,夜班,47
P002061,2026-05-09,L007,M008,白班,43
P002062,2026-05-09,L007,M007,夜班,42
P002063,2026-05-09,L008,M005,白班,61
P002064,2026-05-09,L008,M003,夜班,69
P002065,2026-05-10,L001,M002,白班,59
P002066,2026-05-10,L001,M002,夜班,64
P002067,2026-05-10,L002,M003,白班,45
P002068,2026-05-10,L002,M003,夜班,50
P002069,2026-05-10,L003,M004,白班,45
P002070,2026-05-10,L003,M004,夜班,42
P002071,2026-05-10,L004,M002,白班,44
P002072,2026-05-10,L004,M002,夜班,46
P002073,2026-05-10,L005,M006,白班,38
P002074,2026-05-10,L005,M006,夜班,41
P002075,2026-05-10,L006,M005,白班,32
P002076,2026-05-10,L006,M006,夜班,40
P002077,2026-05-10,L007,M007,白班,31
P002078,2026-05-10,L007,M008,夜班,29
P002079,2026-05-10,L008,M003,白班,52
P002080,2026-05-10,L008,M001,夜班,55
P002081,2026-05-11,L001,M001,白班,85
P002082,2026-05-11,L001,M002,夜班,73
P002083,2026-05-11,L002,M004,白班,71
P002084,2026-05-11,L002,M003,夜班,71
P002085,2026-05-11,L003,M004,白班,62
P002086,2026-05-11,L003,M004,夜班,73
P002087,2026-05-11,L004,M001,白班,70
P002088,2026-05-11,L004,M002,夜班,59
P002089,2026-05-11,L005,M005,白班,50
P002090,2026-05-11,L005,M005,夜班,50
P002091,2026-05-11,L006,M006,白班,56
P002092,2026-05-11,L006,M005,夜班,49
P002093,2026-05-11,L007,M007,白班,52
P002094,2026-05-11,L007,M008,夜班,45
P002095,2026-05-11,L008,M002,白班,78
P002096,2026-05-11,L008,M006,夜班,82
P002097,2026-05-12,L001,M002,白班,85
P002098,2026-05-12,L001,M001,夜班,82
P002099,2026-05-12,L002,M003,白班,78
P002100,2026-05-12,L002,M004,夜班,79
P002101,2026-05-12,L003,M004,白班,76
P002102,2026-05-12,L003,M004,夜班,61
P002103,2026-05-12,L004,M001,白班,61
P002104,2026-05-12,L004,M001,夜班,62
P002105,2026-05-12,L005,M005,白班,55
P002106,2026-05-12,L005,M006,夜班,59
P002107,2026-05-12,L006,M005,白班,47
P002108,2026-05-12,L006,M006,夜班,49
P002109,2026-05-12,L007,M007,白班,45
P002110,2026-05-12,L007,M008,夜班,47
P002111,2026-05-12,L008,M001,白班,78
P002112,2026-05-12,L008,M004,夜班,79
P002113,2026-05-13,L001,M001,白班,75
P002114,2026-05-13,L001,M001,夜班,84
P002115,2026-05-13,L002,M003,白班,74
P002116,2026-05-13,L002,M003,夜班,78
P002117,2026-05-13,L003,M004,白班,74
P002118,2026-05-13,L003,M004,夜班,71
P002119,2026-05-13,L004,M001,白班,67
P002120,2026-05-13,L004,M002,夜班,56
P002121,2026-05-13,L005,M005,白班,48
P002122,2026-05-13,L005,M006,夜班,58
P002123,2026-05-13,L006,M005,白班,51
P002124,2026-05-13,L006,M006,夜班,50
P002125,2026-05-13,L007,M008,白班,52
P002126,2026-05-13,L007,M007,夜班,43
P002127,2026-05-13,L008,M008,白班,70
P002128,2026-05-13,L008,M008,夜班,67
P002129,2026-05-14,L001,M002,白班,83
P002130,2026-05-14,L001,M001,夜班,75
P002131,2026-05-14,L002,M004,白班,77
P002132,2026-05-14,L002,M003,夜班,73
P002133,2026-05-14,L003,M004,白班,69
P002134,2026-05-14,L003,M004,夜班,76
P002135,2026-05-14,L004,M001,白班,70
P002136,2026-05-14,L004,M002,夜班,71
P002137,2026-05-14,L005,M006,白班,48
P002138,2026-05-14,L005,M006,夜班,52
P002139,2026-05-14,L006,M005,白班,56
P002140,2026-05-14,L006,M006,夜班,49
P002141,2026-05-14,L007,M008,白班,46
P002142,2026-05-14,L007,M008,夜班,42
P002143,2026-05-14,L008,M002,白班,69
P002144,2026-05-14,L008,M004,夜班,77
P002145,2026-05-15,L001,M002,白班,91
P002146,2026-05-15,L001,M001,夜班,90
P002147,2026-05-15,L002,M004,白班,75
P002148,2026-05-15,L002,M003,夜班,69
P002149,2026-05-15,L003,M004,白班,75
P002150,2026-05-15,L003,M004,夜班,64
P002151,2026-05-15,L004,M002,白班,67
P002152,2026-05-15,L004,M002,夜班,65
P002153,2026-05-15,L005,M005,白班,54
P002154,2026-05-15,L005,M006,夜班,57
P002155,2026-05-15,L006,M005,白班,46
P002156,2026-05-15,L006,M005,夜班,52
P002157,2026-05-15,L007,M008,白班,43
P002158,2026-05-15,L007,M007,夜班,46
P002159,2026-05-15,L008,M001,白班,76
P002160,2026-05-15,L008,M002,夜班,66
P002161,2026-05-16,L001,M002,白班,79
P002162,2026-05-16,L001,M001,夜班,83
P002163,2026-05-16,L002,M003,白班,61
P002164,2026-05-16,L002,M004,夜班,70
P002165,2026-05-16,L003,M004,白班,64
P002166,2026-05-16,L003,M003,夜班,69
P002167,2026-05-16,L004,M002,白班,59
P002168,2026-05-16,L004,M001,夜班,56
P002169,2026-05-16,L005,M006,白班,44
P002170,2026-05-16,L005,M005,夜班,48
P002171,2026-05-16,L006,M006,白班,46
P002172,2026-05-16,L006,M005,夜班,51
P002173,2026-05-16,L007,M008,白班,41
P002174,2026-05-16,L007,M008,夜班,40
P002175,2026-05-16,L008,M005,白班,60
P002176,2026-05-16,L008,M001,夜班,62
P002177,2026-05-17,L001,M002,白班,52
P002178,2026-05-17,L001,M002,夜班,63
P002179,2026-05-17,L002,M004,白班,46
P002180,2026-05-17,L002,M003,夜班,55
P002181,2026-05-17,L003,M003,白班,53
P002182,2026-05-17,L003,M003,夜班,48
P002183,2026-05-17,L004,M001,白班,40
P002184,2026-05-17,L004,M002,夜班,48
P002185,2026-05-17,L005,M006,白班,41
P002186,2026-05-17,L005,M005,夜班,38
P002187,2026-05-17,L006,M006,白班,32
P002188,2026-05-17,L006,M006,夜班,38
P002189,2026-05-17,L007,M008,白班,29
P002190,2026-05-17,L007,M008,夜班,36
P002191,2026-05-17,L008,M007,白班,55
P002192,2026-05-17,L008,M001,夜班,52
P002193,2026-05-18,L001,M002,白班,91
P002194,2026-05-18,L001,M001,夜班,74
P002195,2026-05-18,L002,M003,白班,81
P002196,2026-05-18,L002,M003,夜班,65
P002197,2026-05-18,L003,M003,白班,67
P002198,2026-05-18,L003,M004,夜班,77
P002199,2026-05-18,L004,M002,白班,63
P002200,2026-05-18,L004,M002,夜班,68
P002201,2026-05-18,L005,M006,白班,60
P002202,2026-05-18,L005,M005,夜班,56
P002203,2026-05-18,L006,M005,白班,50
P002204,2026-05-18,L006,M005,夜班,47
P002205,2026-05-18,L007,M008,白班,50
P002206,2026-05-18,L007,M007,夜班,49
P002207,2026-05-18,L008,M004,白班,80
P002208,2026-05-18,L008,M007,夜班,65
P002209,2026-05-19,L001,M002,白班,80
P002210,2026-05-19,L001,M002,夜班,79
P002211,2026-05-19,L002,M004,白班,82
P002212,2026-05-19,L002,M003,夜班,78
P002213,2026-05-19,L003,M003,白班,70
P002214,2026-05-19,L003,M003,夜班,68
P002215,2026-05-19,L004,M002,白班,56
P002216,2026-05-19,L004,M002,夜班,67
P002217,2026-05-19,L005,M005,白班,57
P002218,2026-05-19,L005,M005,夜班,48
P002219,2026-05-19,L006,M006,白班,52
P002220,2026-05-19,L006,M006,夜班,48
P002221,2026-05-19,L007,M007,白班,49
P002222,2026-05-19,L007,M008,夜班,43
P002223,2026-05-19,L008,M008,白班,81
P002224,2026-05-19,L008,M006,夜班,72
P002225,2026-05-20,L001,M001,白班,73
P002226,2026-05-20,L001,M001,夜班,93
P002227,2026-05-20,L002,M004,白班,75
P002228,2026-05-20,L002,M003,夜班,78
P002229,2026-05-20,L003,M004,白班,63
P002230,2026-05-20,L003,M003,夜班,66
P002231,2026-05-20,L004,M001,白班,60
P002232,2026-05-20,L004,M002,夜班,67
P002233,2026-05-20,L005,M006,白班,52
P002234,2026-05-20,L005,M005,夜班,52
P002235,2026-05-20,L006,M005,白班,47
P002236,2026-05-20,L006,M005,夜班,49
P002237,2026-05-20,L007,M007,白班,46
P002238,2026-05-20,L007,M008,夜班,50
P002239,2026-05-20,L008,M002,白班,65
P002240,2026-05-20,L008,M006,夜班,74
P002241,2026-05-21,L001,M001,白班,76
P002242,2026-05-21,L001,M002,夜班,89
P002243,2026-05-21,L002,M003,白班,79
P002244,2026-05-21,L002,M004,夜班,72
P002245,2026-05-21,L003,M003,白班,73
P002246,2026-05-21,L003,M004,夜班,75
P002247,2026-05-21,L004,M002,白班,65
P002248,2026-05-21,L004,M001,夜班,66
P002249,2026-05-21,L005,M006,白班,52
P002250,2026-05-21,L005,M005,夜班,56
P002251,2026-05-21,L006,M005,白班,57
P002252,2026-05-21,L006,M005,夜班,48
P002253,2026-05-21,L007,M007,白班,46
P002254,2026-05-21,L007,M008,夜班,43
P002255,2026-05-21,L008,M003,白班,66
P002256,2026-05-21,L008,M003,夜班,81
P002257,2026-05-22,L001,M001,白班,82
P002258,2026-05-22,L001,M001,夜班,92
P002259,2026-05-22,L002,M004,白班,71
P002260,2026-05-22,L002,M003,夜班,82
P002261,2026-05-22,L003,M004,白班,71
P002262,2026-05-22,L003,M003,夜班,64
P002263,2026-05-22,L004,M001,白班,69
P002264,2026-05-22,L004,M002,夜班,71
P002265,2026-05-22,L005,M006,白班,53
P002266,2026-05-22,L005,M005,夜班,57
P002267,2026-05-22,L006,M006,白班,52
P002268,2026-05-22,L006,M005,夜班,48
P002269,2026-05-22,L007,M007,白班,45
P002270,2026-05-22,L007,M008,夜班,47
P002271,2026-05-22,L008,M008,白班,68
P002272,2026-05-22,L008,M003,夜班,77
P002273,2026-05-23,L001,M002,白班,80
P002274,2026-05-23,L001,M002,夜班,68
P002275,2026-05-23,L002,M003,白班,72
P002276,2026-05-23,L002,M003,夜班,59
P002277,2026-05-23,L003,M004,白班,57
P002278,2026-05-23,L003,M003,夜班,55
P002279,2026-05-23,L004,M001,白班,52
P002280,2026-05-23,L004,M001,夜班,52
P002281,2026-05-23,L005,M006,白班,47
P002282,2026-05-23,L005,M005,夜班,44
P002283,2026-05-23,L006,M006,白班,45
P002284,2026-05-23,L006,M005,夜班,41
P002285,2026-05-23,L007,M007,白班,40
P002286,2026-05-23,L007,M007,夜班,37
P002287,2026-05-23,L008,M004,白班,62
P002288,2026-05-23,L008,M001,夜班,68
P002289,2026-05-24,L001,M001,白班,65
P002290,2026-05-24,L001,M001,夜班,57
P002291,2026-05-24,L002,M003,白班,45
P002292,2026-05-24,L002,M004,夜班,52
P002293,2026-05-24,L003,M004,白班,43
P002294,2026-05-24,L003,M003,夜班,53
P002295,2026-05-24,L004,M001,白班,44
P002296,2026-05-24,L004,M002,夜班,47
P002297,2026-05-24,L005,M006,白班,42
P002298,2026-05-24,L005,M005,夜班,41
P002299,2026-05-24,L006,M005,白班,34
P002300,2026-05-24,L006,M005,夜班,36
P002301,2026-05-24,L007,M008,白班,31
P002302,2026-05-24,L007,M008,夜班,30
P002303,2026-05-24,L008,M007,白班,55
P002304,2026-05-24,L008,M005,夜班,56
P002305,2026-05-25,L001,M002,白班,91
P002306,2026-05-25,L001,M001,夜班,83
P002307,2026-05-25,L002,M004,白班,70
P002308,2026-05-25,L002,M003,夜班,78
P002309,2026-05-25,L003,M004,白班,67
P002310,2026-05-25,L003,M004,夜班,67
P002311,2026-05-25,L004,M001,白班,57
P002312,2026-05-25,L004,M001,夜班,63
P002313,2026-05-25,L005,M005,白班,59
P002314,2026-05-25,L005,M006,夜班,54
P002315,2026-05-25,L006,M006,白班,51
P002316,2026-05-25,L006,M006,夜班,54
P002317,2026-05-25,L007,M007,白班,47
P002318,2026-05-25,L007,M007,夜班,46
P002319,2026-05-25,L008,M007,白班,66
P002320,2026-05-25,L008,M003,夜班,77
P002321,2026-05-26,L001,M002,白班,74
P002322,2026-05-26,L001,M001,夜班,93
P002323,2026-05-26,L002,M004,白班,69
P002324,2026-05-26,L002,M003,夜班,75
P002325,2026-05-26,L003,M004,白班,72
P002326,2026-05-26,L003,M004,夜班,62
P002327,2026-05-26,L004,M002,白班,64
P002328,2026-05-26,L004,M001,夜班,61
P002329,2026-05-26,L005,M006,白班,48
P002330,2026-05-26,L005,M006,夜班,57
P002331,2026-05-26,L006,M005,白班,50
P002332,2026-05-26,L006,M005,夜班,51
P002333,2026-05-26,L007,M007,白班,44
P002334,2026-05-26,L007,M007,夜班,50
P002335,2026-05-26,L008,M005,白班,66
P002336,2026-05-26,L008,M001,夜班,76
P002337,2026-05-27,L001,M002,白班,84
P002338,2026-05-27,L001,M001,夜班,73
P002339,2026-05-27,L002,M004,白班,66
P002340,2026-05-27,L002,M003,夜班,78
P002341,2026-05-27,L003,M004,白班,71
P002342,2026-05-27,L003,M004,夜班,70
P002343,2026-05-27,L004,M002,白班,66
P002344,2026-05-27,L004,M001,夜班,67
P002345,2026-05-27,L005,M006,白班,49
P002346,2026-05-27,L005,M006,夜班,51
P002347,2026-05-27,L006,M006,白班,50
P002348,2026-05-27,L006,M005,夜班,51
P002349,2026-05-27,L007,M008,白班,49
P002350,2026-05-27,L007,M008,夜班,52
P002351,2026-05-27,L008,M005,白班,79
P002352,2026-05-27,L008,M008,夜班,81
P002353,2026-05-28,L001,M002,白班,88
P002354,2026-05-28,L001,M001,夜班,86
P002355,2026-05-28,L002,M004,白班,81
P002356,2026-05-28,L002,M004,夜班,82
P002357,2026-05-28,L003,M004,白班,65
P002358,2026-05-28,L003,M004,夜班,64
P002359,2026-05-28,L004,M002,白班,71
P002360,2026-05-28,L004,M002,夜班,57
P002361,2026-05-28,L005,M006,白班,57
P002362,2026-05-28,L005,M006,夜班,54
P002363,2026-05-28,L006,M005,白班,49
P002364,2026-05-28,L006,M005,夜班,50
P002365,2026-05-28,L007,M008,白班,46
P002366,2026-05-28,L007,M008,夜班,47
P002367,2026-05-28,L008,M004,白班,70
P002368,2026-05-28,L008,M004,夜班,73
P002369,2026-05-29,L001,M002,白班,78
P002370,2026-05-29,L001,M001,夜班,78
P002371,2026-05-29,L002,M003,白班,79
P002372,2026-05-29,L002,M004,夜班,75
P002373,2026-05-29,L003,M004,白班,72
P002374,2026-05-29,L003,M004,夜班,61
P002375,2026-05-29,L004,M002,白班,61
P002376,2026-05-29,L004,M002,夜班,62
P002377,2026-05-29,L005,M005,白班,48
P002378,2026-05-29,L005,M006,夜班,58
P002379,2026-05-29,L006,M006,白班,46
P002380,2026-05-29,L006,M005,夜班,54
P002381,2026-05-29,L007,M007,白班,41
P002382,2026-05-29,L007,M008,夜班,47
P002383,2026-05-29,L008,M001,白班,70
P002384,2026-05-29,L008,M001,夜班,75
P002385,2026-05-30,L001,M002,白班,74
P002386,2026-05-30,L001,M002,夜班,81
P002387,2026-05-30,L002,M004,白班,61
P002388,2026-05-30,L002,M004,夜班,64
P002389,2026-05-30,L003,M003,白班,64
P002390,2026-05-30,L003,M003,夜班,59
P002391,2026-05-30,L004,M002,白班,54
P002392,2026-05-30,L004,M001,夜班,51
P002393,2026-05-30,L005,M005,白班,46
P002394,2026-05-30,L005,M006,夜班,50
P002395,2026-05-30,L006,M005,白班,45
P002396,2026-05-30,L006,M006,夜班,44
P002397,2026-05-30,L007,M008,白班,42
P002398,2026-05-30,L007,M008,夜班,37
P002399,2026-05-30,L008,M008,白班,61
P002400,2026-05-30,L008,M001,夜班,64
P002401,2026-05-31,L001,M002,白班,56
P002402,2026-05-31,L001,M002,夜班,53
P002403,2026-05-31,L002,M003,白班,55
P002404,2026-05-31,L002,M003,夜班,52
P002405,2026-05-31,L003,M003,白班,54
P002406,2026-05-31,L003,M003,夜班,51
P002407,2026-05-31,L004,M001,白班,42
P002408,2026-05-31,L004,M002,夜班,41
P002409,2026-05-31,L005,M005,白班,36
P002410,2026-05-31,L005,M005,夜班,36
P002411,2026-05-31,L006,M006,白班,37
P002412,2026-05-31,L006,M005,夜班,39
P002413,2026-05-31,L007,M007,白班,30
P002414,2026-05-31,L007,M008,夜班,33
P002415,2026-05-31,L008,M003,白班,46
P002416,2026-05-31,L008,M008,夜班,53
P002417,2026-06-01,L001,M001,白班,79
P002418,2026-06-01,L001,M002,夜班,78
P002419,2026-06-01,L002,M003,白班,84
P002420,2026-06-01,L002,M003,夜班,74
P002421,2026-06-01,L003,M003,白班,83
P002422,2026-06-01,L003,M003,夜班,90
P002423,2026-06-01,L004,M001,白班,62
P002424,2026-06-01,L004,M002,夜班,64
P002425,2026-06-01,L005,M005,白班,55
P002426,2026-06-01,L005,M006,夜班,59
P002427,2026-06-01,L006,M005,白班,56
P002428,2026-06-01,L006,M005,夜班,56
P002429,2026-06-01,L007,M008,白班,52
P002430,2026-06-01,L007,M007,夜班,50
P002431,2026-06-01,L008,M006,白班,80
P002432,2026-06-01,L008,M001,夜班,80
P002433,2026-06-02,L001,M001,白班,82
P002434,2026-06-02,L001,M001,夜班,87
P002435,2026-06-02,L002,M004,白班,83
P002436,2026-06-02,L002,M003,夜班,88
P002437,2026-06-02,L003,M003,白班,80
P002438,2026-06-02,L003,M003,夜班,90
P002439,2026-06-02,L004,M002,白班,63
P002440,2026-06-02,L004,M002,夜班,72
P002441,2026-06-02,L005,M006,白班,58
P002442,2026-06-02,L005,M006,夜班,52
P002443,2026-06-02,L006,M005,白班,50
P002444,2026-06-02,L006,M005,夜班,58
P002445,2026-06-02,L007,M007,白班,51
P002446,2026-06-02,L007,M007,夜班,49
P002447,2026-06-02,L008,M008,白班,82
P002448,2026-06-02,L008,M001,夜班,80
P002449,2026-06-03,L001,M001,白班,85
P002450,2026-06-03,L001,M001,夜班,78
P002451,2026-06-03,L002,M003,白班,83
P002452,2026-06-03,L002,M003,夜班,83
P002453,2026-06-03,L003,M003,白班,77
P002454,2026-06-03,L003,M003,夜班,84
P002455,2026-06-03,L004,M002,白班,71
P002456,2026-06-03,L004,M001,夜班,61
P002457,2026-06-03,L005,M005,白班,56
P002458,2026-06-03,L005,M006,夜班,58
P002459,2026-06-03,L006,M005,白班,55
P002460,2026-06-03,L006,M005,夜班,60
P002461,2026-06-03,L007,M008,白班,46
P002462,2026-06-03,L007,M008,夜班,54
P002463,2026-06-03,L008,M006,白班,81
P002464,2026-06-03,L008,M007,夜班,70
P002465,2026-06-04,L001,M001,白班,85
P002466,2026-06-04,L001,M002,夜班,87
P002467,2026-06-04,L002,M003,白班,92
P002468,2026-06-04,L002,M003,夜班,75
P002469,2026-06-04,L003,M004,白班,70
P002470,2026-06-04,L003,M003,夜班,68
P002471,2026-06-04,L004,M001,白班,68
P002472,2026-06-04,L004,M001,夜班,62
P002473,2026-06-04,L005,M005,白班,56
P002474,2026-06-04,L005,M005,夜班,54
P002475,2026-06-04,L006,M006,白班,50
P002476,2026-06-04,L006,M006,夜班,61
P002477,2026-06-04,L007,M008,白班,47
P002478,2026-06-04,L007,M007,夜班,49
P002479,2026-06-04,L008,M007,白班,78
P002480,2026-06-04,L008,M003,夜班,79
P002481,2026-06-05,L001,M001,白班,83
P002482,2026-06-05,L001,M002,夜班,85
P002483,2026-06-05,L002,M003,白班,86
P002484,2026-06-05,L002,M003,夜班,73
P002485,2026-06-05,L003,M003,白班,74
P002486,2026-06-05,L003,M003,夜班,80
P002487,2026-06-05,L004,M002,白班,66
P002488,2026-06-05,L004,M002,夜班,71
P002489,2026-06-05,L005,M005,白班,58
P002490,2026-06-05,L005,M006,夜班,63
P002491,2026-06-05,L006,M006,白班,55
P002492,2026-06-05,L006,M005,夜班,50
P002493,2026-06-05,L007,M008,白班,46
P002494,2026-06-05,L007,M007,夜班,46
P002495,2026-06-05,L008,M001,白班,84
P002496,2026-06-05,L008,M004,夜班,71
P002497,2026-06-06,L001,M001,白班,83
P002498,2026-06-06,L001,M002,夜班,75
P002499,2026-06-06,L002,M003,白班,78
P002500,2026-06-06,L002,M003,夜班,66
P002501,2026-06-06,L003,M004,白班,64
P002502,2026-06-06,L003,M003,夜班,82
P002503,2026-06-06,L004,M001,白班,54
P002504,2026-06-06,L004,M002,夜班,64
P002505,2026-06-06,L005,M005,白班,57
P002506,2026-06-06,L005,M006,夜班,54
P002507,2026-06-06,L006,M005,白班,44
P002508,2026-06-06,L006,M006,夜班,47
P002509,2026-06-06,L007,M007,白班,40
P002510,2026-06-06,L007,M007,夜班,40
P002511,2026-06-06,L008,M003,白班,64
P002512,2026-06-06,L008,M007,夜班,63
P002513,2026-06-07,L001,M001,白班,66
P002514,2026-06-07,L001,M001,夜班,68
P002515,2026-06-07,L002,M004,白班,53
P002516,2026-06-07,L002,M004,夜班,52
P002517,2026-06-07,L003,M003,白班,51
P002518,2026-06-07,L003,M003,夜班,56
P002519,2026-06-07,L004,M002,白班,44
P002520,2026-06-07,L004,M002,夜班,44
P002521,2026-06-07,L005,M006,白班,41
P002522,2026-06-07,L005,M006,夜班,37
P002523,2026-06-07,L006,M005,白班,42
P002524,2026-06-07,L006,M006,夜班,40
P002525,2026-06-07,L007,M008,白班,36
P002526,2026-06-07,L007,M008,夜班,32
P002527,2026-06-07,L008,M003,白班,59
P002528,2026-06-07,L008,M003,夜班,56
P002529,2026-06-08,L001,M001,白班,84
P002530,2026-06-08,L001,M001,夜班,97
P002531,2026-06-08,L002,M003,白班,86
P002532,2026-06-08,L002,M004,夜班,82
P002533,2026-06-08,L003,M003,白班,90
P002534,2026-06-08,L003,M003,夜班,73
P002535,2026-06-08,L004,M002,白班,63
P002536,2026-06-08,L004,M001,夜班,69
P002537,2026-06-08,L005,M005,白班,63
P002538,2026-06-08,L005,M006,夜班,63
P002539,2026-06-08,L006,M006,白班,50
P002540,2026-06-08,L006,M006,夜班,55
P002541,2026-06-08,L007,M007,白班,45
P002542,2026-06-08,L007,M007,夜班,46
P002543,2026-06-08,L008,M004,白班,71
P002544,2026-06-08,L008,M002,夜班,83
P002545,2026-06-09,L001,M002,白班,94
P002546,2026-06-09,L001,M002,夜班,89
P002547,2026-06-09,L002,M003,白班,82
P002548,2026-06-09,L002,M004,夜班,85
P002549,2026-06-09,L003,M004,白班,81
P002550,2026-06-09,L003,M003,夜班,71
P002551,2026-06-09,L004,M001,白班,74
P002552,2026-06-09,L004,M002,夜班,75
P002553,2026-06-09,L005,M006,白班,55
P002554,2026-06-09,L005,M005,夜班,52
P002555,2026-06-09,L006,M005,白班,55
P002556,2026-06-09,L006,M006,夜班,52
P002557,2026-06-09,L007,M008,白班,43
P002558,2026-06-09,L007,M007,夜班,44
P002559,2026-06-09,L008,M008,白班,85
P002560,2026-06-09,L008,M008,夜班,81
P002561,2026-06-10,L001,M002,白班,93
P002562,2026-06-10,L001,M002,夜班,81
P002563,2026-06-10,L002,M003,白班,74
P002564,2026-06-10,L002,M004,夜班,71
P002565,2026-06-10,L003,M003,白班,83
P002566,2026-06-10,L003,M003,夜班,74
P002567,2026-06-10,L004,M002,白班,74
P002568,2026-06-10,L004,M001,夜班,61
P002569,2026-06-10,L005,M006,白班,52
P002570,2026-06-10,L005,M006,夜班,54
P002571,2026-06-10,L006,M006,白班,48
P002572,2026-06-10,L006,M006,夜班,51
P002573,2026-06-10,L007,M008,白班,52
P002574,2026-06-10,L007,M007,夜班,44
P002575,2026-06-10,L008,M004,白班,84
P002576,2026-06-10,L008,M003,夜班,74
P002577,2026-06-11,L001,M002,白班,96
P002578,2026-06-11,L001,M001,夜班,78
P002579,2026-06-11,L002,M003,白班,85
P002580,2026-06-11,L002,M004,夜班,86
P002581,2026-06-11,L003,M004,白班,67
P002582,2026-06-11,L003,M003,夜班,87
P002583,2026-06-11,L004,M001,白班,75
P002584,2026-06-11,L004,M002,夜班,68
P002585,2026-06-11,L005,M005,白班,53
P002586,2026-06-11,L005,M005,夜班,59
P002587,2026-06-11,L006,M006,白班,55
P002588,2026-06-11,L006,M005,夜班,53
P002589,2026-06-11,L007,M007,白班,49
P002590,2026-06-11,L007,M007,夜班,52
P002591,2026-06-11,L008,M007,白班,74
P002592,2026-06-11,L008,M007,夜班,74
P002593,2026-06-12,L001,M001,白班,90
P002594,2026-06-12,L001,M001,夜班,91
P002595,2026-06-12,L002,M003,白班,87
P002596,2026-06-12,L002,M003,夜班,69
P002597,2026-06-12,L003,M003,白班,73
P002598,2026-06-12,L003,M003,夜班,77
P002599,2026-06-12,L004,M001,白班,73
P002600,2026-06-12,L004,M001,夜班,61
P002601,2026-06-12,L005,M006,白班,56
P002602,2026-06-12,L005,M006,夜班,61
P002603,2026-06-12,L006,M005,白班,59
P002604,2026-06-12,L006,M005,夜班,61
P002605,2026-06-12,L007,M007,白班,55
P002606,2026-06-12,L007,M007,夜班,44
P002607,2026-06-12,L008,M008,白班,84
P002608,2026-06-12,L008,M007,夜班,77
P002609,2026-06-13,L001,M001,白班,84
P002610,2026-06-13,L001,M001,夜班,79
P002611,2026-06-13,L002,M003,白班,70
P002612,2026-06-13,L002,M004,夜班,70
P002613,2026-06-13,L003,M003,白班,60
P002614,2026-06-13,L003,M004,夜班,71
P002615,2026-06-13,L004,M002,白班,63
P002616,2026-06-13,L004,M001,夜班,56
P002617,2026-06-13,L005,M006,白班,56
P002618,2026-06-13,L005,M006,夜班,56
P002619,2026-06-13,L006,M006,白班,45
P002620,2026-06-13,L006,M005,夜班,45
P002621,2026-06-13,L007,M007,白班,42
P002622,2026-06-13,L007,M007,夜班,41
P002623,2026-06-13,L008,M006,白班,77
P002624,2026-06-13,L008,M005,夜班,63
P002625,2026-06-14,L001,M002,白班,63
P002626,2026-06-14,L001,M001,夜班,64
P002627,2026-06-14,L002,M003,白班,51
P002628,2026-06-14,L002,M003,夜班,67
P002629,2026-06-14,L003,M003,白班,63
P002630,2026-06-14,L003,M003,夜班,55
P002631,2026-06-14,L004,M002,白班,51
P002632,2026-06-14,L004,M002,夜班,48
P002633,2026-06-14,L005,M006,白班,41
P002634,2026-06-14,L005,M006,夜班,41
P002635,2026-06-14,L006,M006,白班,35
P002636,2026-06-14,L006,M005,夜班,40
P002637,2026-06-14,L007,M008,白班,32
P002638,2026-06-14,L007,M007,夜班,35
P002639,2026-06-14,L008,M005,白班,57
P002640,2026-06-14,L008,M001,夜班,55
P002641,2026-06-15,L001,M001,白班,81
P002642,2026-06-15,L001,M001,夜班,86
P002643,2026-06-15,L002,M004,白班,83
P002644,2026-06-15,L002,M003,夜班,96
P002645,2026-06-15,L003,M004,白班,82
P002646,2026-06-15,L003,M004,夜班,72
P002647,2026-06-15,L004,M001,白班,60
P002648,2026-06-15,L004,M001,夜班,62
P002649,2026-06-15,L005,M005,白班,51
P002650,2026-06-15,L005,M005,夜班,52
P002651,2026-06-15,L006,M006,白班,56
P002652,2026-06-15,L006,M006,夜班,60
P002653,2026-06-15,L007,M008,白班,46
P002654,2026-06-15,L007,M007,夜班,44
P002655,2026-06-15,L008,M006,白班,78
P002656,2026-06-15,L008,M005,夜班,82
P002657,2026-06-16,L001,M001,白班,78
P002658,2026-06-16,L001,M002,夜班,89
P002659,2026-06-16,L002,M003,白班,70
P002660,2026-06-16,L002,M003,夜班,92
P002661,2026-06-16,L003,M003,白班,75
P002662,2026-06-16,L003,M003,夜班,91
P002663,2026-06-16,L004,M001,白班,63
P002664,2026-06-16,L004,M002,夜班,69
P002665,2026-06-16,L005,M005,白班,57
P002666,2026-06-16,L005,M006,夜班,57
P002667,2026-06-16,L006,M005,白班,61
P002668,2026-06-16,L006,M006,夜班,56
P002669,2026-06-16,L007,M008,白班,50
P002670,2026-06-16,L007,M007,夜班,46
P002671,2026-06-16,L008,M001,白班,69
P002672,2026-06-16,L008,M003,夜班,71
P002673,2026-06-17,L001,M002,白班,92
P002674,2026-06-17,L001,M001,夜班,85
P002675,2026-06-17,L002,M003,白班,78
P002676,2026-06-17,L002,M003,夜班,95
P002677,2026-06-17,L003,M003,白班,75
P002678,2026-06-17,L003,M003,夜班,82
P002679,2026-06-17,L004,M002,白班,72
P002680,2026-06-17,L004,M001,夜班,60
P002681,2026-06-17,L005,M006,白班,55
P002682,2026-06-17,L005,M005,夜班,57
P002683,2026-06-17,L006,M006,白班,59
P002684,2026-06-17,L006,M005,夜班,54
P002685,2026-06-17,L007,M007,白班,46
P002686,2026-06-17,L007,M007,夜班,49
P002687,2026-06-17,L008,M007,白班,80
P002688,2026-06-17,L008,M006,夜班,71
P002689,2026-06-18,L001,M001,白班,94
P002690,2026-06-18,L001,M002,夜班,81
P002691,2026-06-18,L002,M004,白班,71
P002692,2026-06-18,L002,M004,夜班,81
P002693,2026-06-18,L003,M003,白班,85
P002694,2026-06-18,L003,M003,夜班,78
P002695,2026-06-18,L004,M001,白班,64
P002696,2026-06-18,L004,M001,夜班,64
P002697,2026-06-18,L005,M005,白班,50
P002698,2026-06-18,L005,M005,夜班,51
P002699,2026-06-18,L006,M005,白班,60
P002700,2026-06-18,L006,M006,夜班,60
P002701,2026-06-18,L007,M007,白班,46
P002702,2026-06-18,L007,M008,夜班,44
P002703,2026-06-18,L008,M001,白班,81
P002704,2026-06-18,L008,M004,夜班,83
P002705,2026-06-19,L001,M002,白班,81
P002706,2026-06-19,L001,M001,夜班,89
P002707,2026-06-19,L002,M003,白班,81
P002708,2026-06-19,L002,M003,夜班,86
P002709,2026-06-19,L003,M003,白班,91
P002710,2026-06-19,L003,M003,夜班,90
P002711,2026-06-19,L004,M002,白班,60
P002712,2026-06-19,L004,M001,夜班,64
P002713,2026-06-19,L005,M005,白班,58
P002714,2026-06-19,L005,M005,夜班,63
P002715,2026-06-19,L006,M005,白班,56
P002716,2026-06-19,L006,M006,夜班,60
P002717,2026-06-19,L007,M007,白班,47
P002718,2026-06-19,L007,M007,夜班,52
P002719,2026-06-19,L008,M008,白班,75
P002720,2026-06-19,L008,M007,夜班,81
P002721,2026-06-20,L001,M002,白班,86
P002722,2026-06-20,L001,M001,夜班,71
P002723,2026-06-20,L002,M003,白班,84
P002724,2026-06-20,L002,M003,夜班,81
P002725,2026-06-20,L003,M003,白班,70
P002726,2026-06-20,L003,M003,夜班,66
P002727,2026-06-20,L004,M002,白班,59
P002728,2026-06-20,L004,M002,夜班,64
P002729,2026-06-20,L005,M006,白班,57
P002730,2026-06-20,L005,M005,夜班,55
P002731,2026-06-20,L006,M005,白班,45
P002732,2026-06-20,L006,M006,夜班,51
P002733,2026-06-20,L007,M007,白班,40
P002734,2026-06-20,L007,M007,夜班,43
P002735,2026-06-20,L008,M004,白班,75
P002736,2026-06-20,L008,M007,夜班,65
P002737,2026-06-21,L001,M002,白班,59
P002738,2026-06-21,L001,M001,夜班,66
P002739,2026-06-21,L002,M004,白班,58
P002740,2026-06-21,L002,M004,夜班,50
P002741,2026-06-21,L003,M003,白班,56
P002742,2026-06-21,L003,M003,夜班,58
P002743,2026-06-21,L004,M002,白班,46
P002744,2026-06-21,L004,M002,夜班,46
P002745,2026-06-21,L005,M006,白班,36
P002746,2026-06-21,L005,M006,夜班,40
P002747,2026-06-21,L006,M005,白班,34
P002748,2026-06-21,L006,M006,夜班,40
P002749,2026-06-21,L007,M008,白班,34
P002750,2026-06-21,L007,M008,夜班,34
P002751,2026-06-21,L008,M007,白班,49
P002752,2026-06-21,L008,M002,夜班,61
P002753,2026-06-22,L001,M002,白班,86
P002754,2026-06-22,L001,M001,夜班,80
P002755,2026-06-22,L002,M004,白班,85
P002756,2026-06-22,L002,M004,夜班,76
P002757,2026-06-22,L003,M004,白班,69
P002758,2026-06-22,L003,M003,夜班,84
P002759,2026-06-22,L004,M002,白班,61
P002760,2026-06-22,L004,M002,夜班,68
P002761,2026-06-22,L005,M005,白班,51
P002762,2026-06-22,L005,M006,夜班,63
P002763,2026-06-22,L006,M005,白班,52
P002764,2026-06-22,L006,M005,夜班,53
P002765,2026-06-22,L007,M007,白班,52
P002766,2026-06-22,L007,M007,夜班,53
P002767,2026-06-22,L008,M002,白班,74
P002768,2026-06-22,L008,M001,夜班,76
P002769,2026-06-23,L001,M002,白班,84
P002770,2026-06-23,L001,M001,夜班,87
P002771,2026-06-23,L002,M003,白班,81
P002772,2026-06-23,L002,M003,夜班,87
P002773,2026-06-23,L003,M004,白班,72
P002774,2026-06-23,L003,M003,夜班,86
P002775,2026-06-23,L004,M001,白班,74
P002776,2026-06-23,L004,M001,夜班,64
P002777,2026-06-23,L005,M006,白班,61
P002778,2026-06-23,L005,M006,夜班,64
P002779,2026-06-23,L006,M005,白班,48
P002780,2026-06-23,L006,M005,夜班,50
P002781,2026-06-23,L007,M007,白班,46
P002782,2026-06-23,L007,M007,夜班,52
P002783,2026-06-23,L008,M006,白班,72
P002784,2026-06-23,L008,M002,夜班,75
P002785,2026-06-24,L001,M001,白班,94
P002786,2026-06-24,L001,M001,夜班,79
P002787,2026-06-24,L002,M003,白班,81
P002788,2026-06-24,L002,M004,夜班,82
P002789,2026-06-24,L003,M004,白班,80
P002790,2026-06-24,L003,M003,夜班,72
P002791,2026-06-24,L004,M001,白班,73
P002792,2026-06-24,L004,M002,夜班,76
P002793,2026-06-24,L005,M005,白班,55
P002794,2026-06-24,L005,M006,夜班,62
P002795,2026-06-24,L006,M006,白班,55
P002796,2026-06-24,L006,M005,夜班,55
P002797,2026-06-24,L007,M008,白班,54
P002798,2026-06-24,L007,M007,夜班,53
P002799,2026-06-24,L008,M008,白班,69
P002800,2026-06-24,L008,M001,夜班,83
P002801,2026-06-25,L001,M001,白班,88
P002802,2026-06-25,L001,M001,夜班,89
P002803,2026-06-25,L002,M003,白班,81
P002804,2026-06-25,L002,M003,夜班,83
P002805,2026-06-25,L003,M004,白班,81
P002806,2026-06-25,L003,M003,夜班,80
P002807,2026-06-25,L004,M002,白班,70
P002808,2026-06-25,L004,M002,夜班,65
P002809,2026-06-25,L005,M005,白班,52
P002810,2026-06-25,L005,M006,夜班,55
P002811,2026-06-25,L006,M006,白班,51
P002812,2026-06-25,L006,M006,夜班,54
P002813,2026-06-25,L007,M007,白班,50
P002814,2026-06-25,L007,M008,夜班,51
P002815,2026-06-25,L008,M005,白班,68
P002816,2026-06-25,L008,M005,夜班,85
P002817,2026-06-26,L001,M002,白班,84
P002818,2026-06-26,L001,M002,夜班,95
P002819,2026-06-26,L002,M003,白班,68
P002820,2026-06-26,L002,M003,夜班,81
P002821,2026-06-26,L003,M003,白班,82
P002822,2026-06-26,L003,M003,夜班,82
P002823,2026-06-26,L004,M002,白班,62
P002824,2026-06-26,L004,M002,夜班,75
P002825,2026-06-26,L005,M005,白班,57
P002826,2026-06-26,L005,M006,夜班,58
P002827,2026-06-26,L006,M006,白班,53
P002828,2026-06-26,L006,M005,夜班,60
P002829,2026-06-26,L007,M008,白班,51
P002830,2026-06-26,L007,M007,夜班,45
P002831,2026-06-26,L008,M004,白班,83
P002832,2026-06-26,L008,M006,夜班,78
P002833,2026-06-27,L001,M002,白班,86
P002834,2026-06-27,L001,M001,夜班,74
P002835,2026-06-27,L002,M003,白班,72
P002836,2026-06-27,L002,M004,夜班,74
P002837,2026-06-27,L003,M003,白班,69
P002838,2026-06-27,L003,M003,夜班,58
P002839,2026-06-27,L004,M002,白班,54
P002840,2026-06-27,L004,M002,夜班,65
P002841,2026-06-27,L005,M005,白班,45
P002842,2026-06-27,L005,M006,夜班,54
P002843,2026-06-27,L006,M006,白班,50
P002844,2026-06-27,L006,M005,夜班,51
P002845,2026-06-27,L007,M007,白班,41
P002846,2026-06-27,L007,M008,夜班,46
P002847,2026-06-27,L008,M004,白班,78
P002848,2026-06-27,L008,M008,夜班,73
P002849,2026-06-28,L001,M001,白班,60
P002850,2026-06-28,L001,M001,夜班,60
P002851,2026-06-28,L002,M003,白班,55
P002852,2026-06-28,L002,M003,夜班,57
P002853,2026-06-28,L003,M004,白班,47
P002854,2026-06-28,L003,M003,夜班,57
P002855,2026-06-28,L004,M001,白班,51
P002856,2026-06-28,L004,M001,夜班,52
P002857,2026-06-28,L005,M005,白班,44
P002858,2026-06-28,L005,M006,夜班,41
P002859,2026-06-28,L006,M005,白班,37
P002860,2026-06-28,L006,M005,夜班,43
P002861,2026-06-28,L007,M007,白班,35
P002862,2026-06-28,L007,M008,夜班,32
P002863,2026-06-28,L008,M001,白班,52
P002864,2026-06-28,L008,M005,夜班,54
P002865,2026-06-29,L001,M001,白班,93
P002866,2026-06-29,L001,M001,夜班,83
P002867,2026-06-29,L002,M003,白班,97
P002868,2026-06-29,L002,M004,夜班,77
P002869,2026-06-29,L003,M003,白班,73
P002870,2026-06-29,L003,M003,夜班,86
P002871,2026-06-29,L004,M001,白班,75
P002872,2026-06-29,L004,M002,夜班,72
P002873,2026-06-29,L005,M005,白班,57
P002874,2026-06-29,L005,M005,夜班,64
P002875,2026-06-29,L006,M005,白班,56
P002876,2026-06-29,L006,M006,夜班,58
P002877,2026-06-29,L007,M007,白班,54
P002878,2026-06-29,L007,M008,夜班,54
P002879,2026-06-29,L008,M005,白班,69
P002880,2026-06-29,L008,M005,夜班,81
P002881,2026-06-30,L001,M001,白班,92
P002882,2026-06-30,L001,M001,夜班,98
P002883,2026-06-30,L002,M004,白班,75
P002884,2026-06-30,L002,M004,夜班,68
P002885,2026-06-30,L003,M004,白班,74
P002886,2026-06-30,L003,M004,夜班,74
P002887,2026-06-30,L004,M002,白班,61
P002888,2026-06-30,L004,M001,夜班,72
P002889,2026-06-30,L005,M005,白班,60
P002890,2026-06-30,L005,M006,夜班,60
P002891,2026-06-30,L006,M005,白班,53
P002892,2026-06-30,L006,M006,夜班,60
P002893,2026-06-30,L007,M007,白班,45
P002894,2026-06-30,L007,M007,夜班,54
P002895,2026-06-30,L008,M003,白班,83
P002896,2026-06-30,L008,M005,夜班,78
