energy_id,usage_date,workshop,line_id,model_id,shift,electricity_kwh,water_ton,gas_m3,energy_per_vehicle
E000001,2026-01-01,总装车间,L001,M002,白班,8253.9,17.9,63.9,107.19
E000002,2026-01-01,总装车间,L001,M002,夜班,8294.0,14.4,60.8,113.62
E000003,2026-01-01,焊装车间,L002,M004,白班,12384.3,17.2,45.8,156.76
E000004,2026-01-01,焊装车间,L002,M004,夜班,11279.6,19.8,49.4,150.39
E000005,2026-01-01,总装车间,L003,M004,白班,9318.6,16.2,49.7,143.36
E000006,2026-01-01,总装车间,L003,M004,夜班,9033.1,17.6,48.8,158.48
E000007,2026-01-01,涂装车间,L004,M002,白班,6803.7,13.4,45.4,117.31
E000008,2026-01-01,涂装车间,L004,M001,夜班,6547.9,14.0,59.5,114.88
E000009,2026-01-01,总装车间,L005,M006,白班,12589.5,10.0,25.3,279.77
E000010,2026-01-01,总装车间,L005,M006,夜班,14423.4,15.2,28.3,253.04
E000011,2026-01-01,焊装车间,L006,M006,白班,14568.7,10.7,40.3,291.37
E000012,2026-01-01,焊装车间,L006,M005,夜班,10411.2,12.0,55.0,231.36
E000013,2026-01-01,总装车间,L007,M008,白班,10597.2,9.6,31.5,216.27
E000014,2026-01-01,总装车间,L007,M008,夜班,10023.2,10.8,28.6,217.9
E000015,2026-01-01,检测车间,L008,M006,白班,17808.1,16.3,54.5,250.82
E000016,2026-01-01,检测车间,L008,M006,夜班,19592.8,18.3,54.1,254.45
E000017,2026-01-02,总装车间,L001,M002,白班,10089.4,23.9,63.5,120.11
E000018,2026-01-02,总装车间,L001,M001,夜班,9005.8,24.1,89.3,104.72
E000019,2026-01-02,焊装车间,L002,M004,白班,12274.8,21.8,53.9,149.69
E000020,2026-01-02,焊装车间,L002,M004,夜班,12403.0,25.3,54.1,151.26
E000021,2026-01-02,总装车间,L003,M004,白班,9283.3,12.7,51.7,154.72
E000022,2026-01-02,总装车间,L003,M003,夜班,8823.7,14.0,77.1,142.32
E000023,2026-01-02,涂装车间,L004,M002,白班,7708.3,18.1,35.2,116.79
E000024,2026-01-02,涂装车间,L004,M002,夜班,8818.2,21.0,33.0,131.61
E000025,2026-01-02,总装车间,L005,M005,白班,12876.5,15.3,66.6,238.45
E000026,2026-01-02,总装车间,L005,M006,夜班,13046.3,10.0,28.1,271.8
E000027,2026-01-02,焊装车间,L006,M005,白班,12994.9,13.4,55.9,232.05
E000028,2026-01-02,焊装车间,L006,M005,夜班,11397.4,12.9,43.1,247.77
E000029,2026-01-02,总装车间,L007,M007,白班,8606.5,11.5,44.9,200.15
E000030,2026-01-02,总装车间,L007,M008,夜班,11277.9,14.2,40.7,212.79
E000031,2026-01-02,检测车间,L008,M003,白班,9369.3,18.2,65.2,124.92
E000032,2026-01-02,检测车间,L008,M008,夜班,12748.9,10.8,53.5,205.63
E000033,2026-01-03,总装车间,L001,M002,白班,7092.0,21.2,39.5,104.29
E000034,2026-01-03,总装车间,L001,M002,夜班,9575.1,21.1,38.8,124.35
E000035,2026-01-03,焊装车间,L002,M004,白班,10917.4,15.0,39.3,151.63
E000036,2026-01-03,焊装车间,L002,M004,夜班,9054.5,15.4,29.5,161.69
E000037,2026-01-03,总装车间,L003,M004,白班,8022.2,15.2,32.2,145.86
E000038,2026-01-03,总装车间,L003,M004,夜班,10122.6,16.4,32.1,174.53
E000039,2026-01-03,涂装车间,L004,M002,白班,5840.4,10.2,35.4,119.19
E000040,2026-01-03,涂装车间,L004,M001,夜班,5885.6,12.0,56.9,108.99
E000041,2026-01-03,总装车间,L005,M006,白班,13437.2,14.3,24.1,274.23
E000042,2026-01-03,总装车间,L005,M006,夜班,13511.1,10.0,28.0,259.83
E000043,2026-01-03,焊装车间,L006,M005,白班,9857.2,12.0,38.3,229.24
E000044,2026-01-03,焊装车间,L006,M006,夜班,12201.9,12.5,32.1,265.26
E000045,2026-01-03,总装车间,L007,M007,白班,8119.9,11.6,46.4,193.33
E000046,2026-01-03,总装车间,L007,M007,夜班,7987.3,11.1,48.5,215.87
E000047,2026-01-03,检测车间,L008,M005,白班,12424.7,11.1,55.0,203.68
E000048,2026-01-03,检测车间,L008,M002,夜班,6964.8,12.5,53.7,108.83
E000049,2026-01-04,总装车间,L001,M002,白班,5851.4,9.3,42.9,117.03
E000050,2026-01-04,总装车间,L001,M001,夜班,5686.9,15.9,76.2,101.55
E000051,2026-01-04,焊装车间,L002,M004,白班,7503.3,14.2,33.3,150.07
E000052,2026-01-04,焊装车间,L002,M004,夜班,8275.0,13.1,37.6,172.4
E000053,2026-01-04,总装车间,L003,M003,白班,6764.9,11.3,70.3,143.93
E000054,2026-01-04,总装车间,L003,M003,夜班,7014.9,14.1,68.7,152.5
E000055,2026-01-04,涂装车间,L004,M002,白班,5484.5,14.2,28.9,130.58
E000056,2026-01-04,涂装车间,L004,M002,夜班,5863.1,10.1,24.8,127.46
E000057,2026-01-04,总装车间,L005,M005,白班,8239.5,9.6,44.8,211.27
E000058,2026-01-04,总装车间,L005,M006,夜班,9163.6,9.2,27.8,269.52
E000059,2026-01-04,焊装车间,L006,M005,白班,8832.5,8.7,46.1,252.36
E000060,2026-01-04,焊装车间,L006,M005,夜班,8652.5,11.1,37.5,247.21
E000061,2026-01-04,总装车间,L007,M008,白班,6486.1,8.1,16.5,216.2
E000062,2026-01-04,总装车间,L007,M007,夜班,6344.4,10.6,30.6,198.26
E000063,2026-01-04,检测车间,L008,M003,白班,7220.7,10.2,46.5,136.24
E000064,2026-01-04,检测车间,L008,M006,夜班,12598.0,13.7,27.1,237.7
E000065,2026-01-05,总装车间,L001,M002,白班,9909.3,23.5,45.3,110.1
E000066,2026-01-05,总装车间,L001,M002,夜班,10318.1,16.3,47.1,122.83
E000067,2026-01-05,焊装车间,L002,M003,白班,10338.4,23.0,66.2,147.69
E000068,2026-01-05,焊装车间,L002,M003,夜班,10114.4,17.1,101.6,148.74
E000069,2026-01-05,总装车间,L003,M003,白班,9423.7,21.5,83.5,136.58
E000070,2026-01-05,总装车间,L003,M003,夜班,8729.4,15.9,68.2,145.49
E000071,2026-01-05,涂装车间,L004,M001,白班,6099.1,12.8,63.4,115.08
E000072,2026-01-05,涂装车间,L004,M001,夜班,5850.0,11.9,77.3,114.71
E000073,2026-01-05,总装车间,L005,M006,白班,15181.6,13.6,42.3,276.03
E000074,2026-01-05,总装车间,L005,M006,夜班,11292.5,12.9,31.0,250.94
E000075,2026-01-05,焊装车间,L006,M006,白班,14732.2,18.8,44.9,258.46
E000076,2026-01-05,焊装车间,L006,M006,夜班,15395.7,17.6,39.7,290.48
E000077,2026-01-05,总装车间,L007,M007,白班,8931.3,9.5,42.4,207.7
E000078,2026-01-05,总装车间,L007,M008,夜班,10965.5,13.0,29.0,210.88
E000079,2026-01-05,检测车间,L008,M006,白班,17006.1,15.7,47.6,246.47
E000080,2026-01-05,检测车间,L008,M004,夜班,10984.9,18.5,43.7,146.47
E000081,2026-01-06,总装车间,L001,M001,白班,7754.1,23.5,119.7,95.73
E000082,2026-01-06,总装车间,L001,M002,夜班,9597.9,24.5,45.5,121.49
E000083,2026-01-06,焊装车间,L002,M003,白班,9374.3,14.9,91.2,133.92
E000084,2026-01-06,焊装车间,L002,M004,夜班,11486.3,20.8,39.1,161.78
E000085,2026-01-06,总装车间,L003,M004,白班,9482.1,15.4,32.4,152.94
E000086,2026-01-06,总装车间,L003,M003,夜班,8416.0,11.5,66.7,142.64
E000087,2026-01-06,涂装车间,L004,M002,白班,8938.6,14.1,48.5,133.41
E000088,2026-01-06,涂装车间,L004,M002,夜班,6934.6,18.8,43.3,128.42
E000089,2026-01-06,总装车间,L005,M005,白班,10592.6,12.5,63.5,225.37
E000090,2026-01-06,总装车间,L005,M006,夜班,16325.4,12.3,33.4,286.41
E000091,2026-01-06,焊装车间,L006,M005,白班,12761.2,10.8,75.2,240.78
E000092,2026-01-06,焊装车间,L006,M005,夜班,13735.7,17.0,75.0,236.82
E000093,2026-01-06,总装车间,L007,M008,白班,8847.8,8.4,27.2,215.8
E000094,2026-01-06,总装车间,L007,M008,夜班,10765.8,14.3,36.4,234.04
E000095,2026-01-06,检测车间,L008,M006,白班,16543.9,18.2,38.9,236.34
E000096,2026-01-06,检测车间,L008,M007,夜班,11616.2,12.5,68.7,165.95
E000097,2026-01-07,总装车间,L001,M001,白班,7392.4,18.2,91.3,102.67
E000098,2026-01-07,总装车间,L001,M001,夜班,9263.9,25.6,81.7,104.09
E000099,2026-01-07,焊装车间,L002,M003,白班,9963.3,22.4,81.6,144.4
E000100,2026-01-07,焊装车间,L002,M003,夜班,8871.5,16.0,102.9,132.41
E000101,2026-01-07,总装车间,L003,M003,白班,7684.3,12.1,90.1,128.07
E000102,2026-01-07,总装车间,L003,M004,夜班,9935.3,14.9,47.2,168.39
E000103,2026-01-07,涂装车间,L004,M002,白班,8544.4,19.3,41.0,127.53
E000104,2026-01-07,涂装车间,L004,M001,夜班,6795.8,13.6,53.1,111.41
E000105,2026-01-07,总装车间,L005,M005,白班,10919.9,12.1,67.3,227.5
E000106,2026-01-07,总装车间,L005,M006,夜班,11595.7,10.9,39.0,252.08
E000107,2026-01-07,焊装车间,L006,M005,白班,11479.7,12.8,71.9,216.6
E000108,2026-01-07,焊装车间,L006,M005,夜班,12434.2,16.9,54.0,226.08
E000109,2026-01-07,总装车间,L007,M008,白班,11857.7,13.3,40.9,237.15
E000110,2026-01-07,总装车间,L007,M007,夜班,9035.3,15.7,60.9,192.24
E000111,2026-01-07,检测车间,L008,M007,白班,11539.1,19.8,69.8,177.52
E000112,2026-01-07,检测车间,L008,M008,夜班,14882.9,20.4,41.5,203.88
E000113,2026-01-08,总装车间,L001,M002,白班,9195.3,25.6,71.9,110.79
E000114,2026-01-08,总装车间,L001,M001,夜班,8257.2,18.1,93.2,101.94
E000115,2026-01-08,焊装车间,L002,M003,白班,10457.9,13.9,111.3,143.26
E000116,2026-01-08,焊装车间,L002,M003,夜班,10051.7,23.7,97.9,139.61
E000117,2026-01-08,总装车间,L003,M004,白班,9373.4,15.1,47.5,151.18
E000118,2026-01-08,总装车间,L003,M004,夜班,9121.6,12.3,46.8,162.89
E000119,2026-01-08,涂装车间,L004,M002,白班,8120.2,22.3,51.7,124.93
E000120,2026-01-08,涂装车间,L004,M002,夜班,6804.6,18.2,41.8,128.39
E000121,2026-01-08,总装车间,L005,M005,白班,11552.7,13.0,74.4,222.17
E000122,2026-01-08,总装车间,L005,M006,夜班,12045.8,11.9,32.7,261.87
E000123,2026-01-08,焊装车间,L006,M006,白班,13333.0,14.9,31.1,272.1
E000124,2026-01-08,焊装车间,L006,M006,夜班,14337.6,11.2,27.0,281.13
E000125,2026-01-08,总装车间,L007,M008,白班,8947.9,9.4,23.1,208.09
E000126,2026-01-08,总装车间,L007,M008,夜班,11163.7,11.5,36.9,232.58
E000127,2026-01-08,检测车间,L008,M002,白班,7601.5,19.5,55.1,107.06
E000128,2026-01-08,检测车间,L008,M007,夜班,11014.1,17.4,57.6,186.68
E000129,2026-01-09,总装车间,L001,M001,白班,7261.4,14.6,89.1,93.09
E000130,2026-01-09,总装车间,L001,M002,夜班,9632.6,16.1,62.0,123.49
E000131,2026-01-09,焊装车间,L002,M004,白班,11473.0,26.1,61.0,147.09
E000132,2026-01-09,焊装车间,L002,M003,夜班,9065.7,21.7,74.1,137.36
E000133,2026-01-09,总装车间,L003,M003,白班,8732.5,13.8,56.4,138.61
E000134,2026-01-09,总装车间,L003,M004,夜班,9321.9,17.0,29.8,160.72
E000135,2026-01-09,涂装车间,L004,M002,白班,7057.3,12.5,43.6,130.69
E000136,2026-01-09,涂装车间,L004,M002,夜班,7156.0,18.4,38.6,119.27
E000137,2026-01-09,总装车间,L005,M005,白班,12811.5,12.5,52.1,237.25
E000138,2026-01-09,总装车间,L005,M005,夜班,11682.5,12.3,66.5,216.34
E000139,2026-01-09,焊装车间,L006,M006,白班,15248.2,15.7,33.6,282.37
E000140,2026-01-09,焊装车间,L006,M006,夜班,14544.0,11.9,24.5,290.88
E000141,2026-01-09,总装车间,L007,M008,白班,9800.4,11.4,36.6,217.79
E000142,2026-01-09,总装车间,L007,M008,夜班,10479.1,12.5,42.5,209.58
E000143,2026-01-09,检测车间,L008,M006,白班,19190.4,23.0,53.9,231.21
E000144,2026-01-09,检测车间,L008,M008,夜班,15430.4,13.7,54.5,203.03
E000145,2026-01-10,总装车间,L001,M002,白班,8346.8,17.9,40.5,111.29
E000146,2026-01-10,总装车间,L001,M002,夜班,8719.0,18.9,57.7,116.25
E000147,2026-01-10,焊装车间,L002,M004,白班,10913.3,20.8,31.6,170.52
E000148,2026-01-10,焊装车间,L002,M004,夜班,9547.8,12.1,50.4,151.55
E000149,2026-01-10,总装车间,L003,M003,白班,7608.6,15.5,78.1,138.34
E000150,2026-01-10,总装车间,L003,M004,夜班,10607.6,19.7,38.1,173.9
E000151,2026-01-10,涂装车间,L004,M002,白班,6352.9,16.9,24.5,132.35
E000152,2026-01-10,涂装车间,L004,M001,夜班,5904.8,17.4,52.0,120.51
E000153,2026-01-10,总装车间,L005,M005,白班,9637.2,13.4,62.7,229.46
E000154,2026-01-10,总装车间,L005,M005,夜班,10018.6,10.4,43.9,238.54
E000155,2026-01-10,焊装车间,L006,M005,白班,8971.5,13.0,56.5,230.04
E000156,2026-01-10,焊装车间,L006,M006,夜班,12312.4,13.7,32.0,267.66
E000157,2026-01-10,总装车间,L007,M008,白班,8527.4,11.7,26.5,230.47
E000158,2026-01-10,总装车间,L007,M007,夜班,9003.6,13.9,43.0,200.08
E000159,2026-01-10,检测车间,L008,M003,白班,8899.4,18.5,93.5,132.83
E000160,2026-01-10,检测车间,L008,M003,夜班,9582.8,20.6,81.4,134.97
E000161,2026-01-11,总装车间,L001,M002,白班,7068.2,12.2,48.8,115.87
E000162,2026-01-11,总装车间,L001,M002,夜班,7734.7,14.2,37.4,119.0
E000163,2026-01-11,焊装车间,L002,M003,白班,5836.8,14.6,56.8,132.65
E000164,2026-01-11,焊装车间,L002,M004,夜班,7492.0,12.5,35.8,152.9
E000165,2026-01-11,总装车间,L003,M004,白班,7168.0,11.5,37.2,149.33
E000166,2026-01-11,总装车间,L003,M004,夜班,7028.8,9.0,30.8,167.35
E000167,2026-01-11,涂装车间,L004,M002,白班,5535.7,16.1,29.3,117.78
E000168,2026-01-11,涂装车间,L004,M001,夜班,5480.7,10.6,57.1,121.79
E000169,2026-01-11,总装车间,L005,M005,白班,8390.3,9.9,34.6,226.76
E000170,2026-01-11,总装车间,L005,M005,夜班,7599.4,6.4,40.0,230.28
E000171,2026-01-11,焊装车间,L006,M006,白班,9941.2,11.3,22.2,268.68
E000172,2026-01-11,焊装车间,L006,M006,夜班,10739.5,10.9,20.3,298.32
E000173,2026-01-11,总装车间,L007,M007,白班,6748.9,9.0,30.9,192.83
E000174,2026-01-11,总装车间,L007,M008,夜班,8033.3,8.9,23.6,223.15
E000175,2026-01-11,检测车间,L008,M006,白班,13220.0,14.9,47.0,240.36
E000176,2026-01-11,检测车间,L008,M002,夜班,5288.9,13.1,29.9,107.94
E000177,2026-01-12,总装车间,L001,M001,白班,7724.1,19.2,106.6,96.55
E000178,2026-01-12,总装车间,L001,M002,夜班,10513.4,25.3,50.9,120.84
E000179,2026-01-12,焊装车间,L002,M004,白班,10895.1,15.1,34.5,162.61
E000180,2026-01-12,焊装车间,L002,M004,夜班,11892.5,18.7,68.2,150.54
E000181,2026-01-12,总装车间,L003,M004,白班,9451.4,16.6,48.6,160.19
E000182,2026-01-12,总装车间,L003,M004,夜班,8076.1,14.3,43.9,152.38
E000183,2026-01-12,涂装车间,L004,M002,白班,6846.6,18.5,31.0,118.04
E000184,2026-01-12,涂装车间,L004,M002,夜班,7724.9,22.1,54.2,118.84
E000185,2026-01-12,总装车间,L005,M005,白班,9405.1,9.0,59.7,213.75
E000186,2026-01-12,总装车间,L005,M006,夜班,13262.6,12.2,38.3,260.05
E000187,2026-01-12,焊装车间,L006,M006,白班,14404.6,15.3,43.6,282.44
E000188,2026-01-12,焊装车间,L006,M006,夜班,12332.6,15.5,32.9,274.06
E000189,2026-01-12,总装车间,L007,M008,白班,9403.2,11.4,38.4,208.96
E000190,2026-01-12,总装车间,L007,M007,夜班,7884.5,12.5,59.5,192.3
E000191,2026-01-12,检测车间,L008,M003,白班,8152.5,19.4,95.0,118.15
E000192,2026-01-12,检测车间,L008,M001,夜班,6532.3,17.4,90.1,98.97
E000193,2026-01-13,总装车间,L001,M001,白班,7195.3,16.0,76.9,98.57
E000194,2026-01-13,总装车间,L001,M002,夜班,8712.8,22.8,47.9,113.15
E000195,2026-01-13,焊装车间,L002,M003,白班,8869.8,21.3,84.5,132.39
E000196,2026-01-13,焊装车间,L002,M004,夜班,13080.0,21.5,55.0,167.69
E000197,2026-01-13,总装车间,L003,M004,白班,9805.8,17.7,55.5,148.57
E000198,2026-01-13,总装车间,L003,M004,夜班,9507.5,16.1,31.7,172.86
E000199,2026-01-13,涂装车间,L004,M002,白班,6796.7,13.1,37.9,117.18
E000200,2026-01-13,涂装车间,L004,M002,夜班,8320.1,16.8,39.5,134.2
E000201,2026-01-13,总装车间,L005,M006,白班,11509.2,14.6,31.7,250.2
E000202,2026-01-13,总装车间,L005,M006,夜班,16733.5,15.9,46.0,283.62
E000203,2026-01-13,焊装车间,L006,M006,白班,16088.7,12.9,49.2,282.26
E000204,2026-01-13,焊装车间,L006,M006,夜班,13656.1,11.4,39.5,284.5
E000205,2026-01-13,总装车间,L007,M008,白班,10043.4,11.6,25.3,218.33
E000206,2026-01-13,总装车间,L007,M007,夜班,9651.8,16.2,43.6,201.08
E000207,2026-01-13,检测车间,L008,M006,白班,18634.9,17.2,49.1,230.06
E000208,2026-01-13,检测车间,L008,M002,夜班,6823.0,18.1,32.9,108.3
E000209,2026-01-14,总装车间,L001,M001,白班,7819.4,21.4,81.8,94.21
E000210,2026-01-14,总装车间,L001,M002,夜班,9884.6,24.7,62.3,113.62
E000211,2026-01-14,焊装车间,L002,M004,白班,9633.9,18.8,56.6,148.21
E000212,2026-01-14,焊装车间,L002,M003,夜班,10187.0,22.5,80.9,139.55
E000213,2026-01-14,总装车间,L003,M003,白班,8726.2,14.3,58.3,143.05
E000214,2026-01-14,总装车间,L003,M004,夜班,10120.0,12.6,38.0,153.33
E000215,2026-01-14,涂装车间,L004,M001,白班,6077.5,19.5,73.4,101.29
E000216,2026-01-14,涂装车间,L004,M002,夜班,6661.2,17.7,36.4,123.36
E000217,2026-01-14,总装车间,L005,M005,白班,11924.9,14.8,58.1,220.83
E000218,2026-01-14,总装车间,L005,M006,夜班,12734.2,13.9,24.6,265.3
E000219,2026-01-14,焊装车间,L006,M005,白班,11053.0,14.5,62.3,245.62
E000220,2026-01-14,焊装车间,L006,M005,夜班,12247.1,17.6,56.4,222.67
E000221,2026-01-14,总装车间,L007,M007,白班,7084.4,13.1,38.6,181.65
E000222,2026-01-14,总装车间,L007,M008,夜班,7770.3,8.0,27.7,210.01
E000223,2026-01-14,检测车间,L008,M001,白班,5115.1,17.2,88.0,83.85
E000224,2026-01-14,检测车间,L008,M003,夜班,7640.2,18.3,71.3,123.23
E000225,2026-01-15,总装车间,L001,M001,白班,7716.0,20.4,80.8,91.86
E000226,2026-01-15,总装车间,L001,M002,夜班,9733.7,21.0,67.5,120.17
E000227,2026-01-15,焊装车间,L002,M004,白班,10269.5,12.8,37.8,168.35
E000228,2026-01-15,焊装车间,L002,M003,夜班,9462.1,18.6,100.9,139.15
E000229,2026-01-15,总装车间,L003,M004,白班,9257.3,11.0,51.1,156.9
E000230,2026-01-15,总装车间,L003,M004,夜班,10248.1,11.9,35.1,160.13
E000231,2026-01-15,涂装车间,L004,M002,白班,8016.5,20.4,56.5,119.65
E000232,2026-01-15,涂装车间,L004,M001,夜班,6672.7,13.3,74.0,115.05
E000233,2026-01-15,总装车间,L005,M005,白班,10368.7,10.0,58.3,207.37
E000234,2026-01-15,总装车间,L005,M005,夜班,10795.1,13.5,47.5,224.9
E000235,2026-01-15,焊装车间,L006,M005,白班,11148.3,11.7,61.2,237.2
E000236,2026-01-15,焊装车间,L006,M005,夜班,10885.0,14.5,53.2,253.14
E000237,2026-01-15,总装车间,L007,M008,白班,9313.2,10.2,22.0,211.66
E000238,2026-01-15,总装车间,L007,M007,夜班,10333.7,17.1,77.1,198.73
E000239,2026-01-15,检测车间,L008,M004,白班,8813.1,12.9,47.1,146.89
E000240,2026-01-15,检测车间,L008,M004,夜班,10217.7,16.2,45.5,150.26
E000241,2026-01-16,总装车间,L001,M002,白班,10172.4,25.9,54.4,113.03
E000242,2026-01-16,总装车间,L001,M002,夜班,10238.7,19.6,67.8,121.89
E000243,2026-01-16,焊装车间,L002,M003,白班,11315.5,25.3,101.5,136.33
E000244,2026-01-16,焊装车间,L002,M004,夜班,10705.4,18.1,35.9,157.43
E000245,2026-01-16,总装车间,L003,M003,白班,8986.3,12.9,96.1,144.94
E000246,2026-01-16,总装车间,L003,M004,夜班,9203.9,19.5,32.5,153.4
E000247,2026-01-16,涂装车间,L004,M001,白班,7323.1,16.8,69.6,107.69
E000248,2026-01-16,涂装车间,L004,M002,夜班,7927.5,18.5,29.4,136.68
E000249,2026-01-16,总装车间,L005,M005,白班,12835.2,15.9,64.9,221.3
E000250,2026-01-16,总装车间,L005,M005,夜班,11588.1,15.5,80.4,222.85
E000251,2026-01-16,焊装车间,L006,M006,白班,12275.8,10.6,39.6,255.75
E000252,2026-01-16,焊装车间,L006,M006,夜班,16180.6,15.7,43.6,278.98
E000253,2026-01-16,总装车间,L007,M007,白班,9184.2,15.4,66.4,199.66
E000254,2026-01-16,总装车间,L007,M007,夜班,8794.0,13.5,43.9,214.49
E000255,2026-01-16,检测车间,L008,M008,白班,12295.3,15.6,44.6,186.29
E000256,2026-01-16,检测车间,L008,M003,夜班,8762.9,13.3,72.3,132.77
E000257,2026-01-17,总装车间,L001,M001,白班,8116.8,14.9,73.0,98.99
E000258,2026-01-17,总装车间,L001,M002,夜班,8679.6,19.7,41.4,115.73
E000259,2026-01-17,焊装车间,L002,M004,白班,10696.0,15.0,41.6,152.8
E000260,2026-01-17,焊装车间,L002,M003,夜班,9149.2,14.6,66.1,147.57
E000261,2026-01-17,总装车间,L003,M003,白班,9228.6,18.4,71.1,133.75
E000262,2026-01-17,总装车间,L003,M003,夜班,7356.7,11.9,47.9,159.93
E000263,2026-01-17,涂装车间,L004,M001,白班,6008.1,16.5,68.1,107.29
E000264,2026-01-17,涂装车间,L004,M002,夜班,6145.7,15.1,33.4,122.91
E000265,2026-01-17,总装车间,L005,M005,白班,9083.3,9.3,59.4,227.08
E000266,2026-01-17,总装车间,L005,M005,夜班,9243.2,12.8,60.2,225.44
E000267,2026-01-17,焊装车间,L006,M005,白班,11953.2,12.6,59.0,249.03
E000268,2026-01-17,焊装车间,L006,M006,夜班,12560.0,13.2,31.7,299.05
E000269,2026-01-17,总装车间,L007,M007,白班,8150.5,10.1,44.1,203.76
E000270,2026-01-17,总装车间,L007,M007,夜班,8343.0,12.3,65.1,189.61
E000271,2026-01-17,检测车间,L008,M003,白班,9331.0,18.5,72.6,129.6
E000272,2026-01-17,检测车间,L008,M002,夜班,7060.3,17.7,55.6,106.97
E000273,2026-01-18,总装车间,L001,M001,白班,4915.8,14.9,69.6,96.39
E000274,2026-01-18,总装车间,L001,M001,夜班,5083.4,9.7,67.4,97.76
E000275,2026-01-18,焊装车间,L002,M003,白班,7723.2,14.6,81.2,140.42
E000276,2026-01-18,焊装车间,L002,M003,夜班,6592.8,13.2,61.8,153.32
E000277,2026-01-18,总装车间,L003,M004,白班,6547.5,13.9,30.3,152.27
E000278,2026-01-18,总装车间,L003,M004,夜班,6903.6,7.7,30.4,177.02
E000279,2026-01-18,涂装车间,L004,M001,白班,4697.4,13.2,47.6,104.39
E000280,2026-01-18,涂装车间,L004,M001,夜班,4567.7,10.6,39.6,114.19
E000281,2026-01-18,总装车间,L005,M006,白班,8851.8,9.4,25.0,268.24
E000282,2026-01-18,总装车间,L005,M006,夜班,11113.0,11.4,30.3,284.95
E000283,2026-01-18,焊装车间,L006,M006,白班,9876.3,8.1,19.9,290.48
E000284,2026-01-18,焊装车间,L006,M006,夜班,10178.5,11.3,30.8,267.86
E000285,2026-01-18,总装车间,L007,M007,白班,5872.4,8.7,49.4,183.51
E000286,2026-01-18,总装车间,L007,M008,夜班,6584.4,8.4,23.4,212.4
E000287,2026-01-18,检测车间,L008,M002,白班,5615.3,12.1,29.3,112.31
E000288,2026-01-18,检测车间,L008,M007,夜班,7995.1,11.5,54.4,185.93
E000289,2026-01-19,总装车间,L001,M001,白班,7902.4,13.9,112.5,102.63
E000290,2026-01-19,总装车间,L001,M002,夜班,8370.0,22.3,53.9,116.25
E000291,2026-01-19,焊装车间,L002,M004,白班,10467.1,22.7,42.6,149.53
E000292,2026-01-19,焊装车间,L002,M003,夜班,10178.6,19.9,85.0,137.55
E000293,2026-01-19,总装车间,L003,M003,白班,8708.9,16.6,93.3,138.24
E000294,2026-01-19,总装车间,L003,M003,夜班,8380.5,12.5,77.7,149.65
E000295,2026-01-19,涂装车间,L004,M001,白班,7115.3,16.5,56.2,111.18
E000296,2026-01-19,涂装车间,L004,M001,夜班,6046.5,15.2,51.5,116.28
E000297,2026-01-19,总装车间,L005,M005,白班,13877.2,19.2,88.0,239.26
E000298,2026-01-19,总装车间,L005,M006,夜班,14721.0,10.9,41.4,258.26
E000299,2026-01-19,焊装车间,L006,M005,白班,12289.0,13.2,43.2,245.78
E000300,2026-01-19,焊装车间,L006,M006,夜班,15568.5,16.5,28.0,299.39
E000301,2026-01-19,总装车间,L007,M008,白班,11234.3,15.6,30.7,224.69
E000302,2026-01-19,总装车间,L007,M007,夜班,9868.6,9.3,71.7,209.97
E000303,2026-01-19,检测车间,L008,M007,白班,13024.0,15.1,98.3,183.44
E000304,2026-01-19,检测车间,L008,M003,夜班,8180.3,18.1,79.3,127.82
E000305,2026-01-20,总装车间,L001,M002,白班,8940.5,24.3,45.1,111.76
E000306,2026-01-20,总装车间,L001,M001,夜班,7506.0,14.8,121.2,93.83
E000307,2026-01-20,焊装车间,L002,M003,白班,10207.2,14.7,93.3,139.82
E000308,2026-01-20,焊装车间,L002,M003,夜班,9784.3,15.1,83.8,152.88
E000309,2026-01-20,总装车间,L003,M004,白班,10034.0,13.8,40.5,156.78
E000310,2026-01-20,总装车间,L003,M004,夜班,9880.4,18.0,42.4,170.35
E000311,2026-01-20,涂装车间,L004,M001,白班,6026.3,12.5,82.4,103.9
E000312,2026-01-20,涂装车间,L004,M002,夜班,7957.7,15.3,51.3,134.88
E000313,2026-01-20,总装车间,L005,M005,白班,12043.1,13.2,65.9,231.6
E000314,2026-01-20,总装车间,L005,M005,夜班,13717.6,15.3,53.2,244.96
E000315,2026-01-20,焊装车间,L006,M005,白班,10594.9,11.8,44.1,246.39
E000316,2026-01-20,焊装车间,L006,M006,夜班,12622.1,15.0,30.5,268.56
E000317,2026-01-20,总装车间,L007,M008,白班,9477.2,9.2,27.2,210.6
E000318,2026-01-20,总装车间,L007,M007,夜班,9118.8,15.3,44.8,202.64
E000319,2026-01-20,检测车间,L008,M005,白班,14139.6,14.1,70.0,220.93
E000320,2026-01-20,检测车间,L008,M008,夜班,13066.0,20.2,40.4,195.01
E000321,2026-01-21,总装车间,L001,M002,白班,8092.0,15.3,54.9,110.85
E000322,2026-01-21,总装车间,L001,M001,夜班,8961.9,18.8,127.5,96.36
E000323,2026-01-21,焊装车间,L002,M004,白班,11609.9,20.2,41.2,150.78
E000324,2026-01-21,焊装车间,L002,M003,夜班,9349.3,20.8,102.0,135.5
E000325,2026-01-21,总装车间,L003,M004,白班,9523.3,17.3,51.0,156.12
E000326,2026-01-21,总装车间,L003,M003,夜班,8271.7,11.2,59.2,153.18
E000327,2026-01-21,涂装车间,L004,M002,白班,8022.4,12.9,48.6,125.35
E000328,2026-01-21,涂装车间,L004,M002,夜班,7030.6,20.7,38.3,119.16
E000329,2026-01-21,总装车间,L005,M006,白班,16233.6,19.7,42.7,270.56
E000330,2026-01-21,总装车间,L005,M006,夜班,14643.4,15.7,27.4,266.24
E000331,2026-01-21,焊装车间,L006,M005,白班,11634.3,15.9,62.2,237.43
E000332,2026-01-21,焊装车间,L006,M006,夜班,14785.0,13.9,28.1,284.33
E000333,2026-01-21,总装车间,L007,M007,白班,9317.7,13.7,69.8,194.12
E000334,2026-01-21,总装车间,L007,M008,夜班,9830.7,11.1,38.9,213.71
E000335,2026-01-21,检测车间,L008,M005,白班,13873.7,16.0,65.9,190.05
E000336,2026-01-21,检测车间,L008,M007,夜班,11601.3,14.6,69.5,181.27
E000337,2026-01-22,总装车间,L001,M002,白班,8049.9,14.5,41.5,108.78
E000338,2026-01-22,总装车间,L001,M001,夜班,7170.2,17.6,97.3,93.12
E000339,2026-01-22,焊装车间,L002,M003,白班,10042.8,16.7,73.1,139.48
E000340,2026-01-22,焊装车间,L002,M003,夜班,9675.7,19.5,88.6,134.38
E000341,2026-01-22,总装车间,L003,M004,白班,11881.9,15.6,38.9,165.03
E000342,2026-01-22,总装车间,L003,M003,夜班,8670.7,11.5,75.5,146.96
E000343,2026-01-22,涂装车间,L004,M002,白班,7406.2,12.1,34.3,123.44
E000344,2026-01-22,涂装车间,L004,M002,夜班,7657.3,15.4,52.5,123.5
E000345,2026-01-22,总装车间,L005,M005,白班,11587.1,9.4,56.0,236.47
E000346,2026-01-22,总装车间,L005,M006,夜班,15388.0,12.7,37.3,279.78
E000347,2026-01-22,焊装车间,L006,M005,白班,11706.4,10.8,69.3,220.88
E000348,2026-01-22,焊装车间,L006,M006,夜班,12013.8,13.6,33.1,266.97
E000349,2026-01-22,总装车间,L007,M008,白班,9795.9,14.2,23.1,217.69
E000350,2026-01-22,总装车间,L007,M007,夜班,9934.7,12.5,64.7,215.97
E000351,2026-01-22,检测车间,L008,M002,白班,7554.3,19.0,41.7,112.75
E000352,2026-01-22,检测车间,L008,M006,夜班,16098.2,12.6,35.1,247.66
E000353,2026-01-23,总装车间,L001,M002,白班,8346.9,24.6,61.6,105.66
E000354,2026-01-23,总装车间,L001,M002,夜班,9831.4,17.8,55.7,121.38
E000355,2026-01-23,焊装车间,L002,M004,白班,11356.7,13.6,42.3,164.59
E000356,2026-01-23,焊装车间,L002,M003,夜班,11299.3,24.0,110.4,148.67
E000357,2026-01-23,总装车间,L003,M004,白班,11197.4,15.0,56.1,153.39
E000358,2026-01-23,总装车间,L003,M003,夜班,8284.8,16.6,55.3,140.42
E000359,2026-01-23,涂装车间,L004,M001,白班,6754.4,18.3,77.7,103.91
E000360,2026-01-23,涂装车间,L004,M001,夜班,6322.6,15.8,86.3,110.92
E000361,2026-01-23,总装车间,L005,M006,白班,14298.7,14.1,34.9,255.33
E000362,2026-01-23,总装车间,L005,M005,夜班,12429.7,17.4,75.7,218.06
E000363,2026-01-23,焊装车间,L006,M006,白班,13980.2,16.5,43.7,263.78
E000364,2026-01-23,焊装车间,L006,M006,夜班,13316.0,11.4,30.2,277.42
E000365,2026-01-23,总装车间,L007,M008,白班,9293.3,14.5,28.4,216.12
E000366,2026-01-23,总装车间,L007,M008,夜班,9550.2,9.7,29.2,212.23
E000367,2026-01-23,检测车间,L008,M002,白班,8375.0,18.8,59.5,108.77
E000368,2026-01-23,检测车间,L008,M003,夜班,9143.6,12.7,68.8,132.52
E000369,2026-01-24,总装车间,L001,M002,白班,8859.4,18.4,40.5,106.74
E000370,2026-01-24,总装车间,L001,M001,夜班,7757.5,22.0,91.0,103.43
E000371,2026-01-24,焊装车间,L002,M004,白班,9857.6,18.9,42.6,164.29
E000372,2026-01-24,焊装车间,L002,M004,夜班,11218.4,18.2,45.9,162.59
E000373,2026-01-24,总装车间,L003,M003,白班,7714.0,11.6,72.1,133.0
E000374,2026-01-24,总装车间,L003,M004,夜班,8847.2,16.6,44.6,170.14
E000375,2026-01-24,涂装车间,L004,M002,白班,7527.5,19.1,34.4,127.58
E000376,2026-01-24,涂装车间,L004,M001,夜班,6305.6,12.6,49.8,114.65
E000377,2026-01-24,总装车间,L005,M005,白班,12814.7,10.4,72.3,232.99
E000378,2026-01-24,总装车间,L005,M005,夜班,11757.1,16.0,41.8,244.94
E000379,2026-01-24,焊装车间,L006,M005,白班,10714.1,10.1,66.3,249.17
E000380,2026-01-24,焊装车间,L006,M005,夜班,11409.8,13.6,68.9,232.85
E000381,2026-01-24,总装车间,L007,M008,白班,9253.5,13.3,22.8,215.2
E000382,2026-01-24,总装车间,L007,M007,夜班,7693.6,13.0,47.3,202.46
E000383,2026-01-24,检测车间,L008,M001,白班,6367.8,14.6,79.6,95.04
E000384,2026-01-24,检测车间,L008,M007,夜班,9909.1,17.2,65.7,167.95
E000385,2026-01-25,总装车间,L001,M001,白班,5377.4,18.2,63.3,89.62
E000386,2026-01-25,总装车间,L001,M001,夜班,4748.2,14.1,65.6,93.1
E000387,2026-01-25,焊装车间,L002,M004,白班,6678.3,11.8,30.0,151.78
E000388,2026-01-25,焊装车间,L002,M004,夜班,7772.6,16.5,25.2,152.4
E000389,2026-01-25,总装车间,L003,M004,白班,6768.4,11.1,35.8,157.4
E000390,2026-01-25,总装车间,L003,M004,夜班,6430.6,9.6,21.7,173.8
E000391,2026-01-25,涂装车间,L004,M001,白班,4112.7,10.4,51.1,100.31
E000392,2026-01-25,涂装车间,L004,M002,夜班,5217.3,12.1,35.7,118.58
E000393,2026-01-25,总装车间,L005,M006,白班,9322.8,9.5,24.9,274.2
E000394,2026-01-25,总装车间,L005,M006,夜班,11007.1,8.4,26.6,289.66
E000395,2026-01-25,焊装车间,L006,M005,白班,9496.9,9.5,58.4,249.92
E000396,2026-01-25,焊装车间,L006,M006,夜班,9090.2,9.5,24.9,275.46
E000397,2026-01-25,总装车间,L007,M007,白班,6240.8,10.7,48.5,189.12
E000398,2026-01-25,总装车间,L007,M007,夜班,6387.1,10.5,36.1,193.55
E000399,2026-01-25,检测车间,L008,M008,白班,8401.2,12.1,35.7,182.63
E000400,2026-01-25,检测车间,L008,M003,夜班,6639.9,9.5,61.7,135.51
E000401,2026-01-26,总装车间,L001,M002,白班,8617.5,16.1,63.0,111.92
E000402,2026-01-26,总装车间,L001,M002,夜班,8163.5,20.0,39.3,111.83
E000403,2026-01-26,焊装车间,L002,M004,白班,10952.9,16.3,39.3,168.51
E000404,2026-01-26,焊装车间,L002,M003,夜班,9195.1,21.5,58.4,139.32
E000405,2026-01-26,总装车间,L003,M004,白班,10284.9,21.4,40.0,155.83
E000406,2026-01-26,总装车间,L003,M004,夜班,10102.4,20.5,32.0,160.36
E000407,2026-01-26,涂装车间,L004,M001,白班,5751.6,20.3,79.1,99.17
E000408,2026-01-26,涂装车间,L004,M002,夜班,7820.0,13.8,42.6,126.13
E000409,2026-01-26,总装车间,L005,M006,白班,12915.9,16.4,26.1,248.38
E000410,2026-01-26,总装车间,L005,M006,夜班,15165.3,19.1,39.7,261.47
E000411,2026-01-26,焊装车间,L006,M006,白班,12968.4,9.2,28.5,288.19
E000412,2026-01-26,焊装车间,L006,M006,夜班,12753.6,9.9,26.9,265.7
E000413,2026-01-26,总装车间,L007,M008,白班,9957.4,13.4,40.3,211.86
E000414,2026-01-26,总装车间,L007,M008,夜班,10892.2,15.8,42.4,222.29
E000415,2026-01-26,检测车间,L008,M001,白班,6889.3,19.1,112.8,89.47
E000416,2026-01-26,检测车间,L008,M004,夜班,10662.6,13.9,47.6,150.18
E000417,2026-01-27,总装车间,L001,M002,白班,8362.7,17.4,47.2,116.15
E000418,2026-01-27,总装车间,L001,M001,夜班,7815.6,16.0,85.2,95.31
E000419,2026-01-27,焊装车间,L002,M004,白班,9370.5,20.1,36.0,153.61
E000420,2026-01-27,焊装车间,L002,M004,夜班,12909.4,24.8,40.2,172.13
E000421,2026-01-27,总装车间,L003,M003,白班,8037.9,18.2,61.0,133.97
E000422,2026-01-27,总装车间,L003,M003,夜班,7925.2,18.1,68.4,134.33
E000423,2026-01-27,涂装车间,L004,M002,白班,8418.7,18.9,38.3,129.52
E000424,2026-01-27,涂装车间,L004,M001,夜班,6728.2,13.9,60.8,112.14
E000425,2026-01-27,总装车间,L005,M005,白班,12024.1,15.1,79.7,231.23
E000426,2026-01-27,总装车间,L005,M005,夜班,11961.4,11.5,70.1,244.11
E000427,2026-01-27,焊装车间,L006,M005,白班,11145.0,12.2,48.0,227.45
E000428,2026-01-27,焊装车间,L006,M006,夜班,13086.5,14.1,29.3,297.42
E000429,2026-01-27,总装车间,L007,M008,白班,10707.7,12.6,27.4,227.82
E000430,2026-01-27,总装车间,L007,M008,夜班,11312.3,12.6,25.9,235.67
E000431,2026-01-27,检测车间,L008,M004,白班,10325.9,21.0,50.9,135.87
E000432,2026-01-27,检测车间,L008,M002,夜班,7117.2,10.7,40.0,116.68
E000433,2026-01-28,总装车间,L001,M002,白班,9494.2,16.9,43.7,113.03
E000434,2026-01-28,总装车间,L001,M002,夜班,9957.3,19.7,63.3,114.45
E000435,2026-01-28,焊装车间,L002,M003,白班,9712.0,21.6,105.1,129.49
E000436,2026-01-28,焊装车间,L002,M004,夜班,10768.2,19.2,42.4,170.92
E000437,2026-01-28,总装车间,L003,M004,白班,10074.1,21.8,56.5,146.0
E000438,2026-01-28,总装车间,L003,M003,夜班,8251.2,18.9,51.0,139.85
E000439,2026-01-28,涂装车间,L004,M001,白班,6054.1,20.6,89.5,100.9
E000440,2026-01-28,涂装车间,L004,M002,夜班,7480.2,19.1,50.4,120.65
E000441,2026-01-28,总装车间,L005,M006,白班,11127.1,10.8,29.9,258.77
E000442,2026-01-28,总装车间,L005,M006,夜班,14016.4,10.7,36.9,264.46
E000443,2026-01-28,焊装车间,L006,M006,白班,14796.5,16.4,38.3,290.13
E000444,2026-01-28,焊装车间,L006,M006,夜班,12779.8,10.1,25.8,266.25
E000445,2026-01-28,总装车间,L007,M008,白班,9508.8,14.1,36.1,226.4
E000446,2026-01-28,总装车间,L007,M007,夜班,9040.3,13.6,58.1,205.46
E000447,2026-01-28,检测车间,L008,M005,白班,14391.9,17.3,99.5,208.58
E000448,2026-01-28,检测车间,L008,M002,夜班,7495.0,15.1,37.9,110.22
E000449,2026-01-29,总装车间,L001,M001,白班,8388.1,25.5,101.7,95.32
E000450,2026-01-29,总装车间,L001,M002,夜班,9310.0,25.7,67.4,108.26
E000451,2026-01-29,焊装车间,L002,M004,白班,9603.7,15.6,42.9,145.51
E000452,2026-01-29,焊装车间,L002,M004,夜班,11206.6,22.1,34.3,167.26
E000453,2026-01-29,总装车间,L003,M004,白班,9651.5,20.1,39.3,155.67
E000454,2026-01-29,总装车间,L003,M003,夜班,9333.5,14.7,80.6,148.15
E000455,2026-01-29,涂装车间,L004,M001,白班,6596.9,13.8,84.7,111.81
E000456,2026-01-29,涂装车间,L004,M001,夜班,7095.5,18.8,76.3,114.44
E000457,2026-01-29,总装车间,L005,M006,白班,12607.6,15.1,24.9,262.66
E000458,2026-01-29,总装车间,L005,M006,夜班,16861.2,13.7,40.8,281.02
E000459,2026-01-29,焊装车间,L006,M005,白班,12666.5,13.2,61.0,238.99
E000460,2026-01-29,焊装车间,L006,M005,夜班,9853.5,13.4,45.1,234.61
E000461,2026-01-29,总装车间,L007,M008,白班,8837.4,11.9,31.7,205.52
E000462,2026-01-29,总装车间,L007,M008,夜班,8702.4,7.8,33.7,217.56
E000463,2026-01-29,检测车间,L008,M007,白班,14031.5,24.0,73.7,171.12
E000464,2026-01-29,检测车间,L008,M006,夜班,18507.5,21.2,52.7,246.77
E000465,2026-01-30,总装车间,L001,M001,白班,8742.7,26.5,128.1,97.14
E000466,2026-01-30,总装车间,L001,M001,夜班,8165.6,22.1,117.9,96.07
E000467,2026-01-30,焊装车间,L002,M004,白班,12009.0,19.7,38.2,164.51
E000468,2026-01-30,焊装车间,L002,M004,夜班,12103.2,13.5,56.9,172.9
E000469,2026-01-30,总装车间,L003,M003,白班,7829.6,14.0,76.7,132.71
E000470,2026-01-30,总装车间,L003,M003,夜班,7757.4,16.5,70.6,149.18
E000471,2026-01-30,涂装车间,L004,M001,白班,7350.1,19.4,78.8,106.52
E000472,2026-01-30,涂装车间,L004,M001,夜班,6655.4,15.9,65.6,109.1
E000473,2026-01-30,总装车间,L005,M005,白班,12591.2,16.8,72.2,228.93
E000474,2026-01-30,总装车间,L005,M006,夜班,14062.9,14.0,34.1,265.34
E000475,2026-01-30,焊装车间,L006,M006,白班,13265.4,10.4,36.6,282.24
E000476,2026-01-30,焊装车间,L006,M005,夜班,13809.6,13.1,48.0,255.73
E000477,2026-01-30,总装车间,L007,M007,白班,8901.5,14.8,42.9,185.45
E000478,2026-01-30,总装车间,L007,M008,夜班,9246.9,8.9,34.7,210.16
E000479,2026-01-30,检测车间,L008,M005,白班,14145.2,19.3,72.7,211.12
E000480,2026-01-30,检测车间,L008,M005,夜班,14780.8,17.0,79.4,223.95
E000481,2026-01-31,总装车间,L001,M002,白班,7713.3,18.2,39.6,105.66
E000482,2026-01-31,总装车间,L001,M001,夜班,7308.4,18.2,87.9,97.45
E000483,2026-01-31,焊装车间,L002,M003,白班,9269.3,14.1,61.3,144.83
E000484,2026-01-31,焊装车间,L002,M004,夜班,11637.8,17.4,55.0,171.14
E000485,2026-01-31,总装车间,L003,M004,白班,7664.8,9.9,28.1,147.4
E000486,2026-01-31,总装车间,L003,M004,夜班,9629.2,15.5,27.8,171.95
E000487,2026-01-31,涂装车间,L004,M001,白班,6356.9,15.4,67.7,115.58
E000488,2026-01-31,涂装车间,L004,M002,夜班,6192.6,13.1,41.2,123.85
E000489,2026-01-31,总装车间,L005,M005,白班,9511.6,9.2,47.9,221.2
E000490,2026-01-31,总装车间,L005,M006,夜班,13845.4,10.1,27.6,288.45
E000491,2026-01-31,焊装车间,L006,M005,白班,10026.2,9.9,46.6,233.17
E000492,2026-01-31,焊装车间,L006,M006,夜班,11946.2,12.7,32.9,291.37
E000493,2026-01-31,总装车间,L007,M007,白班,7689.6,9.9,43.0,213.6
E000494,2026-01-31,总装车间,L007,M007,夜班,8220.6,10.9,55.6,191.18
E000495,2026-01-31,检测车间,L008,M007,白班,10623.6,11.7,62.2,174.16
E000496,2026-01-31,检测车间,L008,M006,夜班,16769.0,15.5,37.5,236.18
E000497,2026-02-01,总装车间,L001,M001,白班,5338.1,16.5,67.5,90.48
E000498,2026-02-01,总装车间,L001,M001,夜班,4909.3,9.2,52.5,96.26
E000499,2026-02-01,焊装车间,L002,M003,白班,6597.1,14.5,44.0,137.44
E000500,2026-02-01,焊装车间,L002,M004,夜班,6848.7,10.3,34.3,159.27
E000501,2026-02-01,总装车间,L003,M003,白班,6445.1,10.9,44.7,137.13
E000502,2026-02-01,总装车间,L003,M003,夜班,6094.1,12.3,53.1,145.1
E000503,2026-02-01,涂装车间,L004,M002,白班,5720.5,12.9,32.4,130.01
E000504,2026-02-01,涂装车间,L004,M002,夜班,5588.5,10.3,23.4,133.06
E000505,2026-02-01,总装车间,L005,M005,白班,7513.9,10.3,51.0,221.0
E000506,2026-02-01,总装车间,L005,M005,夜班,8924.0,8.7,38.0,247.89
E000507,2026-02-01,焊装车间,L006,M006,白班,9568.1,10.9,22.8,273.37
E000508,2026-02-01,焊装车间,L006,M006,夜班,8789.3,8.4,14.8,303.08
E000509,2026-02-01,总装车间,L007,M008,白班,7360.8,10.9,28.8,216.49
E000510,2026-02-01,总装车间,L007,M007,夜班,7003.9,8.6,32.8,206.0
E000511,2026-02-01,检测车间,L008,M001,白班,3920.2,12.9,58.6,91.17
E000512,2026-02-01,检测车间,L008,M002,夜班,5928.4,14.0,39.2,118.57
E000513,2026-02-02,总装车间,L001,M001,白班,8157.5,22.9,122.4,97.11
E000514,2026-02-02,总装车间,L001,M001,夜班,8339.3,17.2,107.9,98.11
E000515,2026-02-02,焊装车间,L002,M003,白班,9404.9,19.6,69.8,134.36
E000516,2026-02-02,焊装车间,L002,M003,夜班,9698.9,18.0,69.2,146.95
E000517,2026-02-02,总装车间,L003,M004,白班,9575.5,16.7,39.9,159.59
E000518,2026-02-02,总装车间,L003,M004,夜班,10893.7,13.4,42.0,165.06
E000519,2026-02-02,涂装车间,L004,M002,白班,7839.4,12.0,40.9,132.87
E000520,2026-02-02,涂装车间,L004,M002,夜班,7368.3,14.3,31.9,131.58
E000521,2026-02-02,总装车间,L005,M005,白班,12229.4,13.9,71.4,226.47
E000522,2026-02-02,总装车间,L005,M006,夜班,15351.9,15.5,39.4,269.33
E000523,2026-02-02,焊装车间,L006,M006,白班,14103.3,10.9,41.8,266.1
E000524,2026-02-02,焊装车间,L006,M005,夜班,13265.7,17.1,65.4,255.11
E000525,2026-02-02,总装车间,L007,M007,白班,8821.9,16.2,68.9,183.79
E000526,2026-02-02,总装车间,L007,M008,夜班,8598.4,10.5,30.0,209.72
E000527,2026-02-02,检测车间,L008,M007,白班,11516.5,12.7,64.3,159.95
E000528,2026-02-02,检测车间,L008,M007,夜班,12484.7,13.6,95.0,186.34
E000529,2026-02-03,总装车间,L001,M002,白班,9302.6,14.7,52.9,114.85
E000530,2026-02-03,总装车间,L001,M001,夜班,6878.0,20.6,111.0,92.95
E000531,2026-02-03,焊装车间,L002,M004,白班,10978.8,16.2,60.5,154.63
E000532,2026-02-03,焊装车间,L002,M004,夜班,13755.9,22.5,40.0,171.95
E000533,2026-02-03,总装车间,L003,M003,白班,9502.0,19.1,103.9,141.82
E000534,2026-02-03,总装车间,L003,M003,夜班,10181.0,19.6,57.4,156.63
E000535,2026-02-03,涂装车间,L004,M002,白班,6410.7,15.3,27.3,118.72
E000536,2026-02-03,涂装车间,L004,M002,夜班,8519.6,22.4,56.0,131.07
E000537,2026-02-03,总装车间,L005,M006,白班,11229.2,11.8,28.5,249.54
E000538,2026-02-03,总装车间,L005,M005,夜班,13227.7,12.5,82.7,216.85
E000539,2026-02-03,焊装车间,L006,M006,白班,13471.7,16.9,45.2,259.07
E000540,2026-02-03,焊装车间,L006,M005,夜班,10454.3,13.6,42.5,232.32
E000541,2026-02-03,总装车间,L007,M008,白班,10442.7,10.4,37.8,227.02
E000542,2026-02-03,总装车间,L007,M007,夜班,9145.4,9.6,40.1,212.68
E000543,2026-02-03,检测车间,L008,M006,白班,18600.1,19.6,56.2,248.0
E000544,2026-02-03,检测车间,L008,M008,夜班,13103.8,16.4,33.6,192.7
E000545,2026-02-04,总装车间,L001,M001,白班,6482.9,18.1,87.5,91.31
E000546,2026-02-04,总装车间,L001,M001,夜班,6672.8,14.1,85.3,98.13
E000547,2026-02-04,焊装车间,L002,M004,白班,12522.8,25.7,56.1,154.6
E000548,2026-02-04,焊装车间,L002,M004,夜班,9735.1,12.3,52.3,154.53
E000549,2026-02-04,总装车间,L003,M004,白班,9930.7,18.6,56.7,150.47
E000550,2026-02-04,总装车间,L003,M003,夜班,7627.0,15.7,80.9,143.91
E000551,2026-02-04,涂装车间,L004,M001,白班,6544.8,16.6,59.6,105.56
E000552,2026-02-04,涂装车间,L004,M002,夜班,8456.3,16.6,50.4,132.13
E000553,2026-02-04,总装车间,L005,M006,白班,12577.8,10.0,34.5,279.51
E000554,2026-02-04,总装车间,L005,M005,夜班,10490.3,9.9,47.2,214.09
E000555,2026-02-04,焊装车间,L006,M005,白班,11955.1,14.9,57.4,221.39
E000556,2026-02-04,焊装车间,L006,M005,夜班,14002.6,14.9,80.1,245.66
E000557,2026-02-04,总装车间,L007,M008,白班,9279.7,12.2,35.5,206.22
E000558,2026-02-04,总装车间,L007,M008,夜班,10762.6,12.0,26.9,219.64
E000559,2026-02-04,检测车间,L008,M005,白班,13977.0,13.1,93.9,218.39
E000560,2026-02-04,检测车间,L008,M003,夜班,8343.3,15.1,69.9,134.57
E000561,2026-02-05,总装车间,L001,M001,白班,7120.1,23.9,82.2,90.13
E000562,2026-02-05,总装车间,L001,M001,夜班,6935.7,13.4,68.5,99.08
E000563,2026-02-05,焊装车间,L002,M003,白班,10119.9,21.3,102.8,146.67
E000564,2026-02-05,焊装车间,L002,M003,夜班,9615.4,14.4,104.1,135.43
E000565,2026-02-05,总装车间,L003,M003,白班,8809.8,17.4,78.9,144.42
E000566,2026-02-05,总装车间,L003,M003,夜班,7784.6,12.3,73.3,139.01
E000567,2026-02-05,涂装车间,L004,M001,白班,5652.0,13.3,50.6,100.93
E000568,2026-02-05,涂装车间,L004,M002,夜班,7527.5,20.8,47.1,125.46
E000569,2026-02-05,总装车间,L005,M005,白班,11295.5,13.2,42.8,235.32
E000570,2026-02-05,总装车间,L005,M006,夜班,14684.5,13.0,30.6,277.07
E000571,2026-02-05,焊装车间,L006,M006,白班,14084.6,12.5,29.4,281.69
E000572,2026-02-05,焊装车间,L006,M005,夜班,13898.2,14.3,75.2,248.18
E000573,2026-02-05,总装车间,L007,M007,白班,8169.6,12.9,50.3,194.51
E000574,2026-02-05,总装车间,L007,M007,夜班,8385.6,8.0,51.2,204.53
E000575,2026-02-05,检测车间,L008,M003,白班,9908.3,21.6,93.2,125.42
E000576,2026-02-05,检测车间,L008,M001,夜班,6663.3,18.7,71.9,93.85
E000577,2026-02-06,总装车间,L001,M001,白班,8008.6,17.9,82.1,94.22
E000578,2026-02-06,总装车间,L001,M001,夜班,7397.1,15.0,85.4,99.96
E000579,2026-02-06,焊装车间,L002,M003,白班,9672.0,23.2,70.7,140.17
E000580,2026-02-06,焊装车间,L002,M003,夜班,9314.2,13.7,91.5,139.02
E000581,2026-02-06,总装车间,L003,M004,白班,8585.4,17.0,48.6,143.09
E000582,2026-02-06,总装车间,L003,M003,夜班,8647.2,16.4,73.7,149.09
E000583,2026-02-06,涂装车间,L004,M002,白班,8655.4,15.7,57.7,131.14
E000584,2026-02-06,涂装车间,L004,M001,夜班,7394.4,17.7,82.1,110.36
E000585,2026-02-06,总装车间,L005,M005,白班,10627.4,9.9,44.9,221.4
E000586,2026-02-06,总装车间,L005,M006,夜班,13828.7,15.4,45.1,256.09
E000587,2026-02-06,焊装车间,L006,M005,白班,11919.3,10.5,68.9,243.25
E000588,2026-02-06,焊装车间,L006,M006,夜班,15288.0,15.0,38.3,283.11
E000589,2026-02-06,总装车间,L007,M008,白班,9973.1,9.3,25.6,212.19
E000590,2026-02-06,总装车间,L007,M008,夜班,10641.0,14.6,34.5,226.4
E000591,2026-02-06,检测车间,L008,M007,白班,11030.6,18.6,85.7,172.35
E000592,2026-02-06,检测车间,L008,M003,夜班,8686.9,19.8,85.8,125.9
E000593,2026-02-07,总装车间,L001,M002,白班,7480.5,13.4,52.7,115.08
E000594,2026-02-07,总装车间,L001,M001,夜班,7834.8,23.5,91.4,96.73
E000595,2026-02-07,焊装车间,L002,M003,白班,9131.9,14.4,75.4,142.69
E000596,2026-02-07,焊装车间,L002,M003,夜班,9977.8,13.8,75.1,138.58
E000597,2026-02-07,总装车间,L003,M003,白班,7255.5,16.6,57.8,127.29
E000598,2026-02-07,总装车间,L003,M003,夜班,7942.4,13.3,48.9,149.86
E000599,2026-02-07,涂装车间,L004,M001,白班,5457.5,13.2,52.6,102.97
E000600,2026-02-07,涂装车间,L004,M001,夜班,5910.3,15.4,57.1,113.66
E000601,2026-02-07,总装车间,L005,M006,白班,10501.4,13.3,35.6,256.13
E000602,2026-02-07,总装车间,L005,M005,夜班,10271.4,9.5,71.6,218.54
E000603,2026-02-07,焊装车间,L006,M006,白班,12667.4,15.4,33.7,258.52
E000604,2026-02-07,焊装车间,L006,M005,夜班,10619.1,13.5,40.8,235.98
E000605,2026-02-07,总装车间,L007,M008,白班,8669.8,9.6,29.4,228.15
E000606,2026-02-07,总装车间,L007,M008,夜班,9211.6,8.8,32.2,219.32
E000607,2026-02-07,检测车间,L008,M003,白班,7479.9,16.2,61.7,122.62
E000608,2026-02-07,检测车间,L008,M005,夜班,12688.4,18.1,84.8,208.01
E000609,2026-02-08,总装车间,L001,M002,白班,7449.9,20.4,40.4,114.61
E000610,2026-02-08,总装车间,L001,M002,夜班,7021.7,11.8,50.7,115.11
E000611,2026-02-08,焊装车间,L002,M004,白班,8346.8,16.4,40.1,160.52
E000612,2026-02-08,焊装车间,L002,M004,夜班,9218.7,17.7,41.1,173.94
E000613,2026-02-08,总装车间,L003,M003,白班,7296.5,12.8,64.0,137.67
E000614,2026-02-08,总装车间,L003,M004,夜班,7048.5,12.9,28.3,176.21
E000615,2026-02-08,涂装车间,L004,M002,白班,5626.3,9.8,32.5,125.03
E000616,2026-02-08,涂装车间,L004,M001,夜班,5073.6,15.4,54.2,110.3
E000617,2026-02-08,总装车间,L005,M005,白班,9391.4,12.9,42.2,223.6
E000618,2026-02-08,总装车间,L005,M005,夜班,10355.3,8.6,57.9,240.82
E000619,2026-02-08,焊装车间,L006,M005,白班,7579.2,9.6,34.8,222.92
E000620,2026-02-08,焊装车间,L006,M005,夜班,8619.4,7.2,49.5,246.27
E000621,2026-02-08,总装车间,L007,M008,白班,6995.5,10.5,19.5,225.66
E000622,2026-02-08,总装车间,L007,M008,夜班,6507.2,9.9,16.0,216.91
E000623,2026-02-08,检测车间,L008,M004,白班,7849.2,12.1,27.7,150.95
E000624,2026-02-08,检测车间,L008,M006,夜班,12416.9,10.2,30.5,248.34
E000625,2026-02-09,总装车间,L001,M001,白班,7561.2,14.3,109.6,96.94
E000626,2026-02-09,总装车间,L001,M002,夜班,10578.8,25.3,52.8,116.25
E000627,2026-02-09,焊装车间,L002,M004,白班,10277.9,18.2,38.5,155.73
E000628,2026-02-09,焊装车间,L002,M003,夜班,9521.9,21.4,63.4,146.49
E000629,2026-02-09,总装车间,L003,M003,白班,9488.0,19.9,94.6,128.22
E000630,2026-02-09,总装车间,L003,M004,夜班,9685.3,11.6,45.2,169.92
E000631,2026-02-09,涂装车间,L004,M001,白班,5373.1,18.2,83.2,99.5
E000632,2026-02-09,涂装车间,L004,M001,夜班,7467.2,22.5,65.9,111.45
E000633,2026-02-09,总装车间,L005,M006,白班,14624.1,15.2,39.2,275.93
E000634,2026-02-09,总装车间,L005,M005,夜班,10081.7,13.7,55.0,214.5
E000635,2026-02-09,焊装车间,L006,M006,白班,13742.4,12.9,43.3,274.85
E000636,2026-02-09,焊装车间,L006,M005,夜班,11135.3,11.1,50.9,247.45
E000637,2026-02-09,总装车间,L007,M008,白班,10131.8,9.3,33.5,211.08
E000638,2026-02-09,总装车间,L007,M007,夜班,10554.6,17.2,72.3,206.95
E000639,2026-02-09,检测车间,L008,M008,白班,13150.3,14.2,40.0,193.39
E000640,2026-02-09,检测车间,L008,M006,夜班,17188.3,15.4,54.0,235.46
E000641,2026-02-10,总装车间,L001,M001,白班,8274.3,24.4,103.0,95.11
E000642,2026-02-10,总装车间,L001,M001,夜班,6904.9,14.0,111.1,92.07
E000643,2026-02-10,焊装车间,L002,M003,白班,9261.4,22.5,62.3,136.2
E000644,2026-02-10,焊装车间,L002,M004,夜班,10226.3,13.6,34.5,170.44
E000645,2026-02-10,总装车间,L003,M003,白班,7835.1,16.4,62.3,124.37
E000646,2026-02-10,总装车间,L003,M004,夜班,8899.2,16.2,30.2,156.13
E000647,2026-02-10,涂装车间,L004,M002,白班,7191.5,13.5,44.4,126.17
E000648,2026-02-10,涂装车间,L004,M001,夜班,6170.9,15.1,86.0,110.19
E000649,2026-02-10,总装车间,L005,M005,白班,11057.4,12.8,75.8,221.15
E000650,2026-02-10,总装车间,L005,M006,夜班,13193.5,15.4,37.4,248.93
E000651,2026-02-10,焊装车间,L006,M005,白班,12186.3,17.4,50.1,221.57
E000652,2026-02-10,焊装车间,L006,M006,夜班,13694.1,12.4,41.5,273.88
E000653,2026-02-10,总装车间,L007,M007,白班,7920.6,11.9,47.3,180.01
E000654,2026-02-10,总装车间,L007,M007,夜班,9251.5,10.5,38.9,215.15
E000655,2026-02-10,检测车间,L008,M003,白班,9429.8,13.6,93.0,125.73
E000656,2026-02-10,检测车间,L008,M006,夜班,15045.4,15.0,53.8,235.08
E000657,2026-02-11,总装车间,L001,M002,白班,8370.3,16.6,49.7,114.66
E000658,2026-02-11,总装车间,L001,M001,夜班,7292.6,15.2,73.2,93.49
E000659,2026-02-11,焊装车间,L002,M003,白班,9847.1,20.6,98.3,136.77
E000660,2026-02-11,焊装车间,L002,M003,夜班,9687.1,19.0,66.9,146.77
E000661,2026-02-11,总装车间,L003,M003,白班,8640.0,12.8,69.2,125.22
E000662,2026-02-11,总装车间,L003,M003,夜班,9032.1,15.3,85.4,153.09
E000663,2026-02-11,涂装车间,L004,M002,白班,7936.7,12.8,40.2,128.01
E000664,2026-02-11,涂装车间,L004,M002,夜班,8089.2,15.9,33.6,124.45
E000665,2026-02-11,总装车间,L005,M006,白班,13837.5,15.0,41.0,261.08
E000666,2026-02-11,总装车间,L005,M006,夜班,12233.1,13.2,26.0,265.94
E000667,2026-02-11,焊装车间,L006,M006,白班,13597.4,13.6,32.8,277.5
E000668,2026-02-11,焊装车间,L006,M005,夜班,11494.1,13.6,51.1,244.56
E000669,2026-02-11,总装车间,L007,M008,白班,9024.9,13.5,21.9,220.12
E000670,2026-02-11,总装车间,L007,M008,夜班,9485.9,9.7,27.4,210.8
E000671,2026-02-11,检测车间,L008,M004,白班,10432.0,15.0,41.8,137.26
E000672,2026-02-11,检测车间,L008,M004,夜班,12918.3,18.7,69.4,157.54
E000673,2026-02-12,总装车间,L001,M002,白班,10388.1,18.8,54.1,118.05
E000674,2026-02-12,总装车间,L001,M002,夜班,9577.2,20.8,52.8,119.72
E000675,2026-02-12,焊装车间,L002,M004,白班,12110.5,24.1,60.1,163.66
E000676,2026-02-12,焊装车间,L002,M004,夜班,11889.0,17.5,62.4,165.12
E000677,2026-02-12,总装车间,L003,M003,白班,8786.8,17.2,71.1,141.72
E000678,2026-02-12,总装车间,L003,M004,夜班,9574.1,19.1,37.1,162.27
E000679,2026-02-12,涂装车间,L004,M001,白班,6515.6,20.8,72.9,110.43
E000680,2026-02-12,涂装车间,L004,M001,夜班,6116.8,11.6,82.2,113.27
E000681,2026-02-12,总装车间,L005,M006,白班,14531.3,10.9,40.5,279.45
E000682,2026-02-12,总装车间,L005,M005,夜班,13412.5,13.6,73.2,239.51
E000683,2026-02-12,焊装车间,L006,M005,白班,12968.3,16.1,66.4,240.15
E000684,2026-02-12,焊装车间,L006,M005,夜班,11143.8,10.3,60.1,227.42
E000685,2026-02-12,总装车间,L007,M007,白班,9254.6,14.8,41.4,201.19
E000686,2026-02-12,总装车间,L007,M008,夜班,10718.1,16.3,29.0,210.16
E000687,2026-02-12,检测车间,L008,M002,白班,6913.6,15.9,40.6,101.67
E000688,2026-02-12,检测车间,L008,M008,夜班,15018.4,21.0,47.2,192.54
E000689,2026-02-13,总装车间,L001,M001,白班,6922.5,16.4,106.3,89.9
E000690,2026-02-13,总装车间,L001,M002,夜班,9341.1,18.8,45.2,113.92
E000691,2026-02-13,焊装车间,L002,M004,白班,11848.3,23.4,40.4,162.31
E000692,2026-02-13,焊装车间,L002,M003,夜班,9213.1,19.6,73.0,133.52
E000693,2026-02-13,总装车间,L003,M003,白班,9206.0,18.9,100.3,127.86
E000694,2026-02-13,总装车间,L003,M004,夜班,10823.5,14.2,34.9,163.99
E000695,2026-02-13,涂装车间,L004,M002,白班,8821.2,21.4,37.7,126.02
E000696,2026-02-13,涂装车间,L004,M002,夜班,8486.1,15.1,53.1,132.6
E000697,2026-02-13,总装车间,L005,M006,白班,14268.4,11.8,32.5,241.84
E000698,2026-02-13,总装车间,L005,M005,夜班,10645.8,10.6,49.7,236.57
E000699,2026-02-13,焊装车间,L006,M005,白班,12361.4,10.5,72.7,233.23
E000700,2026-02-13,焊装车间,L006,M005,夜班,11371.0,15.2,73.3,232.06
E000701,2026-02-13,总装车间,L007,M008,白班,9048.6,11.8,36.1,210.43
E000702,2026-02-13,总装车间,L007,M007,夜班,9642.8,14.2,57.1,205.17
E000703,2026-02-13,检测车间,L008,M005,白班,12481.4,16.8,69.8,198.12
E000704,2026-02-13,检测车间,L008,M002,夜班,8801.5,17.7,51.5,115.81
E000705,2026-02-14,总装车间,L001,M001,白班,7019.8,21.6,96.2,93.6
E000706,2026-02-14,总装车间,L001,M001,夜班,7694.8,23.0,86.8,99.93
E000707,2026-02-14,焊装车间,L002,M004,白班,9555.0,11.1,45.4,170.62
E000708,2026-02-14,焊装车间,L002,M004,夜班,10848.7,16.5,54.1,172.2
E000709,2026-02-14,总装车间,L003,M004,白班,9841.4,18.8,50.0,161.33
E000710,2026-02-14,总装车间,L003,M003,夜班,6456.3,9.6,42.9,140.35
E000711,2026-02-14,涂装车间,L004,M001,白班,5862.6,18.1,60.2,112.74
E000712,2026-02-14,涂装车间,L004,M002,夜班,7062.4,13.9,42.0,138.48
E000713,2026-02-14,总装车间,L005,M006,白班,12550.4,11.7,37.3,278.9
E000714,2026-02-14,总装车间,L005,M005,夜班,10749.2,9.2,57.4,238.87
E000715,2026-02-14,焊装车间,L006,M005,白班,9297.9,12.5,48.5,238.41
E000716,2026-02-14,焊装车间,L006,M006,夜班,13977.2,10.0,27.8,297.39
E000717,2026-02-14,总装车间,L007,M008,白班,9542.3,8.1,27.5,227.2
E000718,2026-02-14,总装车间,L007,M007,夜班,8267.4,10.0,47.1,196.84
E000719,2026-02-14,检测车间,L008,M007,白班,10621.9,18.3,56.9,165.97
E000720,2026-02-14,检测车间,L008,M008,夜班,13681.1,14.5,53.1,207.29
E000721,2026-02-15,总装车间,L001,M001,白班,6153.4,19.7,99.2,94.67
E000722,2026-02-15,总装车间,L001,M001,夜班,5569.5,14.6,62.6,97.71
E000723,2026-02-15,焊装车间,L002,M003,白班,6593.3,9.2,48.4,140.28
E000724,2026-02-15,焊装车间,L002,M003,夜班,7849.3,19.0,84.9,137.71
E000725,2026-02-15,总装车间,L003,M003,白班,6227.0,15.5,70.2,129.73
E000726,2026-02-15,总装车间,L003,M003,夜班,6713.4,13.4,51.9,137.01
E000727,2026-02-15,涂装车间,L004,M002,白班,6366.3,15.5,39.7,135.45
E000728,2026-02-15,涂装车间,L004,M002,夜班,5499.1,9.4,34.5,119.55
E000729,2026-02-15,总装车间,L005,M006,白班,8277.2,6.0,24.3,258.66
E000730,2026-02-15,总装车间,L005,M006,夜班,9687.0,10.9,23.2,284.91
E000731,2026-02-15,焊装车间,L006,M006,白班,9558.6,9.9,20.3,258.34
E000732,2026-02-15,焊装车间,L006,M006,夜班,9519.1,9.4,24.1,288.46
E000733,2026-02-15,总装车间,L007,M008,白班,7629.2,8.4,23.5,231.19
E000734,2026-02-15,总装车间,L007,M007,夜班,6532.9,10.6,44.9,192.14
E000735,2026-02-15,检测车间,L008,M001,白班,4406.5,13.7,48.0,88.13
E000736,2026-02-15,检测车间,L008,M008,夜班,8982.0,13.2,35.9,199.6
E000737,2026-02-16,总装车间,L001,M001,白班,7295.1,17.6,77.7,98.58
E000738,2026-02-16,总装车间,L001,M002,夜班,10611.5,24.9,58.8,120.59
E000739,2026-02-16,焊装车间,L002,M003,白班,9270.1,22.5,71.3,134.35
E000740,2026-02-16,焊装车间,L002,M004,夜班,12075.7,23.7,56.2,158.89
E000741,2026-02-16,总装车间,L003,M004,白班,12744.8,18.4,59.3,163.39
E000742,2026-02-16,总装车间,L003,M004,夜班,10822.9,18.8,48.8,169.11
E000743,2026-02-16,涂装车间,L004,M002,白班,8289.4,22.6,50.0,127.53
E000744,2026-02-16,涂装车间,L004,M001,夜班,6246.2,17.4,81.7,107.69
E000745,2026-02-16,总装车间,L005,M005,白班,11991.2,16.2,45.3,235.12
E000746,2026-02-16,总装车间,L005,M006,夜班,12668.9,12.8,38.3,275.41
E000747,2026-02-16,焊装车间,L006,M005,白班,10884.6,14.9,47.9,247.38
E000748,2026-02-16,焊装车间,L006,M006,夜班,14729.2,17.2,38.4,294.58
E000749,2026-02-16,总装车间,L007,M007,白班,8349.7,14.3,42.4,189.77
E000750,2026-02-16,总装车间,L007,M008,夜班,10215.4,14.5,26.9,208.48
E000751,2026-02-16,检测车间,L008,M006,白班,15581.8,15.7,55.1,225.82
E000752,2026-02-16,检测车间,L008,M001,夜班,6153.7,14.6,88.2,89.18
E000753,2026-02-17,总装车间,L001,M002,白班,8114.0,14.2,42.2,114.28
E000754,2026-02-17,总装车间,L001,M001,夜班,9523.4,27.0,93.4,103.52
E000755,2026-02-17,焊装车间,L002,M004,白班,12656.1,20.1,48.4,162.26
E000756,2026-02-17,焊装车间,L002,M003,夜班,11235.8,20.4,78.1,138.71
E000757,2026-02-17,总装车间,L003,M004,白班,8995.5,17.6,35.5,149.93
E000758,2026-02-17,总装车间,L003,M003,夜班,7931.6,11.7,69.1,139.15
E000759,2026-02-17,涂装车间,L004,M002,白班,7536.5,16.1,47.0,137.03
E000760,2026-02-17,涂装车间,L004,M002,夜班,7490.1,11.5,46.7,133.75
E000761,2026-02-17,总装车间,L005,M006,白班,12718.2,13.3,31.0,249.38
E000762,2026-02-17,总装车间,L005,M006,夜班,14848.3,11.3,31.4,291.14
E000763,2026-02-17,焊装车间,L006,M006,白班,13797.1,17.4,27.0,255.5
E000764,2026-02-17,焊装车间,L006,M005,夜班,10240.5,13.7,68.3,222.62
E000765,2026-02-17,总装车间,L007,M008,白班,9655.9,8.5,32.7,235.51
E000766,2026-02-17,总装车间,L007,M007,夜班,8518.5,7.9,58.0,207.77
E000767,2026-02-17,检测车间,L008,M003,白班,9694.0,14.5,86.2,122.71
E000768,2026-02-17,检测车间,L008,M005,夜班,15459.3,16.7,75.0,203.41
E000769,2026-02-18,总装车间,L001,M002,白班,8365.0,20.4,65.9,110.07
E000770,2026-02-18,总装车间,L001,M002,夜班,9861.1,25.7,56.4,109.57
E000771,2026-02-18,焊装车间,L002,M003,白班,10307.5,19.1,102.7,141.2
E000772,2026-02-18,焊装车间,L002,M003,夜班,11508.7,20.4,117.0,151.43
E000773,2026-02-18,总装车间,L003,M003,白班,8277.4,14.3,81.1,137.96
E000774,2026-02-18,总装车间,L003,M004,夜班,9810.5,17.0,32.8,160.83
E000775,2026-02-18,涂装车间,L004,M001,白班,6709.4,15.8,79.5,104.83
E000776,2026-02-18,涂装车间,L004,M001,夜班,7020.9,19.1,80.6,113.24
E000777,2026-02-18,总装车间,L005,M005,白班,11355.3,9.5,74.0,236.57
E000778,2026-02-18,总装车间,L005,M005,夜班,11936.2,12.6,55.5,243.6
E000779,2026-02-18,焊装车间,L006,M006,白班,15081.5,16.6,40.6,290.03
E000780,2026-02-18,焊装车间,L006,M006,夜班,13437.0,13.3,43.5,268.74
E000781,2026-02-18,总装车间,L007,M007,白班,8192.1,13.5,45.2,182.05
E000782,2026-02-18,总装车间,L007,M007,夜班,9555.1,9.9,71.5,199.06
E000783,2026-02-18,检测车间,L008,M008,白班,12670.7,20.5,34.4,186.33
E000784,2026-02-18,检测车间,L008,M007,夜班,14432.0,14.5,98.5,173.88
E000785,2026-02-19,总装车间,L001,M001,白班,8483.2,23.2,131.9,98.64
E000786,2026-02-19,总装车间,L001,M001,夜班,8020.0,24.6,123.4,100.25
E000787,2026-02-19,焊装车间,L002,M004,白班,11736.2,22.1,38.1,163.0
E000788,2026-02-19,焊装车间,L002,M004,夜班,13203.8,25.6,57.9,165.05
E000789,2026-02-19,总装车间,L003,M004,白班,9959.8,22.0,52.5,144.34
E000790,2026-02-19,总装车间,L003,M004,夜班,9637.1,17.7,35.2,172.09
E000791,2026-02-19,涂装车间,L004,M001,白班,6732.9,20.0,87.9,103.58
E000792,2026-02-19,涂装车间,L004,M001,夜班,7599.2,20.0,102.3,108.56
E000793,2026-02-19,总装车间,L005,M006,白班,14588.0,17.4,47.5,243.13
E000794,2026-02-19,总装车间,L005,M006,夜班,15407.5,15.8,43.3,265.65
E000795,2026-02-19,焊装车间,L006,M006,白班,13082.8,13.0,35.9,284.41
E000796,2026-02-19,焊装车间,L006,M005,夜班,12038.6,11.4,67.0,250.8
E000797,2026-02-19,总装车间,L007,M007,白班,8115.1,8.7,58.4,208.08
E000798,2026-02-19,总装车间,L007,M008,夜班,10887.1,13.2,26.0,226.81
E000799,2026-02-19,检测车间,L008,M003,白班,9917.3,14.9,86.1,132.23
E000800,2026-02-19,检测车间,L008,M001,夜班,6770.7,21.8,106.3,91.5
E000801,2026-02-20,总装车间,L001,M002,白班,9022.5,23.7,47.2,117.18
E000802,2026-02-20,总装车间,L001,M002,夜班,9925.5,27.1,75.2,115.41
E000803,2026-02-20,焊装车间,L002,M003,白班,10789.8,17.1,70.0,138.33
E000804,2026-02-20,焊装车间,L002,M004,夜班,11491.4,19.7,49.2,168.99
E000805,2026-02-20,总装车间,L003,M003,白班,7918.8,17.2,70.9,123.73
E000806,2026-02-20,总装车间,L003,M004,夜班,10777.6,14.9,50.7,163.3
E000807,2026-02-20,涂装车间,L004,M002,白班,7092.1,21.7,41.6,114.39
E000808,2026-02-20,涂装车间,L004,M001,夜班,7468.8,13.8,57.6,118.55
E000809,2026-02-20,总装车间,L005,M005,白班,13203.4,18.7,66.9,231.64
E000810,2026-02-20,总装车间,L005,M006,夜班,15495.9,18.3,28.6,267.17
E000811,2026-02-20,焊装车间,L006,M006,白班,13231.3,13.5,31.4,270.03
E000812,2026-02-20,焊装车间,L006,M005,夜班,14810.0,12.6,72.9,255.34
E000813,2026-02-20,总装车间,L007,M008,白班,9626.9,11.1,21.4,223.88
E000814,2026-02-20,总装车间,L007,M008,夜班,11900.0,16.3,41.8,238.0
E000815,2026-02-20,检测车间,L008,M002,白班,7451.5,22.4,50.3,100.7
E000816,2026-02-20,检测车间,L008,M008,夜班,14673.5,16.7,53.0,203.8
E000817,2026-02-21,总装车间,L001,M001,白班,7130.0,15.2,107.0,96.35
E000818,2026-02-21,总装车间,L001,M002,夜班,7779.5,11.9,34.2,121.55
E000819,2026-02-21,焊装车间,L002,M004,白班,9757.2,14.5,43.4,168.23
E000820,2026-02-21,焊装车间,L002,M004,夜班,9938.6,17.8,49.5,150.58
E000821,2026-02-21,总装车间,L003,M004,白班,10584.1,17.5,38.5,160.37
E000822,2026-02-21,总装车间,L003,M003,夜班,9501.9,19.2,94.8,148.47
E000823,2026-02-21,涂装车间,L004,M001,白班,6095.8,16.6,49.6,117.23
E000824,2026-02-21,涂装车间,L004,M001,夜班,6659.3,22.0,79.5,107.41
E000825,2026-02-21,总装车间,L005,M005,白班,9686.1,14.5,42.3,215.25
E000826,2026-02-21,总装车间,L005,M005,夜班,10926.3,14.2,70.1,218.53
E000827,2026-02-21,焊装车间,L006,M005,白班,10131.3,10.1,39.6,247.1
E000828,2026-02-21,焊装车间,L006,M005,夜班,11555.7,10.8,62.9,245.87
E000829,2026-02-21,总装车间,L007,M007,白班,8367.8,9.5,43.3,204.09
E000830,2026-02-21,总装车间,L007,M008,夜班,8597.9,9.5,27.4,220.46
E000831,2026-02-21,检测车间,L008,M005,白班,14554.6,18.8,100.7,214.04
E000832,2026-02-21,检测车间,L008,M007,夜班,11165.0,11.5,68.0,189.24
E000833,2026-02-22,总装车间,L001,M002,白班,6222.7,18.2,36.2,107.29
E000834,2026-02-22,总装车间,L001,M002,夜班,6461.9,15.9,33.6,117.49
E000835,2026-02-22,焊装车间,L002,M004,白班,6683.8,14.0,30.8,159.14
E000836,2026-02-22,焊装车间,L002,M003,夜班,6521.1,8.5,58.9,148.21
E000837,2026-02-22,总装车间,L003,M004,白班,7387.5,13.1,24.3,160.6
E000838,2026-02-22,总装车间,L003,M003,夜班,6060.1,7.5,38.3,151.5
E000839,2026-02-22,涂装车间,L004,M001,白班,4812.5,10.2,39.8,111.92
E000840,2026-02-22,涂装车间,L004,M001,夜班,4188.1,8.5,37.3,116.34
E000841,2026-02-22,总装车间,L005,M006,白班,11453.2,7.7,23.8,279.35
E000842,2026-02-22,总装车间,L005,M006,夜班,10369.7,7.7,23.4,288.05
E000843,2026-02-22,焊装车间,L006,M005,白班,7616.3,8.0,31.2,224.01
E000844,2026-02-22,焊装车间,L006,M005,夜班,7817.1,10.6,38.9,229.91
E000845,2026-02-22,总装车间,L007,M008,白班,6350.7,8.1,16.1,218.99
E000846,2026-02-22,总装车间,L007,M007,夜班,7408.2,8.0,33.4,205.78
E000847,2026-02-22,检测车间,L008,M008,白班,8316.1,13.2,29.1,189.0
E000848,2026-02-22,检测车间,L008,M004,夜班,6380.7,9.0,32.3,135.76
E000849,2026-02-23,总装车间,L001,M001,白班,9093.9,19.0,101.2,99.93
E000850,2026-02-23,总装车间,L001,M001,夜班,9186.0,29.9,119.0,96.69
E000851,2026-02-23,焊装车间,L002,M003,白班,8918.1,15.9,65.0,135.12
E000852,2026-02-23,焊装车间,L002,M003,夜班,9422.4,18.8,92.5,147.22
E000853,2026-02-23,总装车间,L003,M004,白班,9889.6,13.5,45.7,143.33
E000854,2026-02-23,总装车间,L003,M004,夜班,9784.0,13.2,30.7,163.07
E000855,2026-02-23,涂装车间,L004,M001,白班,7091.5,22.3,89.3,110.8
E000856,2026-02-23,涂装车间,L004,M001,夜班,7209.7,20.4,59.6,112.65
E000857,2026-02-23,总装车间,L005,M005,白班,11611.7,15.0,45.8,236.97
E000858,2026-02-23,总装车间,L005,M006,夜班,14579.3,15.3,38.1,291.59
E000859,2026-02-23,焊装车间,L006,M005,白班,12570.2,12.5,62.5,251.4
E000860,2026-02-23,焊装车间,L006,M006,夜班,14786.2,17.0,33.5,289.93
E000861,2026-02-23,总装车间,L007,M008,白班,10614.1,12.2,28.7,230.74
E000862,2026-02-23,总装车间,L007,M007,夜班,9774.0,10.6,69.5,195.48
E000863,2026-02-23,检测车间,L008,M002,白班,7900.0,18.6,63.6,102.6
E000864,2026-02-23,检测车间,L008,M005,夜班,17611.9,22.9,129.4,209.67
E000865,2026-02-24,总装车间,L001,M001,白班,7328.1,23.0,89.0,97.71
E000866,2026-02-24,总装车间,L001,M001,夜班,7173.7,14.5,87.8,94.39
E000867,2026-02-24,焊装车间,L002,M003,白班,9082.7,12.9,55.8,141.92
E000868,2026-02-24,焊装车间,L002,M003,夜班,9007.5,14.6,85.2,138.58
E000869,2026-02-24,总装车间,L003,M003,白班,7248.7,18.1,76.6,127.17
E000870,2026-02-24,总装车间,L003,M004,夜班,8863.9,14.2,27.6,158.28
E000871,2026-02-24,涂装车间,L004,M002,白班,7278.7,17.6,43.6,134.79
E000872,2026-02-24,涂装车间,L004,M002,夜班,6972.0,18.7,39.7,126.76
E000873,2026-02-24,总装车间,L005,M006,白班,12476.8,11.9,40.1,259.93
E000874,2026-02-24,总装车间,L005,M006,夜班,13431.7,16.9,32.0,253.43
E000875,2026-02-24,焊装车间,L006,M006,白班,13907.6,16.8,44.1,267.45
E000876,2026-02-24,焊装车间,L006,M006,夜班,12678.0,15.3,30.9,281.73
E000877,2026-02-24,总装车间,L007,M007,白班,8827.4,12.4,64.1,187.82
E000878,2026-02-24,总装车间,L007,M008,夜班,11022.7,15.5,24.0,234.53
E000879,2026-02-24,检测车间,L008,M007,白班,13145.2,19.9,105.1,166.39
E000880,2026-02-24,检测车间,L008,M005,夜班,15868.0,20.5,118.4,206.08
E000881,2026-02-25,总装车间,L001,M002,白班,8154.1,15.7,58.0,104.54
E000882,2026-02-25,总装车间,L001,M001,夜班,8753.6,22.6,100.0,102.98
E000883,2026-02-25,焊装车间,L002,M004,白班,11495.4,23.2,49.9,147.38
E000884,2026-02-25,焊装车间,L002,M004,夜班,11606.2,21.1,59.1,170.68
E000885,2026-02-25,总装车间,L003,M003,白班,8685.7,13.1,91.3,135.71
E000886,2026-02-25,总装车间,L003,M003,夜班,7006.4,16.2,64.0,140.13
E000887,2026-02-25,涂装车间,L004,M001,白班,7729.6,22.6,97.1,113.67
E000888,2026-02-25,涂装车间,L004,M002,夜班,9070.1,16.8,46.7,127.75
E000889,2026-02-25,总装车间,L005,M005,白班,10446.9,11.6,48.0,208.94
E000890,2026-02-25,总装车间,L005,M006,夜班,14355.3,16.4,37.3,276.06
E000891,2026-02-25,焊装车间,L006,M005,白班,10609.0,14.4,45.0,230.63
E000892,2026-02-25,焊装车间,L006,M005,夜班,11171.7,11.9,68.2,232.74
E000893,2026-02-25,总装车间,L007,M008,白班,8921.2,13.5,26.1,212.41
E000894,2026-02-25,总装车间,L007,M007,夜班,10275.9,13.1,52.7,214.08
E000895,2026-02-25,检测车间,L008,M003,白班,10469.8,17.8,93.1,132.53
E000896,2026-02-25,检测车间,L008,M007,夜班,13282.7,18.2,76.0,168.14
E000897,2026-02-26,总装车间,L001,M001,白班,7961.8,16.0,76.5,91.51
E000898,2026-02-26,总装车间,L001,M001,夜班,9180.3,18.2,140.1,99.79
E000899,2026-02-26,焊装车间,L002,M003,白班,9459.6,17.5,97.4,143.33
E000900,2026-02-26,焊装车间,L002,M004,夜班,11310.0,16.6,50.0,174.0
E000901,2026-02-26,总装车间,L003,M003,白班,9638.8,13.2,72.9,146.04
E000902,2026-02-26,总装车间,L003,M003,夜班,8490.7,17.1,67.0,143.91
E000903,2026-02-26,涂装车间,L004,M001,白班,7036.6,16.4,94.5,108.26
E000904,2026-02-26,涂装车间,L004,M001,夜班,6312.1,16.9,77.0,116.89
E000905,2026-02-26,总装车间,L005,M005,白班,10182.5,9.8,68.6,221.36
E000906,2026-02-26,总装车间,L005,M006,夜班,12779.5,12.7,31.9,260.81
E000907,2026-02-26,焊装车间,L006,M005,白班,11727.0,9.7,55.3,234.54
E000908,2026-02-26,焊装车间,L006,M006,夜班,12965.6,9.1,38.8,281.86
E000909,2026-02-26,总装车间,L007,M008,白班,11002.9,13.6,43.8,220.06
E000910,2026-02-26,总装车间,L007,M008,夜班,11614.6,12.0,40.7,241.97
E000911,2026-02-26,检测车间,L008,M006,白班,18886.2,18.8,48.9,248.5
E000912,2026-02-26,检测车间,L008,M005,夜班,15001.2,16.5,100.7,227.29
E000913,2026-02-27,总装车间,L001,M002,白班,10376.9,21.3,67.2,119.27
E000914,2026-02-27,总装车间,L001,M002,夜班,9052.8,25.3,62.3,111.76
E000915,2026-02-27,焊装车间,L002,M004,白班,12432.7,14.5,37.3,165.77
E000916,2026-02-27,焊装车间,L002,M004,夜班,12773.1,21.1,63.2,168.07
E000917,2026-02-27,总装车间,L003,M004,白班,9856.8,15.0,51.6,154.01
E000918,2026-02-27,总装车间,L003,M003,夜班,9241.5,16.8,79.1,144.4
E000919,2026-02-27,涂装车间,L004,M002,白班,7143.7,12.1,45.3,123.17
E000920,2026-02-27,涂装车间,L004,M001,夜班,6811.3,19.8,102.2,103.2
E000921,2026-02-27,总装车间,L005,M006,白班,13282.8,16.5,26.5,260.45
E000922,2026-02-27,总装车间,L005,M006,夜班,14019.9,13.8,32.8,274.9
E000923,2026-02-27,焊装车间,L006,M005,白班,10502.4,12.5,45.9,228.31
E000924,2026-02-27,焊装车间,L006,M005,夜班,12509.5,14.1,73.4,245.28
E000925,2026-02-27,总装车间,L007,M008,白班,9380.8,13.7,27.8,223.35
E000926,2026-02-27,总装车间,L007,M008,夜班,9492.9,9.5,24.1,220.77
E000927,2026-02-27,检测车间,L008,M001,白班,6246.4,12.6,66.6,94.64
E000928,2026-02-27,检测车间,L008,M001,夜班,6707.4,15.5,70.5,97.21
E000929,2026-02-28,总装车间,L001,M002,白班,6905.7,12.4,32.2,106.24
E000930,2026-02-28,总装车间,L001,M002,夜班,8314.0,16.8,41.5,113.89
E000931,2026-02-28,焊装车间,L002,M004,白班,10581.9,13.7,57.1,160.33
E000932,2026-02-28,焊装车间,L002,M004,夜班,9870.3,19.3,50.1,170.18
E000933,2026-02-28,总装车间,L003,M003,白班,6730.7,12.3,54.5,129.44
E000934,2026-02-28,总装车间,L003,M004,夜班,8075.9,10.2,38.2,171.83
E000935,2026-02-28,涂装车间,L004,M002,白班,7112.8,16.5,30.2,131.72
E000936,2026-02-28,涂装车间,L004,M002,夜班,6857.7,11.5,40.4,131.88
E000937,2026-02-28,总装车间,L005,M006,白班,11644.5,13.6,35.8,247.76
E000938,2026-02-28,总装车间,L005,M005,夜班,11945.7,11.1,66.7,238.91
E000939,2026-02-28,焊装车间,L006,M006,白班,12486.6,14.7,36.9,283.79
E000940,2026-02-28,焊装车间,L006,M005,夜班,10694.4,9.2,42.8,243.05
E000941,2026-02-28,总装车间,L007,M007,白班,7998.6,10.9,44.9,199.97
E000942,2026-02-28,总装车间,L007,M008,夜班,9538.7,10.0,34.5,238.47
E000943,2026-02-28,检测车间,L008,M001,白班,6524.9,12.6,72.2,95.95
E000944,2026-02-28,检测车间,L008,M006,夜班,16234.2,19.1,33.3,249.76
E000945,2026-03-01,总装车间,L001,M002,白班,7089.0,14.9,33.9,107.41
E000946,2026-03-01,总装车间,L001,M002,夜班,6145.7,13.8,47.1,109.74
E000947,2026-03-01,焊装车间,L002,M004,白班,8210.6,15.4,31.9,164.21
E000948,2026-03-01,焊装车间,L002,M003,夜班,6842.3,14.4,49.3,145.58
E000949,2026-03-01,总装车间,L003,M004,白班,6317.9,10.8,21.9,146.93
E000950,2026-03-01,总装车间,L003,M003,夜班,5517.1,7.1,42.1,145.19
E000951,2026-03-01,涂装车间,L004,M002,白班,6149.7,15.2,32.5,136.66
E000952,2026-03-01,涂装车间,L004,M002,夜班,5688.9,13.0,26.9,123.67
E000953,2026-03-01,总装车间,L005,M005,白班,8864.4,11.7,37.6,233.27
E000954,2026-03-01,总装车间,L005,M006,夜班,10464.3,7.7,21.7,268.32
E000955,2026-03-01,焊装车间,L006,M006,白班,11892.9,14.4,33.0,276.58
E000956,2026-03-01,焊装车间,L006,M006,夜班,10632.6,10.4,20.5,295.35
E000957,2026-03-01,总装车间,L007,M008,白班,6466.6,6.8,20.9,215.55
E000958,2026-03-01,总装车间,L007,M008,夜班,8475.7,8.8,18.0,235.44
E000959,2026-03-01,检测车间,L008,M003,白班,7480.6,16.2,48.9,136.01
E000960,2026-03-01,检测车间,L008,M005,夜班,12831.8,12.9,61.6,221.24
E000961,2026-03-02,总装车间,L001,M002,白班,10882.3,23.3,78.5,117.01
E000962,2026-03-02,总装车间,L001,M002,夜班,9667.9,18.0,74.9,112.42
E000963,2026-03-02,焊装车间,L002,M003,白班,10199.6,15.2,107.0,145.71
E000964,2026-03-02,焊装车间,L002,M004,夜班,13474.6,22.6,56.2,166.35
E000965,2026-03-02,总装车间,L003,M003,白班,9808.2,12.9,107.6,140.12
E000966,2026-03-02,总装车间,L003,M003,夜班,9477.9,17.5,74.1,143.6
E000967,2026-03-02,涂装车间,L004,M001,白班,6690.4,13.7,58.1,106.2
E000968,2026-03-02,涂装车间,L004,M001,夜班,5960.3,11.9,51.1,102.76
E000969,2026-03-02,总装车间,L005,M005,白班,13637.7,14.0,63.2,231.15
E000970,2026-03-02,总装车间,L005,M005,夜班,13947.7,13.2,86.7,240.48
E000971,2026-03-02,焊装车间,L006,M005,白班,12387.6,13.2,83.1,221.21
E000972,2026-03-02,焊装车间,L006,M005,夜班,11800.5,15.4,63.5,236.01
E000973,2026-03-02,总装车间,L007,M008,白班,9014.2,12.3,36.1,214.62
E000974,2026-03-02,总装车间,L007,M007,夜班,10011.5,15.1,66.7,213.01
E000975,2026-03-02,检测车间,L008,M006,白班,20203.9,18.6,61.2,243.42
E000976,2026-03-02,检测车间,L008,M006,夜班,22564.5,19.8,70.4,259.36
E000977,2026-03-03,总装车间,L001,M001,白班,8867.3,17.0,104.7,98.53
E000978,2026-03-03,总装车间,L001,M001,夜班,9114.3,18.8,95.5,103.57
E000979,2026-03-03,焊装车间,L002,M004,白班,11838.8,17.1,54.1,166.74
E000980,2026-03-03,焊装车间,L002,M004,夜班,13102.1,18.2,42.8,165.85
E000981,2026-03-03,总装车间,L003,M004,白班,10597.4,15.9,36.5,145.17
E000982,2026-03-03,总装车间,L003,M004,夜班,9844.7,16.9,38.8,172.71
E000983,2026-03-03,涂装车间,L004,M001,白班,7713.7,22.9,75.1,115.13
E000984,2026-03-03,涂装车间,L004,M001,夜班,6943.4,22.2,77.3,110.21
E000985,2026-03-03,总装车间,L005,M006,白班,12722.9,13.6,41.7,259.65
E000986,2026-03-03,总装车间,L005,M005,夜班,12023.6,10.5,82.4,222.66
E000987,2026-03-03,焊装车间,L006,M005,白班,13813.6,16.2,67.7,242.34
E000988,2026-03-03,焊装车间,L006,M005,夜班,12983.2,15.6,69.1,240.43
E000989,2026-03-03,总装车间,L007,M008,白班,9377.3,8.6,30.0,223.27
E000990,2026-03-03,总装车间,L007,M007,夜班,10383.6,12.7,57.7,216.33
E000991,2026-03-03,检测车间,L008,M006,白班,17217.2,13.5,41.0,226.54
E000992,2026-03-03,检测车间,L008,M002,夜班,7310.7,16.4,48.2,105.95
E000993,2026-03-04,总装车间,L001,M002,白班,10865.6,26.5,79.3,112.02
E000994,2026-03-04,总装车间,L001,M002,夜班,10394.6,17.5,69.6,118.12
E000995,2026-03-04,焊装车间,L002,M004,白班,12635.3,20.9,51.3,155.99
E000996,2026-03-04,焊装车间,L002,M004,夜班,11579.2,15.3,43.5,156.48
E000997,2026-03-04,总装车间,L003,M003,白班,9994.3,24.0,81.3,126.51
E000998,2026-03-04,总装车间,L003,M004,夜班,8928.0,15.4,36.0,153.93
E000999,2026-03-04,涂装车间,L004,M002,白班,7558.0,13.4,50.4,130.31
E001000,2026-03-04,涂装车间,L004,M002,夜班,9292.8,21.0,48.5,138.7
E001001,2026-03-04,总装车间,L005,M006,白班,16910.8,19.6,42.5,277.23
E001002,2026-03-04,总装车间,L005,M005,夜班,11556.1,9.8,50.0,240.75
E001003,2026-03-04,焊装车间,L006,M006,白班,14058.0,13.5,31.7,286.9
E001004,2026-03-04,焊装车间,L006,M006,夜班,14673.9,18.4,42.1,262.03
E001005,2026-03-04,总装车间,L007,M008,白班,9949.6,9.8,30.5,231.39
E001006,2026-03-04,总装车间,L007,M007,夜班,9325.5,15.4,72.3,186.51
E001007,2026-03-04,检测车间,L008,M008,白班,15682.0,14.2,48.4,196.03
E001008,2026-03-04,检测车间,L008,M001,夜班,6811.5,17.5,106.0,94.6
E001009,2026-03-05,总装车间,L001,M001,白班,7956.6,20.2,115.0,88.41
E001010,2026-03-05,总装车间,L001,M002,夜班,10360.0,23.2,62.1,121.88
E001011,2026-03-05,焊装车间,L002,M004,白班,12248.6,22.6,53.4,159.07
E001012,2026-03-05,焊装车间,L002,M004,夜班,12841.8,22.5,66.3,152.88
E001013,2026-03-05,总装车间,L003,M003,白班,9270.3,13.2,56.2,147.15
E001014,2026-03-05,总装车间,L003,M004,夜班,10527.5,19.4,38.5,157.13
E001015,2026-03-05,涂装车间,L004,M001,白班,6545.8,13.3,70.0,112.86
E001016,2026-03-05,涂装车间,L004,M002,夜班,8699.2,18.3,45.4,129.84
E001017,2026-03-05,总装车间,L005,M006,白班,14383.8,15.6,43.1,271.39
E001018,2026-03-05,总装车间,L005,M006,夜班,17514.0,17.0,52.2,273.66
E001019,2026-03-05,焊装车间,L006,M006,白班,14255.2,14.1,45.6,274.14
E001020,2026-03-05,焊装车间,L006,M005,夜班,12111.6,14.2,74.1,242.23
E001021,2026-03-05,总装车间,L007,M008,白班,10884.9,16.8,30.8,217.7
E001022,2026-03-05,总装车间,L007,M008,夜班,10572.7,10.9,30.2,211.45
E001023,2026-03-05,检测车间,L008,M008,白班,12044.5,17.2,53.9,185.3
E001024,2026-03-05,检测车间,L008,M002,夜班,8738.6,22.7,48.8,102.81
E001025,2026-03-06,总装车间,L001,M002,白班,9721.4,19.1,49.0,114.37
E001026,2026-03-06,总装车间,L001,M001,夜班,9928.8,29.4,115.1,102.36
E001027,2026-03-06,焊装车间,L002,M004,白班,14488.4,18.2,55.3,168.47
E001028,2026-03-06,焊装车间,L002,M004,夜班,13236.4,26.3,62.4,153.91
E001029,2026-03-06,总装车间,L003,M003,白班,9136.7,19.5,94.2,136.37
E001030,2026-03-06,总装车间,L003,M003,夜班,9634.0,13.2,99.2,141.68
E001031,2026-03-06,涂装车间,L004,M001,白班,6666.2,20.3,77.2,107.52
E001032,2026-03-06,涂装车间,L004,M001,夜班,7008.9,14.8,72.0,114.9
E001033,2026-03-06,总装车间,L005,M006,白班,13154.2,10.1,39.1,257.93
E001034,2026-03-06,总装车间,L005,M005,夜班,13222.1,18.6,71.8,224.1
E001035,2026-03-06,焊装车间,L006,M005,白班,11749.9,13.5,70.8,225.96
E001036,2026-03-06,焊装车间,L006,M005,夜班,11453.0,13.5,68.5,248.98
E001037,2026-03-06,总装车间,L007,M008,白班,10103.7,14.2,41.5,206.2
E001038,2026-03-06,总装车间,L007,M007,夜班,9298.5,14.1,52.8,206.63
E001039,2026-03-06,检测车间,L008,M001,白班,7198.5,14.8,88.8,95.98
E001040,2026-03-06,检测车间,L008,M004,夜班,11547.1,14.7,61.6,149.96
E001041,2026-03-07,总装车间,L001,M002,白班,8658.4,18.5,56.7,105.59
E001042,2026-03-07,总装车间,L001,M002,夜班,10165.7,18.4,62.9,118.21
E001043,2026-03-07,焊装车间,L002,M003,白班,10491.0,17.6,85.0,143.71
E001044,2026-03-07,焊装车间,L002,M004,夜班,12481.6,14.8,47.3,164.23
E001045,2026-03-07,总装车间,L003,M003,白班,9591.8,19.4,73.5,143.16
E001046,2026-03-07,总装车间,L003,M004,夜班,8807.6,13.7,41.6,157.28
E001047,2026-03-07,涂装车间,L004,M002,白班,7567.8,17.3,45.6,118.25
E001048,2026-03-07,涂装车间,L004,M002,夜班,7898.7,23.1,52.3,119.68
E001049,2026-03-07,总装车间,L005,M006,白班,12299.5,10.5,37.6,256.24
E001050,2026-03-07,总装车间,L005,M006,夜班,12162.2,9.5,37.4,264.4
E001051,2026-03-07,焊装车间,L006,M005,白班,12381.7,13.9,68.4,247.63
E001052,2026-03-07,焊装车间,L006,M005,夜班,10552.1,12.3,39.7,234.49
E001053,2026-03-07,总装车间,L007,M007,白班,7849.4,12.9,60.6,182.54
E001054,2026-03-07,总装车间,L007,M007,夜班,8129.2,9.6,52.6,189.05
E001055,2026-03-07,检测车间,L008,M004,白班,10139.1,14.6,41.6,153.62
E001056,2026-03-07,检测车间,L008,M006,夜班,14950.9,12.2,35.5,237.32
E001057,2026-03-08,总装车间,L001,M002,白班,6033.1,12.4,39.1,113.83
E001058,2026-03-08,总装车间,L001,M001,夜班,5686.3,12.8,49.1,103.39
E001059,2026-03-08,焊装车间,L002,M003,白班,8350.5,17.0,63.9,149.12
E001060,2026-03-08,焊装车间,L002,M004,夜班,7947.9,16.7,36.4,152.84
E001061,2026-03-08,总装车间,L003,M003,白班,7475.4,14.4,59.5,135.92
E001062,2026-03-08,总装车间,L003,M003,夜班,7446.0,16.4,63.3,146.0
E001063,2026-03-08,涂装车间,L004,M002,白班,5835.3,12.9,32.5,124.16
E001064,2026-03-08,涂装车间,L004,M001,夜班,5104.2,14.9,71.1,106.34
E001065,2026-03-08,总装车间,L005,M006,白班,8803.5,10.2,29.4,244.54
E001066,2026-03-08,总装车间,L005,M006,夜班,10232.5,10.3,29.5,262.37
E001067,2026-03-08,焊装车间,L006,M005,白班,8775.8,9.0,42.0,243.77
E001068,2026-03-08,焊装车间,L006,M005,夜班,8944.4,12.6,49.5,229.34
E001069,2026-03-08,总装车间,L007,M008,白班,6646.6,7.9,16.4,214.41
E001070,2026-03-08,总装车间,L007,M007,夜班,8034.8,10.4,35.1,206.02
E001071,2026-03-08,检测车间,L008,M005,白班,11368.0,15.0,86.0,196.0
E001072,2026-03-08,检测车间,L008,M001,夜班,4700.0,10.1,69.5,94.0
E001073,2026-03-09,总装车间,L001,M001,白班,7355.2,24.3,94.8,94.3
E001074,2026-03-09,总装车间,L001,M001,夜班,8807.9,16.8,98.7,102.42
E001075,2026-03-09,焊装车间,L002,M004,白班,13453.8,16.6,54.6,160.16
E001076,2026-03-09,焊装车间,L002,M003,夜班,10275.8,20.8,85.2,140.76
E001077,2026-03-09,总装车间,L003,M003,白班,9539.6,13.4,92.3,136.28
E001078,2026-03-09,总装车间,L003,M004,夜班,9201.3,18.5,33.9,150.84
E001079,2026-03-09,涂装车间,L004,M002,白班,7809.6,13.9,56.1,120.15
E001080,2026-03-09,涂装车间,L004,M001,夜班,7086.7,15.2,59.4,107.37
E001081,2026-03-09,总装车间,L005,M006,白班,14164.8,17.4,44.3,257.54
E001082,2026-03-09,总装车间,L005,M006,夜班,14101.6,11.7,45.1,251.81
E001083,2026-03-09,焊装车间,L006,M006,白班,13115.8,13.9,37.8,273.25
E001084,2026-03-09,焊装车间,L006,M005,夜班,14212.6,17.9,66.4,240.89
E001085,2026-03-09,总装车间,L007,M007,白班,9574.7,13.6,48.5,184.13
E001086,2026-03-09,总装车间,L007,M007,夜班,9120.9,14.2,47.6,186.14
E001087,2026-03-09,检测车间,L008,M006,白班,15913.4,12.5,34.0,248.65
E001088,2026-03-09,检测车间,L008,M006,夜班,17409.9,17.0,58.3,248.71
E001089,2026-03-10,总装车间,L001,M001,白班,9088.3,24.7,142.5,94.67
E001090,2026-03-10,总装车间,L001,M001,夜班,8874.0,21.7,113.0,105.64
E001091,2026-03-10,焊装车间,L002,M003,白班,9321.2,17.4,106.0,133.16
E001092,2026-03-10,焊装车间,L002,M004,夜班,12011.8,19.6,61.4,164.55
E001093,2026-03-10,总装车间,L003,M003,白班,8126.3,15.7,57.0,131.07
E001094,2026-03-10,总装车间,L003,M003,夜班,9433.1,18.7,74.0,142.93
E001095,2026-03-10,涂装车间,L004,M001,白班,6517.9,14.6,68.2,106.85
E001096,2026-03-10,涂装车间,L004,M002,夜班,8723.7,20.9,34.0,130.2
E001097,2026-03-10,总装车间,L005,M005,白班,11210.1,16.0,53.3,219.81
E001098,2026-03-10,总装车间,L005,M006,夜班,15630.1,15.6,42.8,256.23
E001099,2026-03-10,焊装车间,L006,M005,白班,12245.5,13.0,50.5,249.91
E001100,2026-03-10,焊装车间,L006,M005,夜班,14573.8,16.4,57.4,251.27
E001101,2026-03-10,总装车间,L007,M007,白班,8318.2,10.1,49.2,180.83
E001102,2026-03-10,总装车间,L007,M008,夜班,13007.1,12.2,41.9,236.49
E001103,2026-03-10,检测车间,L008,M001,白班,7718.4,16.9,98.6,94.13
E001104,2026-03-10,检测车间,L008,M007,夜班,12209.2,13.9,68.6,179.55
E001105,2026-03-11,总装车间,L001,M001,白班,8764.7,21.4,81.4,98.48
E001106,2026-03-11,总装车间,L001,M001,夜班,8362.1,16.0,123.2,103.24
E001107,2026-03-11,焊装车间,L002,M004,白班,10598.4,15.0,40.9,168.23
E001108,2026-03-11,焊装车间,L002,M004,夜班,11748.1,19.8,56.9,150.62
E001109,2026-03-11,总装车间,L003,M003,白班,10330.6,18.6,77.8,139.6
E001110,2026-03-11,总装车间,L003,M004,夜班,9546.7,16.1,39.2,170.48
E001111,2026-03-11,涂装车间,L004,M002,白班,8409.6,20.8,48.8,127.42
E001112,2026-03-11,涂装车间,L004,M002,夜班,7029.0,18.2,39.2,121.19
E001113,2026-03-11,总装车间,L005,M005,白班,12637.3,13.7,57.9,225.67
E001114,2026-03-11,总装车间,L005,M006,夜班,15824.0,15.0,39.6,272.83
E001115,2026-03-11,焊装车间,L006,M005,白班,11551.9,17.3,78.2,217.96
E001116,2026-03-11,焊装车间,L006,M006,夜班,12496.1,13.0,25.9,260.34
E001117,2026-03-11,总装车间,L007,M008,白班,12335.5,13.4,46.8,228.44
E001118,2026-03-11,总装车间,L007,M008,夜班,10827.5,16.1,29.9,212.3
E001119,2026-03-11,检测车间,L008,M006,白班,17903.8,19.7,50.9,245.26
E001120,2026-03-11,检测车间,L008,M001,夜班,6891.2,22.2,102.3,94.4
E001121,2026-03-12,总装车间,L001,M001,白班,8533.4,18.5,104.1,92.75
E001122,2026-03-12,总装车间,L001,M002,夜班,10904.2,27.6,75.9,114.78
E001123,2026-03-12,焊装车间,L002,M004,白班,10510.5,21.1,39.7,152.33
E001124,2026-03-12,焊装车间,L002,M004,夜班,12700.3,22.0,42.4,173.98
E001125,2026-03-12,总装车间,L003,M003,白班,9867.7,17.0,79.0,145.11
E001126,2026-03-12,总装车间,L003,M003,夜班,8227.5,10.4,81.8,146.92
E001127,2026-03-12,涂装车间,L004,M002,白班,7005.5,19.6,33.1,114.84
E001128,2026-03-12,涂装车间,L004,M002,夜班,8511.2,19.4,45.5,132.99
E001129,2026-03-12,总装车间,L005,M005,白班,13271.6,17.0,53.8,232.84
E001130,2026-03-12,总装车间,L005,M005,夜班,12086.2,10.2,76.5,236.98
E001131,2026-03-12,焊装车间,L006,M005,白班,11509.3,16.7,62.7,230.19
E001132,2026-03-12,焊装车间,L006,M005,夜班,12917.7,11.5,59.9,248.42
E001133,2026-03-12,总装车间,L007,M007,白班,9109.6,15.0,40.8,202.44
E001134,2026-03-12,总装车间,L007,M007,夜班,9695.9,12.1,66.5,210.78
E001135,2026-03-12,检测车间,L008,M003,白班,10666.7,22.5,128.7,119.85
E001136,2026-03-12,检测车间,L008,M002,夜班,8868.2,14.0,54.3,116.69
E001137,2026-03-13,总装车间,L001,M002,白班,9178.3,22.5,44.1,110.58
E001138,2026-03-13,总装车间,L001,M001,夜班,9567.6,20.3,134.2,106.31
E001139,2026-03-13,焊装车间,L002,M003,白班,11495.1,25.4,113.7,140.18
E001140,2026-03-13,焊装车间,L002,M003,夜班,9568.6,16.6,99.9,142.81
E001141,2026-03-13,总装车间,L003,M004,白班,9362.3,17.5,31.9,144.04
E001142,2026-03-13,总装车间,L003,M004,夜班,10049.5,19.0,47.8,164.75
E001143,2026-03-13,涂装车间,L004,M001,白班,7999.8,24.5,64.9,109.59
E001144,2026-03-13,涂装车间,L004,M002,夜班,9333.1,18.0,53.8,131.45
E001145,2026-03-13,总装车间,L005,M005,白班,11737.4,13.3,83.8,217.36
E001146,2026-03-13,总装车间,L005,M006,夜班,14806.5,13.4,41.4,269.21
E001147,2026-03-13,焊装车间,L006,M005,白班,13185.2,18.9,73.4,239.73
E001148,2026-03-13,焊装车间,L006,M006,夜班,13398.5,16.2,44.9,257.66
E001149,2026-03-13,总装车间,L007,M008,白班,10263.1,12.7,30.2,205.26
E001150,2026-03-13,总装车间,L007,M008,夜班,11252.1,12.6,35.8,229.63
E001151,2026-03-13,检测车间,L008,M007,白班,12357.6,20.9,75.9,176.54
E001152,2026-03-13,检测车间,L008,M007,夜班,12943.8,16.2,60.1,190.35
E001153,2026-03-14,总装车间,L001,M002,白班,7951.5,17.9,55.3,110.44
E001154,2026-03-14,总装车间,L001,M001,夜班,6766.8,17.6,73.9,93.98
E001155,2026-03-14,焊装车间,L002,M004,白班,12097.7,25.0,47.1,151.22
E001156,2026-03-14,焊装车间,L002,M004,夜班,11303.9,17.0,40.1,163.82
E001157,2026-03-14,总装车间,L003,M003,白班,8727.1,14.3,65.5,138.53
E001158,2026-03-14,总装车间,L003,M003,夜班,8546.6,17.9,82.2,152.62
E001159,2026-03-14,涂装车间,L004,M002,白班,7801.5,15.6,55.6,118.2
E001160,2026-03-14,涂装车间,L004,M001,夜班,5920.1,13.0,66.5,105.72
E001161,2026-03-14,总装车间,L005,M006,白班,12594.3,16.3,40.5,246.95
E001162,2026-03-14,总装车间,L005,M006,夜班,14022.7,10.4,24.4,286.18
E001163,2026-03-14,焊装车间,L006,M006,白班,14598.9,17.1,37.8,260.69
E001164,2026-03-14,焊装车间,L006,M005,夜班,12020.2,11.4,53.1,240.4
E001165,2026-03-14,总装车间,L007,M008,白班,8527.3,11.4,28.7,224.4
E001166,2026-03-14,总装车间,L007,M008,夜班,10526.0,14.1,36.4,233.91
E001167,2026-03-14,检测车间,L008,M005,白班,15168.1,15.5,64.0,207.78
E001168,2026-03-14,检测车间,L008,M007,夜班,12421.8,18.8,95.5,182.67
E001169,2026-03-15,总装车间,L001,M001,白班,5955.7,12.2,64.0,93.06
E001170,2026-03-15,总装车间,L001,M002,夜班,6910.9,11.2,42.1,117.13
E001171,2026-03-15,焊装车间,L002,M004,白班,7992.9,11.8,42.5,153.71
E001172,2026-03-15,焊装车间,L002,M004,夜班,7832.2,9.6,34.2,163.17
E001173,2026-03-15,总装车间,L003,M004,白班,7323.3,9.7,31.7,149.46
E001174,2026-03-15,总装车间,L003,M004,夜班,6992.2,9.7,28.4,166.48
E001175,2026-03-15,涂装车间,L004,M002,白班,6788.5,13.2,43.5,130.55
E001176,2026-03-15,涂装车间,L004,M002,夜班,6050.5,10.1,25.3,126.05
E001177,2026-03-15,总装车间,L005,M005,白班,8755.9,12.2,33.9,230.42
E001178,2026-03-15,总装车间,L005,M005,夜班,8862.3,9.6,56.9,221.56
E001179,2026-03-15,焊装车间,L006,M006,白班,9780.7,10.0,28.6,287.67
E001180,2026-03-15,焊装车间,L006,M005,夜班,7588.3,11.3,51.8,223.19
E001181,2026-03-15,总装车间,L007,M008,白班,6891.0,8.0,14.8,229.7
E001182,2026-03-15,总装车间,L007,M008,夜班,8506.1,11.7,30.2,229.89
E001183,2026-03-15,检测车间,L008,M001,白班,5373.3,12.5,55.3,92.64
E001184,2026-03-15,检测车间,L008,M008,夜班,11760.3,16.7,42.7,210.01
E001185,2026-03-16,总装车间,L001,M001,白班,9288.4,27.1,124.5,98.81
E001186,2026-03-16,总装车间,L001,M002,夜班,8110.5,18.7,57.4,109.6
E001187,2026-03-16,焊装车间,L002,M004,白班,11310.6,15.6,49.5,166.33
E001188,2026-03-16,焊装车间,L002,M004,夜班,10838.4,16.5,57.3,157.08
E001189,2026-03-16,总装车间,L003,M003,白班,10656.7,14.0,87.1,145.98
E001190,2026-03-16,总装车间,L003,M004,夜班,9471.4,19.3,32.8,157.86
E001191,2026-03-16,涂装车间,L004,M002,白班,7571.2,15.6,46.0,118.3
E001192,2026-03-16,涂装车间,L004,M002,夜班,7593.9,12.2,41.9,130.93
E001193,2026-03-16,总装车间,L005,M006,白班,13307.5,11.9,29.0,260.93
E001194,2026-03-16,总装车间,L005,M006,夜班,13021.7,15.4,33.7,255.33
E001195,2026-03-16,焊装车间,L006,M006,白班,14181.4,13.7,33.5,283.63
E001196,2026-03-16,焊装车间,L006,M005,夜班,13271.9,15.1,82.8,224.95
E001197,2026-03-16,总装车间,L007,M007,白班,8761.1,9.3,40.7,186.41
E001198,2026-03-16,总装车间,L007,M007,夜班,10031.1,11.9,46.3,208.98
E001199,2026-03-16,检测车间,L008,M002,白班,8534.3,18.1,46.8,110.84
E001200,2026-03-16,检测车间,L008,M004,夜班,10846.6,14.4,60.9,142.72
E001201,2026-03-17,总装车间,L001,M001,白班,7989.4,18.4,78.8,90.79
E001202,2026-03-17,总装车间,L001,M001,夜班,8179.8,21.9,98.3,96.23
E001203,2026-03-17,焊装车间,L002,M003,白班,10820.1,25.9,81.2,131.95
E001204,2026-03-17,焊装车间,L002,M004,夜班,12984.0,19.7,44.4,166.46
E001205,2026-03-17,总装车间,L003,M004,白班,11378.2,24.6,57.9,145.87
E001206,2026-03-17,总装车间,L003,M004,夜班,10874.1,17.8,37.3,162.3
E001207,2026-03-17,涂装车间,L004,M002,白班,8436.9,17.9,51.6,125.92
E001208,2026-03-17,涂装车间,L004,M001,夜班,7628.4,25.2,75.1,105.95
E001209,2026-03-17,总装车间,L005,M006,白班,15501.5,11.5,43.6,262.74
E001210,2026-03-17,总装车间,L005,M005,夜班,11392.3,13.4,58.0,232.5
E001211,2026-03-17,焊装车间,L006,M006,白班,16745.2,13.8,34.3,288.71
E001212,2026-03-17,焊装车间,L006,M005,夜班,11766.9,13.0,73.2,235.34
E001213,2026-03-17,总装车间,L007,M007,白班,9646.6,12.9,60.0,178.64
E001214,2026-03-17,总装车间,L007,M007,夜班,8962.2,13.2,53.0,203.69
E001215,2026-03-17,检测车间,L008,M004,白班,11594.0,23.2,65.6,148.64
E001216,2026-03-17,检测车间,L008,M003,夜班,10681.6,13.5,82.6,138.72
E001217,2026-03-18,总装车间,L001,M002,白班,10062.2,17.9,46.7,119.79
E001218,2026-03-18,总装车间,L001,M001,夜班,9576.9,21.3,140.6,101.88
E001219,2026-03-18,焊装车间,L002,M003,白班,11516.3,21.6,88.3,130.87
E001220,2026-03-18,焊装车间,L002,M003,夜班,11305.4,23.6,115.7,141.32
E001221,2026-03-18,总装车间,L003,M003,白班,10678.3,19.2,98.1,130.22
E001222,2026-03-18,总装车间,L003,M003,夜班,10522.0,22.5,74.9,150.31
E001223,2026-03-18,涂装车间,L004,M002,白班,7736.9,14.2,49.8,120.89
E001224,2026-03-18,涂装车间,L004,M002,夜班,8992.6,18.9,49.5,119.9
E001225,2026-03-18,总装车间,L005,M006,白班,12750.9,10.3,33.4,250.02
E001226,2026-03-18,总装车间,L005,M006,夜班,15612.8,17.6,40.1,264.62
E001227,2026-03-18,焊装车间,L006,M006,白班,12814.9,11.2,30.7,261.53
E001228,2026-03-18,焊装车间,L006,M006,夜班,12413.6,9.2,30.7,269.86
E001229,2026-03-18,总装车间,L007,M007,白班,8311.0,8.3,48.3,202.71
E001230,2026-03-18,总装车间,L007,M008,夜班,11730.9,14.6,29.4,230.02
E001231,2026-03-18,检测车间,L008,M002,白班,7985.0,16.9,38.1,105.07
E001232,2026-03-18,检测车间,L008,M008,夜班,15478.2,18.5,51.3,212.03
E001233,2026-03-19,总装车间,L001,M001,白班,7789.3,18.0,125.7,89.53
E001234,2026-03-19,总装车间,L001,M001,夜班,8711.7,19.1,115.1,99.0
E001235,2026-03-19,焊装车间,L002,M004,白班,12462.3,14.2,36.6,168.41
E001236,2026-03-19,焊装车间,L002,M004,夜班,10542.9,20.4,57.2,155.04
E001237,2026-03-19,总装车间,L003,M004,白班,9549.6,19.9,53.8,142.53
E001238,2026-03-19,总装车间,L003,M004,夜班,10953.7,14.7,37.3,173.87
E001239,2026-03-19,涂装车间,L004,M002,白班,8773.2,20.6,42.5,129.02
E001240,2026-03-19,涂装车间,L004,M001,夜班,6023.5,13.7,77.5,105.68
E001241,2026-03-19,总装车间,L005,M005,白班,12030.8,14.7,71.7,218.74
E001242,2026-03-19,总装车间,L005,M005,夜班,10731.3,14.9,74.6,214.63
E001243,2026-03-19,焊装车间,L006,M006,白班,12347.5,10.6,26.4,251.99
E001244,2026-03-19,焊装车间,L006,M005,夜班,10982.1,10.6,57.8,224.12
E001245,2026-03-19,总装车间,L007,M008,白班,10520.3,13.5,34.0,210.41
E001246,2026-03-19,总装车间,L007,M008,夜班,10125.7,8.9,24.5,220.12
E001247,2026-03-19,检测车间,L008,M004,白班,10363.7,13.7,56.7,145.97
E001248,2026-03-19,检测车间,L008,M004,夜班,10780.5,19.6,49.0,151.84
E001249,2026-03-20,总装车间,L001,M002,白班,8006.6,20.8,49.7,105.35
E001250,2026-03-20,总装车间,L001,M002,夜班,9723.6,17.3,68.0,110.5
E001251,2026-03-20,焊装车间,L002,M003,白班,10894.8,24.6,121.4,136.19
E001252,2026-03-20,焊装车间,L002,M004,夜班,11471.2,16.7,57.0,152.95
E001253,2026-03-20,总装车间,L003,M003,白班,9809.3,16.2,65.6,138.16
E001254,2026-03-20,总装车间,L003,M004,夜班,9510.2,18.4,44.5,158.5
E001255,2026-03-20,涂装车间,L004,M001,白班,6734.5,14.2,101.9,100.51
E001256,2026-03-20,涂装车间,L004,M002,夜班,8835.1,16.3,39.9,129.93
E001257,2026-03-20,总装车间,L005,M006,白班,13658.0,13.9,32.7,262.65
E001258,2026-03-20,总装车间,L005,M005,夜班,13106.2,12.0,63.2,225.97
E001259,2026-03-20,焊装车间,L006,M006,白班,15675.6,17.6,39.9,270.27
E001260,2026-03-20,焊装车间,L006,M006,夜班,15790.3,19.7,32.6,272.25
E001261,2026-03-20,总装车间,L007,M007,白班,8564.4,9.6,60.9,190.32
E001262,2026-03-20,总装车间,L007,M007,夜班,9004.6,9.5,45.0,200.1
E001263,2026-03-20,检测车间,L008,M008,白班,17038.1,23.6,48.1,205.28
E001264,2026-03-20,检测车间,L008,M008,夜班,14343.8,20.3,36.0,199.22
E001265,2026-03-21,总装车间,L001,M002,白班,8086.5,17.7,44.5,106.4
E001266,2026-03-21,总装车间,L001,M002,夜班,9946.6,18.3,67.4,119.84
E001267,2026-03-21,焊装车间,L002,M004,白班,9428.7,13.8,32.7,152.08
E001268,2026-03-21,焊装车间,L002,M004,夜班,9525.0,19.5,42.5,161.44
E001269,2026-03-21,总装车间,L003,M003,白班,9164.1,19.0,94.6,143.19
E001270,2026-03-21,总装车间,L003,M003,夜班,8918.5,19.5,54.7,148.64
E001271,2026-03-21,涂装车间,L004,M002,白班,6947.7,15.4,40.7,128.66
E001272,2026-03-21,涂装车间,L004,M002,夜班,7891.7,17.6,42.8,121.41
E001273,2026-03-21,总装车间,L005,M006,白班,13362.9,13.9,25.9,267.26
E001274,2026-03-21,总装车间,L005,M006,夜班,12906.1,10.7,36.6,286.8
E001275,2026-03-21,焊装车间,L006,M005,白班,11599.8,10.1,74.9,232.0
E001276,2026-03-21,焊装车间,L006,M006,夜班,14467.0,12.4,37.4,295.24
E001277,2026-03-21,总装车间,L007,M007,白班,7975.3,10.7,36.3,194.52
E001278,2026-03-21,总装车间,L007,M008,夜班,9349.5,11.8,35.4,222.61
E001279,2026-03-21,检测车间,L008,M004,白班,10183.5,13.2,52.0,139.5
E001280,2026-03-21,检测车间,L008,M006,夜班,16794.6,20.7,58.5,230.06
E001281,2026-03-22,总装车间,L001,M002,白班,6854.6,14.6,30.8,116.18
E001282,2026-03-22,总装车间,L001,M002,夜班,7796.9,16.9,50.4,121.83
E001283,2026-03-22,焊装车间,L002,M004,白班,7758.2,13.8,35.4,165.07
E001284,2026-03-22,焊装车间,L002,M004,夜班,8402.3,13.5,32.0,164.75
E001285,2026-03-22,总装车间,L003,M004,白班,7073.4,9.4,37.9,144.36
E001286,2026-03-22,总装车间,L003,M003,夜班,6238.8,14.3,63.1,141.79
E001287,2026-03-22,涂装车间,L004,M002,白班,5264.0,8.9,34.3,119.64
E001288,2026-03-22,涂装车间,L004,M001,夜班,5208.9,13.0,45.7,104.18
E001289,2026-03-22,总装车间,L005,M005,白班,7804.5,10.5,36.7,216.79
E001290,2026-03-22,总装车间,L005,M005,夜班,9810.1,8.2,43.9,233.57
E001291,2026-03-22,焊装车间,L006,M005,白班,8293.4,8.0,53.2,236.95
E001292,2026-03-22,焊装车间,L006,M005,夜班,7599.5,8.3,40.7,237.48
E001293,2026-03-22,总装车间,L007,M008,白班,8642.1,12.2,29.8,233.57
E001294,2026-03-22,总装车间,L007,M008,夜班,7856.5,9.7,31.5,218.24
E001295,2026-03-22,检测车间,L008,M004,白班,7640.1,15.6,29.4,149.81
E001296,2026-03-22,检测车间,L008,M001,夜班,4780.3,11.8,52.1,91.93
E001297,2026-03-23,总装车间,L001,M002,白班,8582.4,21.1,61.2,103.4
E001298,2026-03-23,总装车间,L001,M002,夜班,9017.7,25.0,66.5,114.15
E001299,2026-03-23,焊装车间,L002,M003,白班,8861.7,16.3,58.7,136.33
E001300,2026-03-23,焊装车间,L002,M003,夜班,11806.4,24.2,115.8,151.36
E001301,2026-03-23,总装车间,L003,M004,白班,8838.6,13.6,42.4,152.39
E001302,2026-03-23,总装车间,L003,M004,夜班,9097.0,10.9,36.1,162.45
E001303,2026-03-23,涂装车间,L004,M002,白班,8241.2,19.7,45.9,121.19
E001304,2026-03-23,涂装车间,L004,M001,夜班,8819.3,24.3,77.6,114.54
E001305,2026-03-23,总装车间,L005,M006,白班,16838.8,12.6,40.0,271.59
E001306,2026-03-23,总装车间,L005,M006,夜班,16299.4,11.7,34.5,267.2
E001307,2026-03-23,焊装车间,L006,M006,白班,12346.6,14.5,34.2,268.4
E001308,2026-03-23,焊装车间,L006,M006,夜班,14974.7,14.9,35.0,272.27
E001309,2026-03-23,总装车间,L007,M008,白班,10064.0,13.3,35.6,228.73
E001310,2026-03-23,总装车间,L007,M008,夜班,12058.5,14.1,29.1,236.44
E001311,2026-03-23,检测车间,L008,M001,白班,7534.0,19.8,103.1,94.17
E001312,2026-03-23,检测车间,L008,M002,夜班,8447.3,22.1,53.3,103.02
E001313,2026-03-24,总装车间,L001,M001,白班,7975.9,16.5,117.2,98.47
E001314,2026-03-24,总装车间,L001,M002,夜班,11471.3,27.1,54.8,114.71
E001315,2026-03-24,焊装车间,L002,M003,白班,8810.4,22.4,93.1,131.5
E001316,2026-03-24,焊装车间,L002,M004,夜班,12561.1,23.5,45.6,172.07
E001317,2026-03-24,总装车间,L003,M003,白班,10970.6,14.1,80.1,144.35
E001318,2026-03-24,总装车间,L003,M003,夜班,9791.1,18.5,93.4,148.35
E001319,2026-03-24,涂装车间,L004,M001,白班,7430.0,17.2,92.4,112.58
E001320,2026-03-24,涂装车间,L004,M001,夜班,6691.8,17.2,84.2,107.93
E001321,2026-03-24,总装车间,L005,M005,白班,12818.9,16.2,52.4,228.91
E001322,2026-03-24,总装车间,L005,M005,夜班,12186.5,16.1,52.4,248.7
E001323,2026-03-24,焊装车间,L006,M005,白班,13393.4,13.3,59.8,243.52
E001324,2026-03-24,焊装车间,L006,M005,夜班,11663.5,14.3,71.9,233.27
E001325,2026-03-24,总装车间,L007,M008,白班,12154.9,14.4,40.2,221.0
E001326,2026-03-24,总装车间,L007,M007,夜班,8711.9,12.6,61.7,202.6
E001327,2026-03-24,检测车间,L008,M006,白班,18847.3,22.1,65.2,241.63
E001328,2026-03-24,检测车间,L008,M001,夜班,6797.7,21.8,96.6,94.41
E001329,2026-03-25,总装车间,L001,M001,白班,7684.2,21.6,84.6,96.05
E001330,2026-03-25,总装车间,L001,M001,夜班,9246.8,24.3,100.1,99.43
E001331,2026-03-25,焊装车间,L002,M003,白班,11321.3,27.7,117.3,131.64
E001332,2026-03-25,焊装车间,L002,M004,夜班,12815.5,17.7,61.2,166.44
E001333,2026-03-25,总装车间,L003,M004,白班,10546.0,22.5,53.4,142.51
E001334,2026-03-25,总装车间,L003,M003,夜班,8069.9,17.4,56.5,134.5
E001335,2026-03-25,涂装车间,L004,M002,白班,8580.7,19.4,40.9,120.85
E001336,2026-03-25,涂装车间,L004,M002,夜班,8135.7,16.2,46.1,133.37
E001337,2026-03-25,总装车间,L005,M006,白班,14140.5,18.6,36.8,243.8
E001338,2026-03-25,总装车间,L005,M005,夜班,13619.4,19.3,87.2,219.67
E001339,2026-03-25,焊装车间,L006,M006,白班,16343.1,16.0,38.1,277.0
E001340,2026-03-25,焊装车间,L006,M005,夜班,11394.0,11.0,61.9,237.38
E001341,2026-03-25,总装车间,L007,M007,白班,8570.5,12.1,44.1,199.31
E001342,2026-03-25,总装车间,L007,M008,夜班,9816.1,13.6,34.8,239.42
E001343,2026-03-25,检测车间,L008,M007,白班,11770.0,12.6,63.2,161.23
E001344,2026-03-25,检测车间,L008,M003,夜班,10798.8,15.6,73.1,140.24
E001345,2026-03-26,总装车间,L001,M001,白班,8177.1,27.3,135.2,92.92
E001346,2026-03-26,总装车间,L001,M002,夜班,10675.4,21.5,48.5,121.31
E001347,2026-03-26,焊装车间,L002,M003,白班,9922.5,16.3,90.3,134.09
E001348,2026-03-26,焊装车间,L002,M004,夜班,14344.9,24.1,49.8,166.8
E001349,2026-03-26,总装车间,L003,M004,白班,9994.3,18.9,36.3,161.2
E001350,2026-03-26,总装车间,L003,M004,夜班,8980.5,16.2,39.5,169.44
E001351,2026-03-26,涂装车间,L004,M002,白班,8060.8,21.4,48.5,118.54
E001352,2026-03-26,涂装车间,L004,M001,夜班,6842.6,21.9,66.3,108.61
E001353,2026-03-26,总装车间,L005,M006,白班,12890.8,12.6,29.2,247.9
E001354,2026-03-26,总装车间,L005,M006,夜班,14424.2,13.8,27.4,272.15
E001355,2026-03-26,焊装车间,L006,M005,白班,11964.9,11.2,68.0,239.3
E001356,2026-03-26,焊装车间,L006,M006,夜班,15891.2,13.4,34.2,278.79
E001357,2026-03-26,总装车间,L007,M007,白班,8734.7,10.8,56.4,198.52
E001358,2026-03-26,总装车间,L007,M008,夜班,10989.2,11.4,34.0,224.27
E001359,2026-03-26,检测车间,L008,M008,白班,12210.9,18.6,41.6,182.25
E001360,2026-03-26,检测车间,L008,M008,夜班,16198.8,24.4,45.4,202.48
E001361,2026-03-27,总装车间,L001,M001,白班,8100.7,17.0,131.7,91.02
E001362,2026-03-27,总装车间,L001,M001,夜班,7554.0,20.0,117.3,94.42
E001363,2026-03-27,焊装车间,L002,M004,白班,14149.3,25.4,47.2,170.47
E001364,2026-03-27,焊装车间,L002,M004,夜班,11858.4,19.0,49.1,154.01
E001365,2026-03-27,总装车间,L003,M003,白班,10990.8,20.4,101.6,139.12
E001366,2026-03-27,总装车间,L003,M004,夜班,10483.8,13.0,56.4,161.29
E001367,2026-03-27,涂装车间,L004,M002,白班,8410.8,18.9,52.1,121.9
E001368,2026-03-27,涂装车间,L004,M001,夜班,7535.8,18.6,84.0,112.47
E001369,2026-03-27,总装车间,L005,M005,白班,13490.9,15.7,73.8,240.91
E001370,2026-03-27,总装车间,L005,M006,夜班,13678.2,11.6,42.6,279.15
E001371,2026-03-27,焊装车间,L006,M005,白班,10857.2,10.5,50.3,221.58
E001372,2026-03-27,焊装车间,L006,M006,夜班,15386.9,18.0,33.2,295.9
E001373,2026-03-27,总装车间,L007,M007,白班,9623.0,15.6,51.3,188.69
E001374,2026-03-27,总装车间,L007,M008,夜班,9711.6,10.4,40.2,211.12
E001375,2026-03-27,检测车间,L008,M002,白班,7014.8,13.6,47.3,100.21
E001376,2026-03-27,检测车间,L008,M002,夜班,7772.7,12.5,38.1,114.3
E001377,2026-03-28,总装车间,L001,M002,白班,7514.1,21.5,56.1,105.83
E001378,2026-03-28,总装车间,L001,M001,夜班,6718.6,16.8,60.8,98.8
E001379,2026-03-28,焊装车间,L002,M004,白班,10583.7,15.6,33.9,155.64
E001380,2026-03-28,焊装车间,L002,M004,夜班,10414.8,12.5,35.5,176.52
E001381,2026-03-28,总装车间,L003,M003,白班,8318.0,11.3,52.4,138.63
E001382,2026-03-28,总装车间,L003,M004,夜班,8047.2,16.6,31.6,157.79
E001383,2026-03-28,涂装车间,L004,M001,白班,5898.2,20.3,61.2,103.48
E001384,2026-03-28,涂装车间,L004,M002,夜班,7263.9,18.2,35.4,129.71
E001385,2026-03-28,总装车间,L005,M006,白班,12598.0,16.4,26.7,247.02
E001386,2026-03-28,总装车间,L005,M006,夜班,11654.7,10.0,39.9,253.36
E001387,2026-03-28,焊装车间,L006,M006,白班,13363.0,14.2,27.3,267.26
E001388,2026-03-28,焊装车间,L006,M006,夜班,13992.3,15.7,27.3,291.51
E001389,2026-03-28,总装车间,L007,M007,白班,8186.2,8.1,39.1,199.66
E001390,2026-03-28,总装车间,L007,M007,夜班,9699.8,13.5,55.9,215.55
E001391,2026-03-28,检测车间,L008,M006,白班,18543.9,19.7,47.1,237.74
E001392,2026-03-28,检测车间,L008,M005,夜班,13155.8,16.0,88.7,226.82
E001393,2026-03-29,总装车间,L001,M001,白班,5246.0,16.0,79.0,93.68
E001394,2026-03-29,总装车间,L001,M001,夜班,5596.8,17.8,80.4,93.28
E001395,2026-03-29,焊装车间,L002,M004,白班,7924.3,10.0,29.2,161.72
E001396,2026-03-29,焊装车间,L002,M004,夜班,7347.9,11.1,39.2,156.34
E001397,2026-03-29,总装车间,L003,M004,白班,8342.2,10.4,45.7,151.68
E001398,2026-03-29,总装车间,L003,M003,夜班,7360.4,11.6,73.4,147.21
E001399,2026-03-29,涂装车间,L004,M001,白班,4987.8,11.1,71.4,106.12
E001400,2026-03-29,涂装车间,L004,M002,夜班,5995.9,11.9,34.5,139.44
E001401,2026-03-29,总装车间,L005,M005,白班,8873.9,11.6,50.2,227.54
E001402,2026-03-29,总装车间,L005,M006,夜班,9917.9,11.4,31.6,268.05
E001403,2026-03-29,焊装车间,L006,M005,白班,8633.9,10.1,45.1,227.21
E001404,2026-03-29,焊装车间,L006,M006,夜班,9088.4,6.7,17.8,284.01
E001405,2026-03-29,总装车间,L007,M007,白班,7087.2,9.2,46.0,191.55
E001406,2026-03-29,总装车间,L007,M008,夜班,8058.1,12.2,23.6,212.06
E001407,2026-03-29,检测车间,L008,M004,白班,8967.2,11.1,42.5,147.0
E001408,2026-03-29,检测车间,L008,M001,夜班,4467.3,12.4,70.6,95.05
E001409,2026-03-30,总装车间,L001,M001,白班,7731.0,17.8,102.7,96.64
E001410,2026-03-30,总装车间,L001,M001,夜班,9334.8,20.3,124.3,97.24
E001411,2026-03-30,焊装车间,L002,M003,白班,11300.4,20.4,127.8,136.15
E001412,2026-03-30,焊装车间,L002,M004,夜班,14599.2,27.1,58.4,171.76
E001413,2026-03-30,总装车间,L003,M003,白班,8716.1,14.5,79.8,138.35
E001414,2026-03-30,总装车间,L003,M004,夜班,9875.7,15.4,43.2,173.26
E001415,2026-03-30,涂装车间,L004,M001,白班,7969.4,23.8,104.9,107.69
E001416,2026-03-30,涂装车间,L004,M002,夜班,9045.9,23.9,41.4,133.03
E001417,2026-03-30,总装车间,L005,M005,白班,13166.0,13.6,74.7,227.0
E001418,2026-03-30,总装车间,L005,M006,夜班,18119.6,15.0,45.1,283.12
E001419,2026-03-30,焊装车间,L006,M005,白班,11921.8,13.5,43.2,238.44
E001420,2026-03-30,焊装车间,L006,M006,夜班,15520.7,14.9,33.2,298.48
E001421,2026-03-30,总装车间,L007,M008,白班,8743.3,10.1,21.4,213.25
E001422,2026-03-30,总装车间,L007,M007,夜班,9338.2,11.6,55.3,207.52
E001423,2026-03-30,检测车间,L008,M002,白班,8563.3,21.3,60.7,107.04
E001424,2026-03-30,检测车间,L008,M001,夜班,8170.0,18.0,79.8,93.91
E001425,2026-03-31,总装车间,L001,M002,白班,9938.7,29.7,55.4,103.53
E001426,2026-03-31,总装车间,L001,M002,夜班,10352.9,27.5,63.4,110.14
E001427,2026-03-31,焊装车间,L002,M004,白班,10308.1,20.6,47.1,151.59
E001428,2026-03-31,焊装车间,L002,M004,夜班,12502.6,22.2,39.7,168.95
E001429,2026-03-31,总装车间,L003,M003,白班,10576.8,20.1,104.2,133.88
E001430,2026-03-31,总装车间,L003,M003,夜班,9193.3,13.6,56.7,150.71
E001431,2026-03-31,涂装车间,L004,M001,白班,7102.6,18.6,83.0,102.94
E001432,2026-03-31,涂装车间,L004,M001,夜班,7964.2,20.7,79.6,113.77
E001433,2026-03-31,总装车间,L005,M005,白班,11034.4,11.0,60.5,208.2
E001434,2026-03-31,总装车间,L005,M006,夜班,15002.9,15.0,45.0,283.07
E001435,2026-03-31,焊装车间,L006,M006,白班,14225.4,11.3,24.1,290.31
E001436,2026-03-31,焊装车间,L006,M005,夜班,11629.7,13.4,73.3,232.59
E001437,2026-03-31,总装车间,L007,M007,白班,8892.6,10.8,65.1,193.32
E001438,2026-03-31,总装车间,L007,M008,夜班,11937.9,14.3,44.6,229.57
E001439,2026-03-31,检测车间,L008,M006,白班,20038.8,23.4,69.2,247.39
E001440,2026-03-31,检测车间,L008,M006,夜班,17964.0,14.3,65.4,233.3
E001441,2026-04-01,总装车间,L001,M002,白班,9299.0,20.7,43.6,113.4
E001442,2026-04-01,总装车间,L001,M001,夜班,8023.0,25.5,92.2,99.05
E001443,2026-04-01,焊装车间,L002,M004,白班,11789.2,19.1,57.0,170.86
E001444,2026-04-01,焊装车间,L002,M004,夜班,10774.1,12.6,41.1,168.35
E001445,2026-04-01,总装车间,L003,M004,白班,10010.0,13.3,56.3,149.4
E001446,2026-04-01,总装车间,L003,M003,夜班,7402.7,15.2,53.3,142.36
E001447,2026-04-01,涂装车间,L004,M001,白班,6030.6,13.8,76.0,107.69
E001448,2026-04-01,涂装车间,L004,M002,夜班,8663.5,14.8,43.7,135.37
E001449,2026-04-01,总装车间,L005,M005,白班,12632.1,15.7,69.1,225.57
E001450,2026-04-01,总装车间,L005,M005,夜班,13010.5,10.8,59.6,245.48
E001451,2026-04-01,焊装车间,L006,M006,白班,13071.2,12.9,31.8,278.11
E001452,2026-04-01,焊装车间,L006,M006,夜班,15099.1,15.4,25.4,296.06
E001453,2026-04-01,总装车间,L007,M008,白班,11081.9,12.0,31.0,226.16
E001454,2026-04-01,总装车间,L007,M008,夜班,11642.2,10.5,38.0,219.66
E001455,2026-04-01,检测车间,L008,M001,白班,6808.8,15.8,98.0,88.43
E001456,2026-04-01,检测车间,L008,M006,夜班,17459.4,16.7,44.7,239.17
E001457,2026-04-02,总装车间,L001,M002,白班,8965.5,18.3,40.4,112.07
E001458,2026-04-02,总装车间,L001,M002,夜班,8837.8,19.6,40.6,116.29
E001459,2026-04-02,焊装车间,L002,M003,白班,11225.9,15.9,110.9,136.9
E001460,2026-04-02,焊装车间,L002,M003,夜班,9127.2,18.6,73.1,138.29
E001461,2026-04-02,总装车间,L003,M004,白班,9914.5,13.6,38.8,145.8
E001462,2026-04-02,总装车间,L003,M004,夜班,7810.2,12.5,32.8,153.14
E001463,2026-04-02,涂装车间,L004,M002,白班,8059.1,15.2,39.3,120.29
E001464,2026-04-02,涂装车间,L004,M002,夜班,8655.1,17.0,37.4,121.9
E001465,2026-04-02,总装车间,L005,M006,白班,14916.5,13.9,39.5,276.23
E001466,2026-04-02,总装车间,L005,M005,夜班,12980.8,19.3,71.1,220.01
E001467,2026-04-02,焊装车间,L006,M006,白班,14286.5,18.3,28.0,255.12
E001468,2026-04-02,焊装车间,L006,M006,夜班,14630.7,10.9,35.2,298.59
E001469,2026-04-02,总装车间,L007,M008,白班,11155.5,16.3,25.4,223.11
E001470,2026-04-02,总装车间,L007,M007,夜班,9353.8,10.8,41.6,212.59
E001471,2026-04-02,检测车间,L008,M001,白班,7611.4,15.3,93.0,90.61
E001472,2026-04-02,检测车间,L008,M008,夜班,16046.1,14.3,44.2,205.72
E001473,2026-04-03,总装车间,L001,M001,白班,6954.8,24.1,102.6,89.16
E001474,2026-04-03,总装车间,L001,M002,夜班,9350.7,25.4,44.8,115.44
E001475,2026-04-03,焊装车间,L002,M004,白班,12299.2,19.2,63.9,163.99
E001476,2026-04-03,焊装车间,L002,M004,夜班,11893.9,14.1,49.4,167.52
E001477,2026-04-03,总装车间,L003,M003,白班,8849.0,13.9,79.9,134.08
E001478,2026-04-03,总装车间,L003,M003,夜班,9072.8,19.8,79.7,146.34
E001479,2026-04-03,涂装车间,L004,M002,白班,8231.0,17.7,45.4,126.63
E001480,2026-04-03,涂装车间,L004,M001,夜班,8134.3,18.5,93.5,117.89
E001481,2026-04-03,总装车间,L005,M005,白班,12123.0,11.1,77.2,212.68
E001482,2026-04-03,总装车间,L005,M006,夜班,16816.7,17.5,31.1,280.28
E001483,2026-04-03,焊装车间,L006,M006,白班,12262.2,11.5,33.8,260.9
E001484,2026-04-03,焊装车间,L006,M006,夜班,12816.1,13.6,24.4,278.61
E001485,2026-04-03,总装车间,L007,M007,白班,10766.4,14.3,61.2,207.05
E001486,2026-04-03,总装车间,L007,M007,夜班,10586.2,13.4,76.4,207.57
E001487,2026-04-03,检测车间,L008,M005,白班,15187.6,18.5,103.8,220.11
E001488,2026-04-03,检测车间,L008,M003,夜班,11244.1,24.6,110.7,133.86
E001489,2026-04-04,总装车间,L001,M002,白班,9216.2,16.9,66.1,112.39
E001490,2026-04-04,总装车间,L001,M001,夜班,6943.5,21.1,90.1,100.63
E001491,2026-04-04,焊装车间,L002,M003,白班,7927.1,19.0,91.1,127.86
E001492,2026-04-04,焊装车间,L002,M004,夜班,11741.7,14.8,38.7,172.67
E001493,2026-04-04,总装车间,L003,M003,白班,8885.1,18.1,65.4,134.62
E001494,2026-04-04,总装车间,L003,M003,夜班,8736.8,14.8,78.8,148.08
E001495,2026-04-04,涂装车间,L004,M001,白班,6301.5,16.2,62.9,110.55
E001496,2026-04-04,涂装车间,L004,M001,夜班,6212.7,12.6,88.1,108.99
E001497,2026-04-04,总装车间,L005,M005,白班,11178.9,10.6,63.1,219.19
E001498,2026-04-04,总装车间,L005,M006,夜班,12516.9,12.7,31.9,260.77
E001499,2026-04-04,焊装车间,L006,M005,白班,10300.7,13.6,57.5,245.25
E001500,2026-04-04,焊装车间,L006,M005,夜班,12483.5,10.7,52.6,249.67
E001501,2026-04-04,总装车间,L007,M007,白班,7615.0,9.6,42.6,185.73
E001502,2026-04-04,总装车间,L007,M007,夜班,8399.4,13.5,44.6,204.86
E001503,2026-04-04,检测车间,L008,M007,白班,12313.4,11.9,91.1,183.78
E001504,2026-04-04,检测车间,L008,M003,夜班,8770.1,15.6,57.0,137.03
E001505,2026-04-05,总装车间,L001,M001,白班,5762.6,20.1,83.2,88.66
E001506,2026-04-05,总装车间,L001,M001,夜班,5580.4,15.3,59.3,91.48
E001507,2026-04-05,焊装车间,L002,M003,白班,7407.8,11.7,70.3,151.18
E001508,2026-04-05,焊装车间,L002,M003,夜班,8479.9,16.5,74.6,141.33
E001509,2026-04-05,总装车间,L003,M003,白班,5698.6,12.6,43.9,129.51
E001510,2026-04-05,总装车间,L003,M004,夜班,6246.0,9.6,28.7,160.15
E001511,2026-04-05,涂装车间,L004,M001,白班,5320.7,12.7,53.4,115.67
E001512,2026-04-05,涂装车间,L004,M002,夜班,5088.0,9.6,20.6,130.46
E001513,2026-04-05,总装车间,L005,M006,白班,9509.3,8.7,25.2,250.24
E001514,2026-04-05,总装车间,L005,M005,夜班,9510.6,8.5,58.0,243.86
E001515,2026-04-05,焊装车间,L006,M006,白班,10932.2,8.7,28.9,287.69
E001516,2026-04-05,焊装车间,L006,M005,夜班,9362.7,13.3,38.7,228.36
E001517,2026-04-05,总装车间,L007,M008,白班,7433.6,11.0,21.5,218.64
E001518,2026-04-05,总装车间,L007,M008,夜班,7197.2,9.6,26.8,224.91
E001519,2026-04-05,检测车间,L008,M005,白班,9198.7,11.9,47.9,195.72
E001520,2026-04-05,检测车间,L008,M004,夜班,8748.9,14.2,48.5,156.23
E001521,2026-04-06,总装车间,L001,M002,白班,8259.4,20.1,60.9,111.61
E001522,2026-04-06,总装车间,L001,M001,夜班,8644.8,27.5,93.9,98.24
E001523,2026-04-06,焊装车间,L002,M004,白班,12190.7,25.7,65.8,152.38
E001524,2026-04-06,焊装车间,L002,M004,夜班,11648.3,18.6,59.2,166.4
E001525,2026-04-06,总装车间,L003,M004,白班,11405.6,20.7,45.3,160.64
E001526,2026-04-06,总装车间,L003,M003,夜班,9076.2,11.6,69.2,151.27
E001527,2026-04-06,涂装车间,L004,M002,白班,6730.6,19.4,37.0,118.08
E001528,2026-04-06,涂装车间,L004,M002,夜班,7904.7,16.9,35.4,123.51
E001529,2026-04-06,总装车间,L005,M005,白班,11471.2,12.0,77.9,208.57
E001530,2026-04-06,总装车间,L005,M005,夜班,12454.4,14.6,54.7,244.2
E001531,2026-04-06,焊装车间,L006,M006,白班,11400.3,10.8,24.6,253.34
E001532,2026-04-06,焊装车间,L006,M006,夜班,14671.4,13.9,37.5,276.82
E001533,2026-04-06,总装车间,L007,M007,白班,9158.1,10.0,69.3,190.79
E001534,2026-04-06,总装车间,L007,M008,夜班,9914.7,8.6,29.0,225.33
E001535,2026-04-06,检测车间,L008,M008,白班,14449.7,15.5,64.8,187.66
E001536,2026-04-06,检测车间,L008,M001,夜班,7163.0,14.7,100.6,94.25
E001537,2026-04-07,总装车间,L001,M002,白班,11162.4,29.0,69.7,118.75
E001538,2026-04-07,总装车间,L001,M001,夜班,9316.0,18.1,104.3,104.67
E001539,2026-04-07,焊装车间,L002,M004,白班,10783.9,13.7,42.9,151.89
E001540,2026-04-07,焊装车间,L002,M004,夜班,14085.2,19.7,46.5,169.7
E001541,2026-04-07,总装车间,L003,M004,白班,9477.5,14.6,52.9,155.37
E001542,2026-04-07,总装车间,L003,M003,夜班,8497.2,17.0,61.3,149.07
E001543,2026-04-07,涂装车间,L004,M002,白班,8323.4,17.8,44.7,132.12
E001544,2026-04-07,涂装车间,L004,M001,夜班,6881.0,12.8,68.3,109.22
E001545,2026-04-07,总装车间,L005,M005,白班,11867.2,12.7,63.8,219.76
E001546,2026-04-07,总装车间,L005,M005,夜班,12745.7,11.3,73.2,223.61
E001547,2026-04-07,焊装车间,L006,M006,白班,14450.3,14.7,44.6,253.51
E001548,2026-04-07,焊装车间,L006,M006,夜班,16000.5,15.7,28.5,280.71
E001549,2026-04-07,总装车间,L007,M008,白班,11303.4,13.7,26.4,226.07
E001550,2026-04-07,总装车间,L007,M007,夜班,9684.0,11.0,63.9,197.63
E001551,2026-04-07,检测车间,L008,M003,白班,10747.7,22.6,80.1,127.95
E001552,2026-04-07,检测车间,L008,M002,夜班,8295.3,16.8,62.3,115.21
E001553,2026-04-08,总装车间,L001,M002,白班,8279.0,22.8,44.1,104.8
E001554,2026-04-08,总装车间,L001,M002,夜班,8907.3,22.9,66.8,115.68
E001555,2026-04-08,焊装车间,L002,M004,白班,11486.7,15.1,51.1,159.54
E001556,2026-04-08,焊装车间,L002,M003,夜班,9172.3,18.1,76.9,138.97
E001557,2026-04-08,总装车间,L003,M003,白班,9817.1,21.4,101.5,132.66
E001558,2026-04-08,总装车间,L003,M004,夜班,9541.0,15.0,33.7,173.47
E001559,2026-04-08,涂装车间,L004,M001,白班,8113.3,24.3,101.9,112.68
E001560,2026-04-08,涂装车间,L004,M002,夜班,9575.6,20.8,43.1,134.87
E001561,2026-04-08,总装车间,L005,M006,白班,14412.2,12.7,37.9,288.24
E001562,2026-04-08,总装车间,L005,M005,夜班,11356.7,13.9,73.2,236.6
E001563,2026-04-08,焊装车间,L006,M005,白班,13348.4,13.1,71.9,218.83
E001564,2026-04-08,焊装车间,L006,M006,夜班,15534.1,16.4,45.5,287.67
E001565,2026-04-08,总装车间,L007,M007,白班,10109.7,14.7,47.9,206.32
E001566,2026-04-08,总装车间,L007,M008,夜班,9093.8,7.7,20.8,227.34
E001567,2026-04-08,检测车间,L008,M001,白班,6481.0,16.2,71.8,92.59
E001568,2026-04-08,检测车间,L008,M001,夜班,6773.0,22.8,117.7,89.12
E001569,2026-04-09,总装车间,L001,M001,白班,9032.5,19.1,89.2,92.17
E001570,2026-04-09,总装车间,L001,M001,夜班,9595.9,21.9,114.4,102.08
E001571,2026-04-09,焊装车间,L002,M003,白班,11183.3,23.2,120.3,131.57
E001572,2026-04-09,焊装车间,L002,M003,夜班,9577.7,16.4,73.4,134.9
E001573,2026-04-09,总装车间,L003,M004,白班,12170.7,19.9,67.6,154.06
E001574,2026-04-09,总装车间,L003,M003,夜班,8256.9,12.2,88.5,142.36
E001575,2026-04-09,涂装车间,L004,M002,白班,7122.3,18.8,42.6,114.88
E001576,2026-04-09,涂装车间,L004,M001,夜班,7828.6,16.1,62.7,118.62
E001577,2026-04-09,总装车间,L005,M005,白班,12921.2,13.6,80.3,234.93
E001578,2026-04-09,总装车间,L005,M005,夜班,11473.7,9.3,57.6,249.43
E001579,2026-04-09,焊装车间,L006,M005,白班,14707.8,12.5,71.3,241.11
E001580,2026-04-09,焊装车间,L006,M005,夜班,12617.0,15.4,44.0,257.49
E001581,2026-04-09,总装车间,L007,M008,白班,9988.8,11.8,34.2,203.85
E001582,2026-04-09,总装车间,L007,M007,夜班,9144.8,14.4,45.1,203.22
E001583,2026-04-09,检测车间,L008,M005,白班,15271.1,15.2,108.6,198.33
E001584,2026-04-09,检测车间,L008,M002,夜班,8169.6,17.3,60.1,115.06
E001585,2026-04-10,总装车间,L001,M001,白班,8752.8,26.4,122.3,101.78
E001586,2026-04-10,总装车间,L001,M001,夜班,8169.9,16.0,72.4,98.43
E001587,2026-04-10,焊装车间,L002,M004,白班,10468.4,16.9,37.6,161.05
E001588,2026-04-10,焊装车间,L002,M003,夜班,9289.1,18.8,72.0,136.6
E001589,2026-04-10,总装车间,L003,M004,白班,12561.3,24.9,38.7,161.04
E001590,2026-04-10,总装车间,L003,M004,夜班,10348.3,16.0,47.0,159.2
E001591,2026-04-10,涂装车间,L004,M001,白班,6586.8,21.0,62.4,102.92
E001592,2026-04-10,涂装车间,L004,M001,夜班,6588.0,12.3,62.6,111.66
E001593,2026-04-10,总装车间,L005,M006,白班,15692.8,12.0,50.4,261.55
E001594,2026-04-10,总装车间,L005,M005,夜班,12251.8,15.7,51.7,235.61
E001595,2026-04-10,焊装车间,L006,M006,白班,14609.5,14.2,27.5,286.46
E001596,2026-04-10,焊装车间,L006,M005,夜班,13846.3,14.0,55.3,251.75
E001597,2026-04-10,总装车间,L007,M007,白班,10015.7,13.7,59.7,204.4
E001598,2026-04-10,总装车间,L007,M007,夜班,10938.4,12.3,73.6,202.56
E001599,2026-04-10,检测车间,L008,M008,白班,13196.4,17.8,58.5,188.52
E001600,2026-04-10,检测车间,L008,M001,夜班,7965.3,14.5,75.4,103.45
E001601,2026-04-11,总装车间,L001,M002,白班,7775.1,11.9,46.3,117.8
E001602,2026-04-11,总装车间,L001,M001,夜班,8479.5,16.1,92.3,103.41
E001603,2026-04-11,焊装车间,L002,M003,白班,9923.2,19.3,69.5,134.1
E001604,2026-04-11,焊装车间,L002,M004,夜班,9769.3,19.7,35.7,150.3
E001605,2026-04-11,总装车间,L003,M004,白班,7919.4,14.7,26.9,143.99
E001606,2026-04-11,总装车间,L003,M003,夜班,7173.8,13.9,76.1,143.48
E001607,2026-04-11,涂装车间,L004,M001,白班,7215.0,16.2,91.3,107.69
E001608,2026-04-11,涂装车间,L004,M001,夜班,7062.2,20.5,84.2,113.91
E001609,2026-04-11,总装车间,L005,M005,白班,11783.1,14.2,47.5,240.47
E001610,2026-04-11,总装车间,L005,M006,夜班,12541.4,10.7,28.7,291.66
E001611,2026-04-11,焊装车间,L006,M005,白班,10463.3,15.4,52.9,227.46
E001612,2026-04-11,焊装车间,L006,M005,夜班,11942.0,10.4,58.6,234.16
E001613,2026-04-11,总装车间,L007,M007,白班,8482.9,12.1,54.2,197.28
E001614,2026-04-11,总装车间,L007,M008,夜班,9411.1,9.5,25.6,224.07
E001615,2026-04-11,检测车间,L008,M008,白班,13796.2,18.9,56.9,188.99
E001616,2026-04-11,检测车间,L008,M001,夜班,6902.5,14.7,77.0,100.04
E001617,2026-04-12,总装车间,L001,M001,白班,6225.7,14.2,60.5,102.06
E001618,2026-04-12,总装车间,L001,M001,夜班,6068.0,16.7,83.9,96.32
E001619,2026-04-12,焊装车间,L002,M004,白班,9364.8,11.1,50.3,161.46
E001620,2026-04-12,焊装车间,L002,M004,夜班,7999.5,12.7,25.7,159.99
E001621,2026-04-12,总装车间,L003,M004,白班,6847.6,11.7,37.1,148.86
E001622,2026-04-12,总装车间,L003,M004,夜班,8116.2,11.1,32.0,156.08
E001623,2026-04-12,涂装车间,L004,M001,白班,5194.4,9.9,59.8,115.43
E001624,2026-04-12,涂装车间,L004,M002,夜班,6336.1,15.0,40.6,129.31
E001625,2026-04-12,总装车间,L005,M005,白班,7398.4,7.5,51.0,224.19
E001626,2026-04-12,总装车间,L005,M005,夜班,9089.9,11.9,33.6,245.67
E001627,2026-04-12,焊装车间,L006,M005,白班,9872.3,10.2,42.0,246.81
E001628,2026-04-12,焊装车间,L006,M006,夜班,10297.7,11.0,18.6,294.22
E001629,2026-04-12,总装车间,L007,M008,白班,8269.2,11.9,18.4,223.49
E001630,2026-04-12,总装车间,L007,M007,夜班,7091.5,7.0,50.5,208.57
E001631,2026-04-12,检测车间,L008,M002,白班,6349.0,11.6,29.6,105.82
E001632,2026-04-12,检测车间,L008,M008,夜班,11301.4,13.0,27.0,205.48
E001633,2026-04-13,总装车间,L001,M001,白班,7530.0,23.3,116.9,97.79
E001634,2026-04-13,总装车间,L001,M002,夜班,9855.9,20.2,51.0,115.95
E001635,2026-04-13,焊装车间,L002,M004,白班,12100.7,20.1,64.8,149.39
E001636,2026-04-13,焊装车间,L002,M004,夜班,13544.2,19.9,71.2,159.34
E001637,2026-04-13,总装车间,L003,M004,白班,9324.1,14.7,32.7,143.45
E001638,2026-04-13,总装车间,L003,M004,夜班,11537.5,12.8,37.3,169.67
E001639,2026-04-13,涂装车间,L004,M002,白班,7966.1,18.9,34.6,128.49
E001640,2026-04-13,涂装车间,L004,M002,夜班,9873.7,25.5,49.7,137.13
E001641,2026-04-13,总装车间,L005,M005,白班,11255.6,11.3,76.0,229.71
E001642,2026-04-13,总装车间,L005,M006,夜班,14391.0,16.1,34.2,276.75
E001643,2026-04-13,焊装车间,L006,M005,白班,12265.7,11.5,63.6,219.03
E001644,2026-04-13,焊装车间,L006,M006,夜班,15103.6,14.5,40.8,284.97
E001645,2026-04-13,总装车间,L007,M008,白班,9930.2,10.0,38.5,220.67
E001646,2026-04-13,总装车间,L007,M007,夜班,10510.6,17.4,49.8,206.09
E001647,2026-04-13,检测车间,L008,M008,白班,12690.8,20.1,37.0,192.28
E001648,2026-04-13,检测车间,L008,M005,夜班,18744.8,21.8,129.1,217.96
E001649,2026-04-14,总装车间,L001,M001,白班,8445.8,16.8,85.8,101.76
E001650,2026-04-14,总装车间,L001,M002,夜班,8666.4,15.4,45.8,115.55
E001651,2026-04-14,焊装车间,L002,M004,白班,10967.7,17.0,45.3,158.95
E001652,2026-04-14,焊装车间,L002,M004,夜班,10945.7,17.9,53.5,165.84
E001653,2026-04-14,总装车间,L003,M003,白班,9426.5,17.8,69.1,132.77
E001654,2026-04-14,总装车间,L003,M003,夜班,9251.0,15.0,84.2,146.84
E001655,2026-04-14,涂装车间,L004,M001,白班,7556.8,15.2,58.4,114.5
E001656,2026-04-14,涂装车间,L004,M001,夜班,6562.2,17.6,68.1,105.84
E001657,2026-04-14,总装车间,L005,M005,白班,10197.4,12.2,69.9,221.68
E001658,2026-04-14,总装车间,L005,M006,夜班,15223.8,11.7,46.4,276.8
E001659,2026-04-14,焊装车间,L006,M005,白班,11278.5,16.1,49.8,216.89
E001660,2026-04-14,焊装车间,L006,M006,夜班,14158.2,17.5,33.3,277.61
E001661,2026-04-14,总装车间,L007,M007,白班,9325.0,12.9,49.7,198.4
E001662,2026-04-14,总装车间,L007,M007,夜班,9658.2,14.3,58.1,209.96
E001663,2026-04-14,检测车间,L008,M003,白班,8335.6,14.5,86.5,122.58
E001664,2026-04-14,检测车间,L008,M007,夜班,16037.0,15.3,90.9,193.22
E001665,2026-04-15,总装车间,L001,M002,白班,8257.5,14.2,59.3,105.87
E001666,2026-04-15,总装车间,L001,M001,夜班,8426.3,19.0,119.0,92.6
E001667,2026-04-15,焊装车间,L002,M004,白班,11884.6,19.3,37.8,160.6
E001668,2026-04-15,焊装车间,L002,M003,夜班,9362.1,21.9,87.2,139.73
E001669,2026-04-15,总装车间,L003,M004,白班,9206.0,13.4,52.5,153.43
E001670,2026-04-15,总装车间,L003,M003,夜班,8054.7,15.3,73.2,141.31
E001671,2026-04-15,涂装车间,L004,M001,白班,6929.4,22.9,75.9,101.9
E001672,2026-04-15,涂装车间,L004,M002,夜班,8380.1,17.8,53.2,135.16
E001673,2026-04-15,总装车间,L005,M005,白班,11156.6,16.1,69.9,223.13
E001674,2026-04-15,总装车间,L005,M005,夜班,12205.4,15.1,48.5,254.28
E001675,2026-04-15,焊装车间,L006,M005,白班,12903.2,13.1,76.3,226.37
E001676,2026-04-15,焊装车间,L006,M005,夜班,13996.6,12.5,66.3,241.32
E001677,2026-04-15,总装车间,L007,M008,白班,10731.5,12.1,41.6,214.63
E001678,2026-04-15,总装车间,L007,M007,夜班,9389.7,12.3,75.5,191.63
E001679,2026-04-15,检测车间,L008,M001,白班,8044.2,16.6,104.7,95.76
E001680,2026-04-15,检测车间,L008,M004,夜班,10879.0,19.3,36.7,147.01
E001681,2026-04-16,总装车间,L001,M001,白班,8799.1,17.9,100.9,92.62
E001682,2026-04-16,总装车间,L001,M001,夜班,9758.7,19.4,87.1,98.57
E001683,2026-04-16,焊装车间,L002,M004,白班,11528.1,21.5,43.1,167.07
E001684,2026-04-16,焊装车间,L002,M004,夜班,11934.3,16.5,42.3,161.27
E001685,2026-04-16,总装车间,L003,M003,白班,10034.3,22.0,64.1,139.37
E001686,2026-04-16,总装车间,L003,M003,夜班,9290.8,18.2,54.7,152.31
E001687,2026-04-16,涂装车间,L004,M001,白班,7676.1,22.6,67.0,106.61
E001688,2026-04-16,涂装车间,L004,M002,夜班,7516.1,15.3,40.7,125.27
E001689,2026-04-16,总装车间,L005,M006,白班,13151.8,12.7,34.6,263.04
E001690,2026-04-16,总装车间,L005,M006,夜班,13192.9,10.4,28.4,269.24
E001691,2026-04-16,焊装车间,L006,M006,白班,15466.2,15.9,32.7,266.66
E001692,2026-04-16,焊装车间,L006,M006,夜班,16906.0,12.3,49.2,281.77
E001693,2026-04-16,总装车间,L007,M008,白班,9923.1,15.8,24.0,211.13
E001694,2026-04-16,总装车间,L007,M008,夜班,11460.0,11.9,38.1,243.83
E001695,2026-04-16,检测车间,L008,M006,白班,20806.8,24.7,41.3,253.74
E001696,2026-04-16,检测车间,L008,M003,夜班,11011.5,21.7,85.9,128.04
E001697,2026-04-17,总装车间,L001,M001,白班,7155.8,16.5,91.7,95.41
E001698,2026-04-17,总装车间,L001,M001,夜班,7448.3,22.9,89.0,100.65
E001699,2026-04-17,焊装车间,L002,M004,白班,11415.8,21.4,46.3,170.39
E001700,2026-04-17,焊装车间,L002,M003,夜班,11975.3,27.3,128.8,137.65
E001701,2026-04-17,总装车间,L003,M004,白班,10236.4,14.2,48.4,144.17
E001702,2026-04-17,总装车间,L003,M003,夜班,8756.1,19.3,81.5,138.99
E001703,2026-04-17,涂装车间,L004,M001,白班,6663.9,18.2,72.8,104.12
E001704,2026-04-17,涂装车间,L004,M002,夜班,9280.2,16.3,49.1,127.13
E001705,2026-04-17,总装车间,L005,M006,白班,11778.8,10.9,36.8,267.7
E001706,2026-04-17,总装车间,L005,M006,夜班,14213.4,13.8,31.5,273.33
E001707,2026-04-17,焊装车间,L006,M006,白班,14142.0,16.9,37.2,257.13
E001708,2026-04-17,焊装车间,L006,M006,夜班,14020.7,13.7,29.5,264.54
E001709,2026-04-17,总装车间,L007,M008,白班,9899.4,11.5,37.1,206.24
E001710,2026-04-17,总装车间,L007,M007,夜班,9055.9,14.5,43.0,210.6
E001711,2026-04-17,检测车间,L008,M005,白班,16852.0,23.4,80.8,210.65
E001712,2026-04-17,检测车间,L008,M004,夜班,10644.8,16.8,38.4,152.07
E001713,2026-04-18,总装车间,L001,M002,白班,8690.2,14.4,57.1,119.04
E001714,2026-04-18,总装车间,L001,M002,夜班,9647.5,19.7,50.1,119.1
E001715,2026-04-18,焊装车间,L002,M004,白班,11635.0,18.5,57.3,163.87
E001716,2026-04-18,焊装车间,L002,M004,夜班,10485.8,16.8,53.0,156.5
E001717,2026-04-18,总装车间,L003,M003,白班,9995.0,22.1,103.9,135.07
E001718,2026-04-18,总装车间,L003,M004,夜班,9413.5,18.1,46.5,165.15
E001719,2026-04-18,涂装车间,L004,M002,白班,7538.3,20.7,40.8,117.79
E001720,2026-04-18,涂装车间,L004,M001,夜班,6157.5,14.6,46.5,118.41
E001721,2026-04-18,总装车间,L005,M006,白班,11885.5,11.4,31.6,276.41
E001722,2026-04-18,总装车间,L005,M006,夜班,10894.7,11.4,35.0,265.72
E001723,2026-04-18,焊装车间,L006,M005,白班,11526.6,13.5,58.9,235.24
E001724,2026-04-18,焊装车间,L006,M006,夜班,14266.3,10.5,24.7,285.33
E001725,2026-04-18,总装车间,L007,M007,白班,8364.7,11.3,61.1,194.53
E001726,2026-04-18,总装车间,L007,M007,夜班,8097.9,12.5,43.5,192.81
E001727,2026-04-18,检测车间,L008,M002,白班,7317.2,15.2,35.5,114.33
E001728,2026-04-18,检测车间,L008,M004,夜班,10493.8,17.1,60.7,139.92
E001729,2026-04-19,总装车间,L001,M002,白班,5809.9,9.5,27.4,111.73
E001730,2026-04-19,总装车间,L001,M002,夜班,5923.2,9.6,43.5,116.14
E001731,2026-04-19,焊装车间,L002,M003,白班,6632.2,9.6,53.4,135.35
E001732,2026-04-19,焊装车间,L002,M003,夜班,8445.8,13.9,62.7,143.15
E001733,2026-04-19,总装车间,L003,M004,白班,7298.0,12.0,27.1,148.94
E001734,2026-04-19,总装车间,L003,M004,夜班,7245.1,10.9,22.4,181.13
E001735,2026-04-19,涂装车间,L004,M001,白班,4930.2,13.8,45.2,114.66
E001736,2026-04-19,涂装车间,L004,M002,夜班,5504.4,13.6,22.2,125.1
E001737,2026-04-19,总装车间,L005,M006,白班,10523.9,11.2,22.0,263.1
E001738,2026-04-19,总装车间,L005,M006,夜班,10900.5,8.0,22.3,286.86
E001739,2026-04-19,焊装车间,L006,M005,白班,9201.1,8.5,58.1,235.93
E001740,2026-04-19,焊装车间,L006,M006,夜班,9420.9,7.6,24.9,261.69
E001741,2026-04-19,总装车间,L007,M008,白班,6255.4,7.9,20.6,215.7
E001742,2026-04-19,总装车间,L007,M007,夜班,5757.6,8.6,32.2,198.54
E001743,2026-04-19,检测车间,L008,M002,白班,5836.9,11.9,30.7,108.09
E001744,2026-04-19,检测车间,L008,M007,夜班,9217.7,13.3,65.1,177.26
E001745,2026-04-20,总装车间,L001,M001,白班,7685.0,19.8,110.2,96.06
E001746,2026-04-20,总装车间,L001,M002,夜班,9737.5,17.2,42.2,120.22
E001747,2026-04-20,焊装车间,L002,M004,白班,13209.9,18.9,54.2,155.41
E001748,2026-04-20,焊装车间,L002,M003,夜班,9402.8,18.5,74.5,142.47
E001749,2026-04-20,总装车间,L003,M003,白班,7501.2,13.4,88.1,127.14
E001750,2026-04-20,总装车间,L003,M003,夜班,10168.9,20.1,65.0,145.27
E001751,2026-04-20,涂装车间,L004,M001,白班,7214.5,12.7,69.6,114.52
E001752,2026-04-20,涂装车间,L004,M002,夜班,8025.2,18.9,34.0,131.56
E001753,2026-04-20,总装车间,L005,M006,白班,15574.9,19.5,34.5,255.33
E001754,2026-04-20,总装车间,L005,M005,夜班,14546.7,15.3,79.7,246.55
E001755,2026-04-20,焊装车间,L006,M006,白班,13817.6,9.9,39.8,276.35
E001756,2026-04-20,焊装车间,L006,M005,夜班,12768.6,13.2,83.3,228.01
E001757,2026-04-20,总装车间,L007,M007,白班,8445.2,15.5,44.6,183.59
E001758,2026-04-20,总装车间,L007,M008,夜班,9129.4,11.3,30.4,212.31
E001759,2026-04-20,检测车间,L008,M001,白班,5815.0,17.1,93.7,89.46
E001760,2026-04-20,检测车间,L008,M003,夜班,7864.8,13.0,84.6,122.89
E001761,2026-04-21,总装车间,L001,M001,白班,7692.7,23.3,119.0,92.68
E001762,2026-04-21,总装车间,L001,M002,夜班,9345.8,26.5,62.0,109.95
E001763,2026-04-21,焊装车间,L002,M004,白班,12218.4,25.4,58.0,152.73
E001764,2026-04-21,焊装车间,L002,M004,夜班,13014.3,24.5,47.0,154.93
E001765,2026-04-21,总装车间,L003,M004,白班,11254.2,21.1,38.3,163.1
E001766,2026-04-21,总装车间,L003,M004,夜班,9898.5,16.0,48.2,170.66
E001767,2026-04-21,涂装车间,L004,M001,白班,5801.9,13.6,78.5,103.61
E001768,2026-04-21,涂装车间,L004,M002,夜班,8319.5,19.8,48.0,132.06
E001769,2026-04-21,总装车间,L005,M005,白班,12040.4,13.9,72.5,215.01
E001770,2026-04-21,总装车间,L005,M005,夜班,13886.2,11.5,51.6,239.42
E001771,2026-04-21,焊装车间,L006,M006,白班,14721.1,18.3,29.9,262.88
E001772,2026-04-21,焊装车间,L006,M005,夜班,12957.8,11.5,55.7,249.19
E001773,2026-04-21,总装车间,L007,M008,白班,9511.0,12.2,34.1,202.36
E001774,2026-04-21,总装车间,L007,M007,夜班,11053.6,14.5,70.2,200.97
E001775,2026-04-21,检测车间,L008,M002,白班,9312.9,21.5,70.5,114.97
E001776,2026-04-21,检测车间,L008,M001,夜班,7617.1,19.4,116.3,91.77
E001777,2026-04-22,总装车间,L001,M001,白班,7507.6,14.5,94.4,93.84
E001778,2026-04-22,总装车间,L001,M002,夜班,9960.3,18.1,59.2,121.47
E001779,2026-04-22,焊装车间,L002,M003,白班,10591.3,18.9,91.0,145.09
E001780,2026-04-22,焊装车间,L002,M003,夜班,12114.5,21.2,87.3,147.74
E001781,2026-04-22,总装车间,L003,M004,白班,10677.8,14.0,50.3,150.39
E001782,2026-04-22,总装车间,L003,M004,夜班,9948.6,12.0,46.7,168.62
E001783,2026-04-22,涂装车间,L004,M001,白班,6355.1,14.0,74.8,107.71
E001784,2026-04-22,涂装车间,L004,M001,夜班,7119.7,16.5,95.4,111.25
E001785,2026-04-22,总装车间,L005,M005,白班,12536.1,13.7,77.5,236.53
E001786,2026-04-22,总装车间,L005,M005,夜班,12885.2,15.2,81.1,238.61
E001787,2026-04-22,焊装车间,L006,M005,白班,11803.4,12.2,51.5,214.61
E001788,2026-04-22,焊装车间,L006,M006,夜班,14778.4,10.3,40.9,295.57
E001789,2026-04-22,总装车间,L007,M007,白班,9709.8,11.2,63.9,198.16
E001790,2026-04-22,总装车间,L007,M008,夜班,9749.5,12.4,29.9,232.13
E001791,2026-04-22,检测车间,L008,M008,白班,14302.4,13.3,40.3,195.92
E001792,2026-04-22,检测车间,L008,M004,夜班,12511.5,16.2,64.7,143.81
E001793,2026-04-23,总装车间,L001,M001,白班,7825.7,15.8,71.9,101.63
E001794,2026-04-23,总装车间,L001,M002,夜班,8305.4,15.4,46.9,107.86
E001795,2026-04-23,焊装车间,L002,M004,白班,10596.0,19.4,37.6,155.82
E001796,2026-04-23,焊装车间,L002,M003,夜班,11554.0,25.6,71.1,142.64
E001797,2026-04-23,总装车间,L003,M003,白班,9483.6,20.9,95.9,143.69
E001798,2026-04-23,总装车间,L003,M004,夜班,8892.8,13.4,28.3,158.8
E001799,2026-04-23,涂装车间,L004,M001,白班,8112.7,23.0,98.2,111.13
E001800,2026-04-23,涂装车间,L004,M001,夜班,6711.8,12.3,53.1,110.03
E001801,2026-04-23,总装车间,L005,M006,白班,13742.0,10.7,29.8,245.39
E001802,2026-04-23,总装车间,L005,M005,夜班,14261.7,12.5,80.0,245.89
E001803,2026-04-23,焊装车间,L006,M006,白班,14263.8,16.1,30.6,264.14
E001804,2026-04-23,焊装车间,L006,M006,夜班,14034.7,17.8,37.0,259.9
E001805,2026-04-23,总装车间,L007,M007,白班,8734.5,10.7,58.3,198.51
E001806,2026-04-23,总装车间,L007,M008,夜班,10074.1,11.4,37.9,223.87
E001807,2026-04-23,检测车间,L008,M008,白班,17045.9,15.7,42.3,207.88
E001808,2026-04-23,检测车间,L008,M002,夜班,7981.9,18.3,56.4,115.68
E001809,2026-04-24,总装车间,L001,M002,白班,7943.2,21.7,42.9,104.52
E001810,2026-04-24,总装车间,L001,M002,夜班,10066.3,25.6,64.6,114.39
E001811,2026-04-24,焊装车间,L002,M003,白班,10811.1,17.8,77.0,133.47
E001812,2026-04-24,焊装车间,L002,M003,夜班,11586.1,17.8,72.2,144.83
E001813,2026-04-24,总装车间,L003,M003,白班,8655.6,21.8,67.0,125.44
E001814,2026-04-24,总装车间,L003,M004,夜班,10792.0,19.5,49.1,174.06
E001815,2026-04-24,涂装车间,L004,M002,白班,9647.3,23.7,53.5,133.99
E001816,2026-04-24,涂装车间,L004,M002,夜班,8655.2,17.4,56.6,127.28
E001817,2026-04-24,总装车间,L005,M006,白班,17140.6,17.8,53.0,276.46
E001818,2026-04-24,总装车间,L005,M005,夜班,12332.6,15.5,69.0,216.36
E001819,2026-04-24,焊装车间,L006,M005,白班,11113.7,11.2,69.2,213.73
E001820,2026-04-24,焊装车间,L006,M005,夜班,13653.6,11.6,77.7,252.84
E001821,2026-04-24,总装车间,L007,M007,白班,9149.0,10.6,66.7,190.6
E001822,2026-04-24,总装车间,L007,M008,夜班,12996.7,14.0,36.6,240.68
E001823,2026-04-24,检测车间,L008,M004,白班,9654.5,12.6,47.6,139.92
E001824,2026-04-24,检测车间,L008,M002,夜班,8024.5,20.2,37.8,109.92
E001825,2026-04-25,总装车间,L001,M002,白班,7577.8,13.7,56.5,103.81
E001826,2026-04-25,总装车间,L001,M001,夜班,7874.4,17.0,118.1,97.21
E001827,2026-04-25,焊装车间,L002,M004,白班,10989.3,18.4,57.6,150.54
E001828,2026-04-25,焊装车间,L002,M003,夜班,10938.3,16.2,68.0,151.92
E001829,2026-04-25,总装车间,L003,M004,白班,9944.2,13.2,53.6,148.42
E001830,2026-04-25,总装车间,L003,M004,夜班,10315.6,19.1,38.6,169.11
E001831,2026-04-25,涂装车间,L004,M001,白班,6342.5,18.7,65.8,115.32
E001832,2026-04-25,涂装车间,L004,M002,夜班,7581.3,18.0,45.7,133.01
E001833,2026-04-25,总装车间,L005,M005,白班,10592.6,12.7,55.0,220.68
E001834,2026-04-25,总装车间,L005,M005,夜班,11697.6,10.9,68.2,243.7
E001835,2026-04-25,焊装车间,L006,M005,白班,10622.0,12.4,63.1,230.91
E001836,2026-04-25,焊装车间,L006,M006,夜班,13565.8,9.6,33.7,294.91
E001837,2026-04-25,总装车间,L007,M008,白班,10456.0,10.3,35.3,232.36
E001838,2026-04-25,总装车间,L007,M008,夜班,10937.5,13.4,30.9,237.77
E001839,2026-04-25,检测车间,L008,M008,白班,12462.0,16.2,50.2,186.0
E001840,2026-04-25,检测车间,L008,M006,夜班,14909.5,15.5,42.2,252.7
E001841,2026-04-26,总装车间,L001,M001,白班,5336.7,11.7,63.8,104.64
E001842,2026-04-26,总装车间,L001,M002,夜班,7052.1,17.2,51.8,115.61
E001843,2026-04-26,焊装车间,L002,M004,白班,8518.5,18.3,32.4,152.12
E001844,2026-04-26,焊装车间,L002,M003,夜班,8189.6,16.0,64.5,146.24
E001845,2026-04-26,总装车间,L003,M004,白班,6985.8,12.9,36.0,162.46
E001846,2026-04-26,总装车间,L003,M003,夜班,6772.4,14.5,69.6,138.21
E001847,2026-04-26,涂装车间,L004,M001,白班,4815.3,9.8,54.5,111.98
E001848,2026-04-26,涂装车间,L004,M002,夜班,5975.7,13.6,29.1,124.49
E001849,2026-04-26,总装车间,L005,M005,白班,8522.8,7.1,34.2,236.74
E001850,2026-04-26,总装车间,L005,M005,夜班,9971.4,11.0,52.5,237.41
E001851,2026-04-26,焊装车间,L006,M005,白班,8515.6,9.1,33.9,243.3
E001852,2026-04-26,焊装车间,L006,M005,夜班,8880.8,8.6,34.2,233.71
E001853,2026-04-26,总装车间,L007,M007,白班,7154.6,10.6,55.7,193.37
E001854,2026-04-26,总装车间,L007,M007,夜班,6909.2,7.9,43.3,203.21
E001855,2026-04-26,检测车间,L008,M004,白班,7703.8,15.3,41.8,151.05
E001856,2026-04-26,检测车间,L008,M001,夜班,5602.1,15.5,79.6,98.28
E001857,2026-04-27,总装车间,L001,M002,白班,9443.1,24.6,57.1,102.64
E001858,2026-04-27,总装车间,L001,M002,夜班,8387.8,17.5,54.2,107.54
E001859,2026-04-27,焊装车间,L002,M003,白班,10664.0,24.1,94.0,146.08
E001860,2026-04-27,焊装车间,L002,M003,夜班,11955.1,26.7,119.9,144.04
E001861,2026-04-27,总装车间,L003,M003,白班,8925.3,21.5,61.7,133.21
E001862,2026-04-27,总装车间,L003,M004,夜班,9533.3,17.4,49.3,161.58
E001863,2026-04-27,涂装车间,L004,M002,白班,9085.3,16.6,52.3,126.18
E001864,2026-04-27,涂装车间,L004,M002,夜班,7227.5,12.7,42.4,118.48
E001865,2026-04-27,总装车间,L005,M005,白班,13006.5,12.6,68.6,228.18
E001866,2026-04-27,总装车间,L005,M005,夜班,12128.4,13.6,51.1,224.6
E001867,2026-04-27,焊装车间,L006,M005,白班,11589.1,15.2,81.7,218.66
E001868,2026-04-27,焊装车间,L006,M005,夜班,11210.1,13.0,73.0,224.2
E001869,2026-04-27,总装车间,L007,M008,白班,9680.4,12.4,33.8,201.67
E001870,2026-04-27,总装车间,L007,M008,夜班,10718.1,15.3,39.7,228.04
E001871,2026-04-27,检测车间,L008,M002,白班,7130.0,17.7,39.0,109.69
E001872,2026-04-27,检测车间,L008,M003,夜班,11118.5,22.8,89.9,135.59
E001873,2026-04-28,总装车间,L001,M002,白班,10100.9,22.0,74.5,117.45
E001874,2026-04-28,总装车间,L001,M001,夜班,7586.0,22.0,63.3,103.92
E001875,2026-04-28,焊装车间,L002,M003,白班,11784.9,21.7,115.8,135.46
E001876,2026-04-28,焊装车间,L002,M004,夜班,12933.3,18.4,54.3,174.77
E001877,2026-04-28,总装车间,L003,M003,白班,10212.9,15.3,84.8,143.84
E001878,2026-04-28,总装车间,L003,M003,夜班,9571.0,20.5,56.6,151.92
E001879,2026-04-28,涂装车间,L004,M002,白班,8562.6,18.0,59.1,115.71
E001880,2026-04-28,涂装车间,L004,M001,夜班,8060.9,20.8,103.4,115.16
E001881,2026-04-28,总装车间,L005,M005,白班,11643.4,17.5,61.9,207.92
E001882,2026-04-28,总装车间,L005,M005,夜班,14102.6,14.2,66.8,247.41
E001883,2026-04-28,焊装车间,L006,M006,白班,14407.6,14.6,30.8,282.5
E001884,2026-04-28,焊装车间,L006,M006,夜班,14299.6,10.4,43.0,269.8
E001885,2026-04-28,总装车间,L007,M007,白班,10273.4,18.0,50.5,193.84
E001886,2026-04-28,总装车间,L007,M008,夜班,11371.0,10.3,37.3,222.96
E001887,2026-04-28,检测车间,L008,M004,白班,10063.5,17.1,38.2,141.74
E001888,2026-04-28,检测车间,L008,M007,夜班,13337.8,16.5,121.0,171.0
E001889,2026-04-29,总装车间,L001,M002,白班,10300.0,18.8,47.9,118.39
E001890,2026-04-29,总装车间,L001,M001,夜班,7749.8,18.1,111.1,90.11
E001891,2026-04-29,焊装车间,L002,M003,白班,11714.6,22.9,79.6,141.14
E001892,2026-04-29,焊装车间,L002,M003,夜班,12536.4,21.5,77.0,152.88
E001893,2026-04-29,总装车间,L003,M003,白班,9733.6,16.7,83.1,143.14
E001894,2026-04-29,总装车间,L003,M004,夜班,10119.2,13.3,31.3,160.62
E001895,2026-04-29,涂装车间,L004,M002,白班,9024.4,24.3,43.1,132.71
E001896,2026-04-29,涂装车间,L004,M001,夜班,8359.1,16.3,92.9,114.51
E001897,2026-04-29,总装车间,L005,M005,白班,12678.1,11.0,66.0,222.42
E001898,2026-04-29,总装车间,L005,M005,夜班,11926.6,15.4,74.7,238.53
E001899,2026-04-29,焊装车间,L006,M005,白班,13969.3,15.8,53.9,245.08
E001900,2026-04-29,焊装车间,L006,M005,夜班,14458.9,18.8,84.0,253.66
E001901,2026-04-29,总装车间,L007,M007,白班,11162.9,15.0,74.2,199.34
E001902,2026-04-29,总装车间,L007,M008,夜班,10392.6,12.1,35.4,241.69
E001903,2026-04-29,检测车间,L008,M006,白班,17770.4,18.7,36.5,253.86
E001904,2026-04-29,检测车间,L008,M004,夜班,10883.2,18.1,43.7,157.73
E001905,2026-04-30,总装车间,L001,M002,白班,9877.8,17.9,49.7,117.59
E001906,2026-04-30,总装车间,L001,M002,夜班,10381.8,26.0,69.4,112.85
E001907,2026-04-30,焊装车间,L002,M003,白班,10915.0,17.5,90.0,149.52
E001908,2026-04-30,焊装车间,L002,M004,夜班,12411.5,15.2,62.3,170.02
E001909,2026-04-30,总装车间,L003,M004,白班,12504.6,24.9,38.9,158.29
E001910,2026-04-30,总装车间,L003,M003,夜班,9928.1,16.0,58.7,150.43
E001911,2026-04-30,涂装车间,L004,M002,白班,7385.9,19.5,37.7,131.89
E001912,2026-04-30,涂装车间,L004,M001,夜班,7210.0,22.5,100.1,107.61
E001913,2026-04-30,总装车间,L005,M005,白班,12396.6,18.9,61.1,217.48
E001914,2026-04-30,总装车间,L005,M006,夜班,13429.6,14.0,44.7,258.26
E001915,2026-04-30,焊装车间,L006,M006,白班,14134.2,13.7,32.3,288.45
E001916,2026-04-30,焊装车间,L006,M006,夜班,14580.5,15.5,27.3,270.01
E001917,2026-04-30,总装车间,L007,M008,白班,10831.2,16.0,44.5,208.29
E001918,2026-04-30,总装车间,L007,M007,夜班,11354.8,16.6,79.8,214.24
E001919,2026-04-30,检测车间,L008,M002,白班,8443.8,18.5,61.1,112.58
E001920,2026-04-30,检测车间,L008,M001,夜班,7373.8,15.8,85.3,98.32
E001921,2026-05-01,总装车间,L001,M002,白班,9238.8,21.1,46.2,114.06
E001922,2026-05-01,总装车间,L001,M001,夜班,7915.8,23.2,105.6,100.2
E001923,2026-05-01,焊装车间,L002,M003,白班,9569.6,17.3,61.7,136.71
E001924,2026-05-01,焊装车间,L002,M003,夜班,10493.0,18.3,70.6,147.79
E001925,2026-05-01,总装车间,L003,M003,白班,8444.9,17.3,89.0,131.95
E001926,2026-05-01,总装车间,L003,M003,夜班,7338.2,11.6,64.0,135.89
E001927,2026-05-01,涂装车间,L004,M002,白班,6872.4,13.6,43.0,122.72
E001928,2026-05-01,涂装车间,L004,M001,夜班,7727.5,23.4,73.9,108.84
E001929,2026-05-01,总装车间,L005,M006,白班,13745.8,14.9,40.9,264.34
E001930,2026-05-01,总装车间,L005,M005,夜班,14762.5,17.0,93.9,242.01
E001931,2026-05-01,焊装车间,L006,M006,白班,13355.1,12.2,37.4,284.15
E001932,2026-05-01,焊装车间,L006,M006,夜班,13199.3,11.2,38.5,280.84
E001933,2026-05-01,总装车间,L007,M007,白班,7708.9,13.7,45.9,188.02
E001934,2026-05-01,总装车间,L007,M007,夜班,8305.6,12.2,43.5,207.64
E001935,2026-05-01,检测车间,L008,M002,白班,8076.4,13.7,41.6,110.64
E001936,2026-05-01,检测车间,L008,M001,夜班,6754.2,20.8,94.1,97.89
E001937,2026-05-02,总装车间,L001,M002,白班,7328.7,12.5,51.4,111.04
E001938,2026-05-02,总装车间,L001,M001,夜班,7974.4,17.6,67.9,102.24
E001939,2026-05-02,焊装车间,L002,M003,白班,9458.4,17.5,106.0,129.57
E001940,2026-05-02,焊装车间,L002,M003,夜班,9249.4,15.4,66.1,156.77
E001941,2026-05-02,总装车间,L003,M004,白班,10222.7,14.9,46.0,152.58
E001942,2026-05-02,总装车间,L003,M003,夜班,6476.3,13.5,43.6,143.92
E001943,2026-05-02,涂装车间,L004,M002,白班,5994.8,13.4,29.8,115.28
E001944,2026-05-02,涂装车间,L004,M001,夜班,6003.6,12.5,61.7,107.21
E001945,2026-05-02,总装车间,L005,M005,白班,10625.2,10.2,54.8,236.12
E001946,2026-05-02,总装车间,L005,M006,夜班,12907.4,17.0,36.4,248.22
E001947,2026-05-02,焊装车间,L006,M005,白班,9760.0,9.7,64.0,232.38
E001948,2026-05-02,焊装车间,L006,M005,夜班,8462.6,10.5,49.9,222.7
E001949,2026-05-02,总装车间,L007,M007,白班,6608.8,7.3,41.5,188.82
E001950,2026-05-02,总装车间,L007,M008,夜班,9850.5,9.2,33.2,240.26
E001951,2026-05-02,检测车间,L008,M002,白班,5561.2,15.0,38.4,101.11
E001952,2026-05-02,检测车间,L008,M005,夜班,13429.2,17.8,71.6,197.49
E001953,2026-05-03,总装车间,L001,M002,白班,6333.8,15.6,48.0,105.56
E001954,2026-05-03,总装车间,L001,M001,夜班,5525.8,12.9,78.6,104.26
E001955,2026-05-03,焊装车间,L002,M003,白班,6532.4,13.8,73.6,133.31
E001956,2026-05-03,焊装车间,L002,M003,夜班,7628.2,14.2,69.4,138.69
E001957,2026-05-03,总装车间,L003,M003,白班,6869.5,16.5,72.1,134.7
E001958,2026-05-03,总装车间,L003,M004,夜班,7473.7,11.3,33.4,173.81
E001959,2026-05-03,涂装车间,L004,M002,白班,6246.9,13.1,38.6,127.49
E001960,2026-05-03,涂装车间,L004,M001,夜班,4610.9,14.5,58.7,107.23
E001961,2026-05-03,总装车间,L005,M006,白班,10232.2,11.6,28.0,276.55
E001962,2026-05-03,总装车间,L005,M006,夜班,9599.9,7.9,24.8,274.28
E001963,2026-05-03,焊装车间,L006,M006,白班,9316.9,10.7,25.6,266.2
E001964,2026-05-03,焊装车间,L006,M006,夜班,10588.8,8.7,26.8,286.18
E001965,2026-05-03,总装车间,L007,M008,白班,6918.9,9.2,18.6,230.63
E001966,2026-05-03,总装车间,L007,M007,夜班,7150.5,11.1,51.9,204.3
E001967,2026-05-03,检测车间,L008,M002,白班,5727.7,13.2,28.3,112.31
E001968,2026-05-03,检测车间,L008,M007,夜班,9923.7,16.1,62.4,187.24
E001969,2026-05-04,总装车间,L001,M002,白班,10469.9,22.2,66.9,118.98
E001970,2026-05-04,总装车间,L001,M001,夜班,7945.0,19.7,126.3,96.89
E001971,2026-05-04,焊装车间,L002,M003,白班,8648.2,14.8,72.3,144.14
E001972,2026-05-04,焊装车间,L002,M004,夜班,10184.5,16.7,47.1,154.31
E001973,2026-05-04,总装车间,L003,M003,白班,10756.8,20.0,94.7,137.91
E001974,2026-05-04,总装车间,L003,M003,夜班,9623.1,22.4,71.3,135.54
E001975,2026-05-04,涂装车间,L004,M001,白班,7171.2,23.0,84.5,101.0
E001976,2026-05-04,涂装车间,L004,M002,夜班,7382.9,15.4,35.6,125.13
E001977,2026-05-04,总装车间,L005,M006,白班,13166.7,15.8,25.3,258.17
E001978,2026-05-04,总装车间,L005,M006,夜班,15205.2,16.2,36.8,276.46
E001979,2026-05-04,焊装车间,L006,M006,白班,13372.5,9.9,36.2,267.45
E001980,2026-05-04,焊装车间,L006,M006,夜班,14444.7,15.5,28.7,294.79
E001981,2026-05-04,总装车间,L007,M007,白班,9399.7,11.3,60.2,187.99
E001982,2026-05-04,总装车间,L007,M008,夜班,8988.0,9.1,28.0,214.0
E001983,2026-05-04,检测车间,L008,M005,白班,14287.7,14.6,71.3,216.48
E001984,2026-05-04,检测车间,L008,M001,夜班,6756.4,15.0,78.0,86.62
E001985,2026-05-05,总装车间,L001,M001,白班,8817.2,21.3,81.2,99.07
E001986,2026-05-05,总装车间,L001,M001,夜班,8393.6,16.5,117.2,92.24
E001987,2026-05-05,焊装车间,L002,M004,白班,12830.6,22.4,62.0,162.41
E001988,2026-05-05,焊装车间,L002,M003,夜班,11138.7,19.1,85.9,144.66
E001989,2026-05-05,总装车间,L003,M003,白班,8054.9,18.3,91.0,134.25
E001990,2026-05-05,总装车间,L003,M003,夜班,7216.3,10.5,77.7,131.21
E001991,2026-05-05,涂装车间,L004,M002,白班,7303.9,15.3,44.7,115.93
E001992,2026-05-05,涂装车间,L004,M001,夜班,7082.6,21.1,73.1,107.31
E001993,2026-05-05,总装车间,L005,M006,白班,12780.2,9.6,40.1,250.59
E001994,2026-05-05,总装车间,L005,M005,夜班,10897.8,11.8,59.8,242.17
E001995,2026-05-05,焊装车间,L006,M006,白班,11696.1,9.4,25.8,278.48
E001996,2026-05-05,焊装车间,L006,M006,夜班,14266.7,10.9,26.3,269.18
E001997,2026-05-05,总装车间,L007,M008,白班,8950.2,12.4,35.1,213.1
E001998,2026-05-05,总装车间,L007,M007,夜班,8813.0,11.9,57.0,209.83
E001999,2026-05-05,检测车间,L008,M001,白班,6881.4,15.5,78.0,90.54
E002000,2026-05-05,检测车间,L008,M002,夜班,7020.4,12.7,43.0,103.24
E002001,2026-05-06,总装车间,L001,M002,白班,9897.3,18.9,69.0,116.44
E002002,2026-05-06,总装车间,L001,M001,夜班,8430.8,19.4,111.7,94.73
E002003,2026-05-06,焊装车间,L002,M003,白班,10271.0,16.0,92.2,142.65
E002004,2026-05-06,焊装车间,L002,M004,夜班,13051.0,21.8,62.3,167.32
E002005,2026-05-06,总装车间,L003,M003,白班,9106.7,14.9,84.3,140.1
E002006,2026-05-06,总装车间,L003,M003,夜班,9081.3,12.2,62.8,151.35
E002007,2026-05-06,涂装车间,L004,M001,白班,7887.3,21.2,94.6,112.68
E002008,2026-05-06,涂装车间,L004,M001,夜班,7434.6,20.7,87.8,106.21
E002009,2026-05-06,总装车间,L005,M005,白班,11181.5,15.4,74.2,219.25
E002010,2026-05-06,总装车间,L005,M005,夜班,10546.8,8.8,67.2,229.28
E002011,2026-05-06,焊装车间,L006,M005,白班,11422.7,14.2,78.4,219.67
E002012,2026-05-06,焊装车间,L006,M006,夜班,15728.1,15.8,29.9,285.97
E002013,2026-05-06,总装车间,L007,M007,白班,8042.6,9.3,61.1,187.04
E002014,2026-05-06,总装车间,L007,M008,夜班,10222.3,10.5,22.4,232.32
E002015,2026-05-06,检测车间,L008,M002,白班,7446.2,19.2,50.3,112.82
E002016,2026-05-06,检测车间,L008,M007,夜班,13518.3,14.7,92.1,187.75
E002017,2026-05-07,总装车间,L001,M002,白班,7369.6,13.3,48.3,105.28
E002018,2026-05-07,总装车间,L001,M002,夜班,9011.6,21.5,54.2,114.07
E002019,2026-05-07,焊装车间,L002,M004,白班,11374.0,16.0,44.5,153.7
E002020,2026-05-07,焊装车间,L002,M004,夜班,10029.5,13.9,52.1,161.77
E002021,2026-05-07,总装车间,L003,M004,白班,9521.4,19.3,34.1,142.11
E002022,2026-05-07,总装车间,L003,M004,夜班,8974.0,14.3,43.3,172.58
E002023,2026-05-07,涂装车间,L004,M002,白班,6564.8,17.4,41.6,123.86
E002024,2026-05-07,涂装车间,L004,M002,夜班,7947.2,12.5,30.8,139.42
E002025,2026-05-07,总装车间,L005,M005,白班,11362.5,12.3,51.8,218.51
E002026,2026-05-07,总装车间,L005,M005,夜班,11539.7,10.9,46.5,226.27
E002027,2026-05-07,焊装车间,L006,M006,白班,15377.3,16.3,47.5,260.63
E002028,2026-05-07,焊装车间,L006,M005,夜班,12224.6,14.7,59.0,239.7
E002029,2026-05-07,总装车间,L007,M007,白班,7894.4,10.4,42.2,183.59
E002030,2026-05-07,总装车间,L007,M007,夜班,8242.5,12.8,46.2,206.06
E002031,2026-05-07,检测车间,L008,M006,白班,16709.4,22.9,61.0,222.79
E002032,2026-05-07,检测车间,L008,M002,夜班,9041.9,25.8,66.0,107.64
E002033,2026-05-08,总装车间,L001,M002,白班,8854.4,23.1,42.4,112.08
E002034,2026-05-08,总装车间,L001,M002,夜班,8609.5,15.2,40.5,119.58
E002035,2026-05-08,焊装车间,L002,M003,白班,10989.9,17.5,76.5,137.37
E002036,2026-05-08,焊装车间,L002,M003,夜班,10710.4,24.1,105.3,133.88
E002037,2026-05-08,总装车间,L003,M003,白班,7298.2,13.1,74.4,125.83
E002038,2026-05-08,总装车间,L003,M003,夜班,8275.6,10.9,55.4,147.78
E002039,2026-05-08,涂装车间,L004,M002,白班,7524.4,17.1,42.9,119.43
E002040,2026-05-08,涂装车间,L004,M002,夜班,7580.8,18.2,41.7,130.7
E002041,2026-05-08,总装车间,L005,M006,白班,14539.9,13.8,41.6,259.64
E002042,2026-05-08,总装车间,L005,M005,夜班,13173.8,12.0,64.9,235.25
E002043,2026-05-08,焊装车间,L006,M005,白班,12534.9,13.6,50.7,245.78
E002044,2026-05-08,焊装车间,L006,M005,夜班,11739.5,14.0,64.2,244.57
E002045,2026-05-08,总装车间,L007,M008,白班,8347.5,9.3,32.7,214.04
E002046,2026-05-08,总装车间,L007,M008,夜班,10224.0,15.4,29.9,217.53
E002047,2026-05-08,检测车间,L008,M004,白班,11526.5,13.8,56.3,149.69
E002048,2026-05-08,检测车间,L008,M004,夜班,10132.2,14.6,45.8,144.75
E002049,2026-05-09,总装车间,L001,M001,白班,6687.2,14.4,90.6,98.34
E002050,2026-05-09,总装车间,L001,M002,夜班,8476.9,13.5,38.0,113.03
E002051,2026-05-09,焊装车间,L002,M004,白班,9839.5,14.6,49.8,169.65
E002052,2026-05-09,焊装车间,L002,M004,夜班,9476.5,16.0,41.1,163.39
E002053,2026-05-09,总装车间,L003,M003,白班,8690.6,18.9,59.4,127.8
E002054,2026-05-09,总装车间,L003,M004,夜班,10292.0,14.4,41.0,168.72
E002055,2026-05-09,涂装车间,L004,M001,白班,6662.1,19.5,73.4,111.04
E002056,2026-05-09,涂装车间,L004,M002,夜班,7170.9,12.1,34.0,137.9
E002057,2026-05-09,总装车间,L005,M005,白班,10494.2,12.0,66.0,209.88
E002058,2026-05-09,总装车间,L005,M006,夜班,12928.8,10.3,32.3,287.31
E002059,2026-05-09,焊装车间,L006,M006,白班,12027.1,9.6,33.2,261.46
E002060,2026-05-09,焊装车间,L006,M006,夜班,12047.8,12.4,27.6,261.91
E002061,2026-05-09,总装车间,L007,M008,白班,8443.3,13.5,26.4,205.93
E002062,2026-05-09,总装车间,L007,M007,夜班,8289.4,8.4,60.1,207.23
E002063,2026-05-09,检测车间,L008,M005,白班,12306.4,14.8,52.4,205.11
E002064,2026-05-09,检测车间,L008,M003,夜班,8772.1,14.6,96.0,139.24
E002065,2026-05-10,总装车间,L001,M002,白班,6845.8,14.0,48.3,114.1
E002066,2026-05-10,总装车间,L001,M002,夜班,6434.1,11.2,52.0,107.23
E002067,2026-05-10,焊装车间,L002,M003,白班,6236.7,12.0,67.0,141.74
E002068,2026-05-10,焊装车间,L002,M003,夜班,6879.1,10.3,71.3,146.36
E002069,2026-05-10,总装车间,L003,M004,白班,6427.2,11.8,33.8,156.76
E002070,2026-05-10,总装车间,L003,M004,夜班,5438.3,9.5,21.3,169.95
E002071,2026-05-10,涂装车间,L004,M002,白班,4796.5,11.1,33.5,119.91
E002072,2026-05-10,涂装车间,L004,M002,夜班,5599.7,10.8,37.2,127.27
E002073,2026-05-10,总装车间,L005,M006,白班,9893.5,11.6,23.9,274.82
E002074,2026-05-10,总装车间,L005,M006,夜班,9920.2,10.9,23.5,254.36
E002075,2026-05-10,焊装车间,L006,M005,白班,7665.5,7.0,35.6,247.27
E002076,2026-05-10,焊装车间,L006,M006,夜班,11956.7,11.8,31.2,298.92
E002077,2026-05-10,总装车间,L007,M007,白班,5707.4,8.0,31.8,190.25
E002078,2026-05-10,总装车间,L007,M008,夜班,6547.3,6.4,23.8,225.77
E002079,2026-05-10,检测车间,L008,M003,白班,6587.7,15.3,76.8,131.75
E002080,2026-05-10,检测车间,L008,M001,夜班,5226.0,12.6,49.5,96.78
E002081,2026-05-11,总装车间,L001,M001,白班,7928.9,27.3,114.2,92.2
E002082,2026-05-11,总装车间,L001,M002,夜班,8249.3,16.8,43.0,117.85
E002083,2026-05-11,焊装车间,L002,M004,白班,10035.1,13.6,55.4,149.78
E002084,2026-05-11,焊装车间,L002,M003,夜班,9983.9,14.5,72.3,142.63
E002085,2026-05-11,总装车间,L003,M004,白班,8341.5,18.0,49.0,146.34
E002086,2026-05-11,总装车间,L003,M004,夜班,9825.2,17.6,49.6,163.75
E002087,2026-05-11,涂装车间,L004,M001,白班,6600.6,17.1,66.7,98.52
E002088,2026-05-11,涂装车间,L004,M002,夜班,7288.7,15.2,31.9,134.98
E002089,2026-05-11,总装车间,L005,M005,白班,11583.0,11.2,45.5,231.66
E002090,2026-05-11,总装车间,L005,M005,夜班,10736.7,15.9,55.2,219.12
E002091,2026-05-11,焊装车间,L006,M006,白班,15342.5,14.8,39.2,269.17
E002092,2026-05-11,焊装车间,L006,M005,夜班,10810.9,15.5,55.7,240.24
E002093,2026-05-11,总装车间,L007,M007,白班,9606.7,10.6,44.5,192.13
E002094,2026-05-11,总装车间,L007,M008,夜班,9986.7,14.9,27.7,221.93
E002095,2026-05-11,检测车间,L008,M002,白班,8513.1,15.2,68.2,106.41
E002096,2026-05-11,检测车间,L008,M006,夜班,19825.4,17.0,61.2,238.86
E002097,2026-05-12,总装车间,L001,M002,白班,8838.0,17.3,52.5,110.47
E002098,2026-05-12,总装车间,L001,M001,夜班,8579.2,21.2,121.2,105.92
E002099,2026-05-12,焊装车间,L002,M003,白班,9991.9,23.4,69.0,140.73
E002100,2026-05-12,焊装车间,L002,M004,夜班,12653.4,25.0,41.0,164.33
E002101,2026-05-12,总装车间,L003,M004,白班,10929.2,23.8,48.1,147.69
E002102,2026-05-12,总装车间,L003,M004,夜班,8392.1,11.7,43.3,152.58
E002103,2026-05-12,涂装车间,L004,M001,白班,6043.5,17.2,67.6,107.92
E002104,2026-05-12,涂装车间,L004,M001,夜班,6370.0,12.2,57.7,109.83
E002105,2026-05-12,总装车间,L005,M005,白班,13413.4,12.4,56.2,235.32
E002106,2026-05-12,总装车间,L005,M006,夜班,15090.5,13.1,29.8,264.75
E002107,2026-05-12,焊装车间,L006,M005,白班,10264.5,9.3,55.9,228.1
E002108,2026-05-12,焊装车间,L006,M006,夜班,12571.3,10.6,24.1,267.47
E002109,2026-05-12,总装车间,L007,M007,白班,8740.7,11.6,63.0,190.02
E002110,2026-05-12,总装车间,L007,M008,夜班,10274.6,10.4,35.9,233.51
E002111,2026-05-12,检测车间,L008,M001,白班,7207.5,14.6,112.8,96.1
E002112,2026-05-12,检测车间,L008,M004,夜班,11715.4,16.3,36.7,156.21
E002113,2026-05-13,总装车间,L001,M001,白班,6788.8,19.5,98.4,95.62
E002114,2026-05-13,总装车间,L001,M001,夜班,7644.6,18.3,114.1,93.23
E002115,2026-05-13,焊装车间,L002,M003,白班,10214.9,16.4,94.7,143.87
E002116,2026-05-13,焊装车间,L002,M003,夜班,10708.7,17.6,63.0,146.69
E002117,2026-05-13,总装车间,L003,M004,白班,11422.6,16.5,58.9,150.3
E002118,2026-05-13,总装车间,L003,M004,夜班,9545.1,10.2,33.5,173.55
E002119,2026-05-13,涂装车间,L004,M001,白班,7125.9,23.9,92.7,104.79
E002120,2026-05-13,涂装车间,L004,M002,夜班,7404.7,18.8,29.2,132.23
E002121,2026-05-13,总装车间,L005,M005,白班,9756.7,14.5,42.4,212.1
E002122,2026-05-13,总装车间,L005,M006,夜班,14632.0,13.4,34.8,252.28
E002123,2026-05-13,焊装车间,L006,M005,白班,12089.1,12.8,47.6,237.04
E002124,2026-05-13,焊装车间,L006,M006,夜班,11883.9,13.8,26.3,258.35
E002125,2026-05-13,总装车间,L007,M008,白班,11122.4,16.7,42.6,213.89
E002126,2026-05-13,总装车间,L007,M007,夜班,8230.2,12.1,49.1,205.76
E002127,2026-05-13,检测车间,L008,M008,白班,12233.9,14.0,35.0,182.6
E002128,2026-05-13,检测车间,L008,M008,夜班,13764.3,19.0,34.8,205.44
E002129,2026-05-14,总装车间,L001,M002,白班,8839.4,16.2,45.9,106.5
E002130,2026-05-14,总装车间,L001,M001,夜班,6934.6,18.2,75.8,93.71
E002131,2026-05-14,焊装车间,L002,M004,白班,12082.7,19.5,63.3,163.28
E002132,2026-05-14,焊装车间,L002,M003,夜班,11287.2,15.7,68.0,152.53
E002133,2026-05-14,总装车间,L003,M004,白班,10506.8,13.0,53.7,166.77
E002134,2026-05-14,总装车间,L003,M004,夜班,11179.0,21.9,52.5,159.7
E002135,2026-05-14,涂装车间,L004,M001,白班,7280.8,16.7,92.2,108.67
E002136,2026-05-14,涂装车间,L004,M002,夜班,9078.4,19.5,44.6,133.51
E002137,2026-05-14,总装车间,L005,M006,白班,11797.4,12.4,40.9,240.76
E002138,2026-05-14,总装车间,L005,M006,夜班,14042.4,15.7,43.4,280.85
E002139,2026-05-14,焊装车间,L006,M005,白班,11709.9,14.0,63.2,216.85
E002140,2026-05-14,焊装车间,L006,M006,夜班,12460.3,12.2,24.3,276.9
E002141,2026-05-14,总装车间,L007,M008,白班,10583.3,13.9,25.4,230.07
E002142,2026-05-14,总装车间,L007,M008,夜班,9692.3,12.2,26.7,225.4
E002143,2026-05-14,检测车间,L008,M002,白班,7074.5,19.1,38.9,101.06
E002144,2026-05-14,检测车间,L008,M004,夜班,11288.3,14.0,63.4,152.54
E002145,2026-05-15,总装车间,L001,M002,白班,8730.1,20.3,72.7,103.93
E002146,2026-05-15,总装车间,L001,M001,夜班,7891.2,16.8,84.4,93.94
E002147,2026-05-15,焊装车间,L002,M004,白班,11529.8,23.5,59.8,164.71
E002148,2026-05-15,焊装车间,L002,M003,夜班,8681.1,12.5,70.3,137.8
E002149,2026-05-15,总装车间,L003,M004,白班,11334.1,22.5,49.3,151.12
E002150,2026-05-15,总装车间,L003,M004,夜班,8730.7,12.1,34.2,167.9
E002151,2026-05-15,涂装车间,L004,M002,白班,8746.3,22.3,38.0,132.52
E002152,2026-05-15,涂装车间,L004,M002,夜班,7675.3,14.5,48.7,119.93
E002153,2026-05-15,总装车间,L005,M005,白班,12182.5,10.9,64.8,243.65
E002154,2026-05-15,总装车间,L005,M006,夜班,15537.7,17.5,43.4,272.59
E002155,2026-05-15,焊装车间,L006,M005,白班,10669.4,8.8,43.3,237.1
E002156,2026-05-15,焊装车间,L006,M005,夜班,11662.3,12.9,46.0,242.96
E002157,2026-05-15,总装车间,L007,M008,白班,9809.6,9.6,28.7,222.95
E002158,2026-05-15,总装车间,L007,M007,夜班,8171.4,13.0,57.7,194.56
E002159,2026-05-15,检测车间,L008,M001,白班,6098.9,12.3,66.9,88.39
E002160,2026-05-15,检测车间,L008,M002,夜班,7423.2,13.7,32.1,117.83
E002161,2026-05-16,总装车间,L001,M002,白班,9169.8,21.0,40.7,122.26
E002162,2026-05-16,总装车间,L001,M001,夜班,7913.6,15.2,69.4,104.13
E002163,2026-05-16,焊装车间,L002,M003,白班,7858.2,11.3,70.8,133.19
E002164,2026-05-16,焊装车间,L002,M004,夜班,10770.9,14.3,44.2,158.4
E002165,2026-05-16,总装车间,L003,M004,白班,9648.9,13.1,40.2,166.36
E002166,2026-05-16,总装车间,L003,M003,夜班,8364.1,17.0,60.7,141.76
E002167,2026-05-16,涂装车间,L004,M002,白班,7805.3,17.6,37.7,127.96
E002168,2026-05-16,涂装车间,L004,M001,夜班,5925.8,17.3,57.6,103.96
E002169,2026-05-16,总装车间,L005,M006,白班,11285.8,14.2,24.9,262.46
E002170,2026-05-16,总装车间,L005,M005,夜班,11374.8,10.3,56.2,242.02
E002171,2026-05-16,焊装车间,L006,M006,白班,13186.3,12.5,38.2,286.66
E002172,2026-05-16,焊装车间,L006,M005,夜班,11633.2,12.8,69.2,242.36
E002173,2026-05-16,总装车间,L007,M008,白班,8253.7,11.3,22.6,211.63
E002174,2026-05-16,总装车间,L007,M008,夜班,8155.7,13.2,27.3,209.12
E002175,2026-05-16,检测车间,L008,M005,白班,12220.6,13.0,73.7,200.34
E002176,2026-05-16,检测车间,L008,M001,夜班,5551.9,15.5,65.1,95.72
E002177,2026-05-17,总装车间,L001,M002,白班,6064.7,9.5,32.8,118.92
E002178,2026-05-17,总装车间,L001,M002,夜班,7343.2,15.2,35.8,120.38
E002179,2026-05-17,焊装车间,L002,M004,白班,7068.8,14.8,36.2,157.08
E002180,2026-05-17,焊装车间,L002,M003,夜班,7382.7,12.9,47.4,144.76
E002181,2026-05-17,总装车间,L003,M003,白班,7619.1,13.8,56.2,143.76
E002182,2026-05-17,总装车间,L003,M003,夜班,5807.8,7.7,38.2,145.19
E002183,2026-05-17,涂装车间,L004,M001,白班,4174.3,9.3,57.7,107.03
E002184,2026-05-17,涂装车间,L004,M002,夜班,6575.0,14.0,25.4,134.18
E002185,2026-05-17,总装车间,L005,M006,白班,9807.3,11.7,20.6,265.06
E002186,2026-05-17,总装车间,L005,M005,夜班,8618.5,10.9,46.6,246.24
E002187,2026-05-17,焊装车间,L006,M006,白班,9247.3,9.2,18.3,280.22
E002188,2026-05-17,焊装车间,L006,M006,夜班,9868.5,8.6,26.3,281.96
E002189,2026-05-17,总装车间,L007,M008,白班,6102.8,8.2,22.5,226.03
E002190,2026-05-17,总装车间,L007,M008,夜班,7099.7,8.9,23.8,208.81
E002191,2026-05-17,检测车间,L008,M007,白班,8725.1,13.3,81.1,164.62
E002192,2026-05-17,检测车间,L008,M001,夜班,4632.7,12.7,54.3,94.54
E002193,2026-05-18,总装车间,L001,M002,白班,9871.1,26.9,80.8,106.14
E002194,2026-05-18,总装车间,L001,M001,夜班,7873.0,21.1,96.5,106.39
E002195,2026-05-18,焊装车间,L002,M003,白班,10276.9,24.1,67.8,133.47
E002196,2026-05-18,焊装车间,L002,M003,夜班,8086.5,18.3,87.7,137.06
E002197,2026-05-18,总装车间,L003,M003,白班,8954.7,20.4,67.9,142.14
E002198,2026-05-18,总装车间,L003,M004,夜班,9174.4,14.2,44.8,150.4
E002199,2026-05-18,涂装车间,L004,M002,白班,8514.3,15.4,53.3,130.99
E002200,2026-05-18,涂装车间,L004,M002,夜班,9131.5,15.0,59.7,134.29
E002201,2026-05-18,总装车间,L005,M006,白班,14677.2,18.2,39.4,262.09
E002202,2026-05-18,总装车间,L005,M005,夜班,11767.7,14.9,75.5,217.92
E002203,2026-05-18,焊装车间,L006,M005,白班,10955.0,13.6,77.6,214.8
E002204,2026-05-18,焊装车间,L006,M005,夜班,11686.1,11.4,44.8,259.69
E002205,2026-05-18,总装车间,L007,M008,白班,10541.3,13.8,35.9,210.83
E002206,2026-05-18,总装车间,L007,M007,夜班,9867.1,13.4,54.8,201.37
E002207,2026-05-18,检测车间,L008,M004,白班,11406.6,17.5,53.5,150.09
E002208,2026-05-18,检测车间,L008,M007,夜班,11772.0,18.7,56.0,183.94
E002209,2026-05-19,总装车间,L001,M002,白班,8573.8,14.1,61.9,114.32
E002210,2026-05-19,总装车间,L001,M002,夜班,9376.8,21.5,54.9,117.21
E002211,2026-05-19,焊装车间,L002,M004,白班,12532.2,18.4,57.3,160.67
E002212,2026-05-19,焊装车间,L002,M003,夜班,10483.3,17.0,109.0,141.67
E002213,2026-05-19,总装车间,L003,M003,白班,9618.3,16.6,62.3,141.45
E002214,2026-05-19,总装车间,L003,M003,夜班,8437.9,12.6,67.3,153.42
E002215,2026-05-19,涂装车间,L004,M002,白班,6677.3,15.2,42.4,123.65
E002216,2026-05-19,涂装车间,L004,M002,夜班,8475.7,16.7,39.1,130.4
E002217,2026-05-19,总装车间,L005,M005,白班,12173.9,13.8,78.3,217.39
E002218,2026-05-19,总装车间,L005,M005,夜班,10799.8,12.5,50.4,220.4
E002219,2026-05-19,焊装车间,L006,M006,白班,12370.9,11.2,31.8,257.73
E002220,2026-05-19,焊装车间,L006,M006,夜班,12676.2,10.1,28.5,269.71
E002221,2026-05-19,总装车间,L007,M007,白班,8764.3,16.1,54.8,186.47
E002222,2026-05-19,总装车间,L007,M008,夜班,9158.4,12.2,32.8,223.38
E002223,2026-05-19,检测车间,L008,M008,白班,14779.6,19.1,39.8,184.75
E002224,2026-05-19,检测车间,L008,M006,夜班,18346.8,14.8,40.3,262.1
E002225,2026-05-20,总装车间,L001,M001,白班,6920.4,15.5,103.3,97.47
E002226,2026-05-20,总装车间,L001,M001,夜班,8692.8,22.6,108.0,97.67
E002227,2026-05-20,焊装车间,L002,M004,白班,11515.4,21.7,57.7,159.94
E002228,2026-05-20,焊装车间,L002,M003,夜班,10517.2,18.4,116.4,140.23
E002229,2026-05-20,总装车间,L003,M004,白班,9067.0,17.2,47.9,151.12
E002230,2026-05-20,总装车间,L003,M003,夜班,8327.0,10.7,85.0,146.09
E002231,2026-05-20,涂装车间,L004,M001,白班,6426.6,16.4,61.7,114.76
E002232,2026-05-20,涂装车间,L004,M002,夜班,8341.1,21.6,54.2,122.66
E002233,2026-05-20,总装车间,L005,M006,白班,12491.6,11.0,25.4,244.93
E002234,2026-05-20,总装车间,L005,M005,夜班,12559.6,15.1,44.8,246.27
E002235,2026-05-20,焊装车间,L006,M005,白班,11119.1,10.5,42.2,236.58
E002236,2026-05-20,焊装车间,L006,M005,夜班,12415.4,11.5,68.2,248.31
E002237,2026-05-20,总装车间,L007,M007,白班,8827.4,8.7,48.7,196.16
E002238,2026-05-20,总装车间,L007,M008,夜班,12123.7,13.9,32.0,237.72
E002239,2026-05-20,检测车间,L008,M002,白班,6980.3,18.1,54.4,105.76
E002240,2026-05-20,检测车间,L008,M006,夜班,16557.7,20.2,59.6,233.21
E002241,2026-05-21,总装车间,L001,M001,白班,6401.1,19.5,72.0,91.44
E002242,2026-05-21,总装车间,L001,M002,夜班,9740.1,18.3,69.8,107.03
E002243,2026-05-21,焊装车间,L002,M003,白班,10774.6,24.5,98.4,141.77
E002244,2026-05-21,焊装车间,L002,M004,夜班,11144.4,17.3,45.0,166.33
E002245,2026-05-21,总装车间,L003,M003,白班,10265.6,17.4,96.6,142.58
E002246,2026-05-21,总装车间,L003,M004,夜班,11439.4,12.7,47.4,175.99
E002247,2026-05-21,涂装车间,L004,M002,白班,7694.2,14.3,39.5,118.37
E002248,2026-05-21,涂装车间,L004,M001,夜班,6641.1,13.1,72.7,107.11
E002249,2026-05-21,总装车间,L005,M006,白班,12222.3,10.8,26.7,254.63
E002250,2026-05-21,总装车间,L005,M005,夜班,12710.0,14.7,62.5,231.09
E002251,2026-05-21,焊装车间,L006,M005,白班,14560.2,15.2,76.2,251.04
E002252,2026-05-21,焊装车间,L006,M005,夜班,11379.4,9.3,53.5,247.38
E002253,2026-05-21,总装车间,L007,M007,白班,8103.7,13.1,55.5,184.17
E002254,2026-05-21,总装车间,L007,M008,夜班,9251.8,7.9,30.1,231.29
E002255,2026-05-21,检测车间,L008,M003,白班,8139.5,14.1,81.7,127.18
E002256,2026-05-21,检测车间,L008,M003,夜班,10232.1,19.3,80.5,129.52
E002257,2026-05-22,总装车间,L001,M001,白班,7372.7,21.5,113.7,94.52
E002258,2026-05-22,总装车间,L001,M001,夜班,9060.8,16.7,88.1,104.15
E002259,2026-05-22,焊装车间,L002,M004,白班,10814.9,21.2,36.7,156.74
E002260,2026-05-22,焊装车间,L002,M003,夜班,11255.4,21.0,67.6,144.3
E002261,2026-05-22,总装车间,L003,M004,白班,9947.0,17.6,41.7,150.71
E002262,2026-05-22,总装车间,L003,M003,夜班,7587.8,12.1,75.9,140.51
E002263,2026-05-22,涂装车间,L004,M001,白班,6963.7,19.4,78.6,108.81
E002264,2026-05-22,涂装车间,L004,M002,夜班,9639.6,17.1,42.3,132.05
E002265,2026-05-22,总装车间,L005,M006,白班,14311.5,14.7,38.5,280.62
E002266,2026-05-22,总装车间,L005,M005,夜班,13295.3,16.4,56.7,233.25
E002267,2026-05-22,焊装车间,L006,M006,白班,12311.1,13.4,36.4,261.94
E002268,2026-05-22,焊装车间,L006,M005,夜班,12144.5,12.0,41.9,253.01
E002269,2026-05-22,总装车间,L007,M007,白班,9521.4,15.0,62.9,206.99
E002270,2026-05-22,总装车间,L007,M008,夜班,10296.3,10.9,31.4,214.51
E002271,2026-05-22,检测车间,L008,M008,白班,12550.3,17.6,40.8,196.1
E002272,2026-05-22,检测车间,L008,M003,夜班,9647.4,14.7,115.0,123.68
E002273,2026-05-23,总装车间,L001,M002,白班,9107.2,19.3,64.8,116.76
E002274,2026-05-23,总装车间,L001,M002,夜班,7346.2,17.1,39.0,111.31
E002275,2026-05-23,焊装车间,L002,M003,白班,9069.0,16.2,60.7,133.37
E002276,2026-05-23,焊装车间,L002,M003,夜班,7460.3,10.6,64.5,135.64
E002277,2026-05-23,总装车间,L003,M004,白班,8508.9,16.1,44.4,157.57
E002278,2026-05-23,总装车间,L003,M003,夜班,7476.6,11.1,74.0,149.53
E002279,2026-05-23,涂装车间,L004,M001,白班,5843.6,16.8,56.1,110.26
E002280,2026-05-23,涂装车间,L004,M001,夜班,5409.6,17.3,75.5,104.03
E002281,2026-05-23,总装车间,L005,M006,白班,11698.3,13.3,25.6,254.31
E002282,2026-05-23,总装车间,L005,M005,夜班,10022.1,12.3,52.9,227.78
E002283,2026-05-23,焊装车间,L006,M006,白班,12423.5,12.7,35.1,270.08
E002284,2026-05-23,焊装车间,L006,M005,夜班,10339.5,9.8,54.9,258.49
E002285,2026-05-23,总装车间,L007,M007,白班,7112.3,11.8,56.8,192.22
E002286,2026-05-23,总装车间,L007,M007,夜班,6967.1,11.0,40.7,199.06
E002287,2026-05-23,检测车间,L008,M004,白班,8382.2,11.2,39.7,139.7
E002288,2026-05-23,检测车间,L008,M001,夜班,6254.6,12.2,64.6,93.35
E002289,2026-05-24,总装车间,L001,M001,白班,5801.3,12.0,56.9,89.25
E002290,2026-05-24,总装车间,L001,M001,夜班,4946.2,12.2,72.3,93.32
E002291,2026-05-24,焊装车间,L002,M003,白班,6503.9,14.1,41.5,147.82
E002292,2026-05-24,焊装车间,L002,M004,夜班,8206.0,11.0,28.3,167.47
E002293,2026-05-24,总装车间,L003,M004,白班,6343.1,10.7,33.2,158.58
E002294,2026-05-24,总装车间,L003,M003,夜班,6590.6,9.6,43.2,146.46
E002295,2026-05-24,涂装车间,L004,M001,白班,4986.5,13.1,47.5,113.33
E002296,2026-05-24,涂装车间,L004,M002,夜班,6278.5,15.6,34.4,142.69
E002297,2026-05-24,总装车间,L005,M006,白班,10896.3,13.5,24.9,265.76
E002298,2026-05-24,总装车间,L005,M005,夜班,9600.9,10.5,51.8,246.18
E002299,2026-05-24,焊装车间,L006,M005,白班,7554.3,10.3,42.8,236.07
E002300,2026-05-24,焊装车间,L006,M005,夜班,9007.9,12.1,42.8,243.46
E002301,2026-05-24,总装车间,L007,M008,白班,6565.3,8.8,23.9,234.47
E002302,2026-05-24,总装车间,L007,M008,夜班,6622.3,6.5,23.5,228.36
E002303,2026-05-24,检测车间,L008,M007,白班,9373.5,10.6,77.3,176.86
E002304,2026-05-24,检测车间,L008,M005,夜班,11240.5,15.6,47.5,212.08
E002305,2026-05-25,总装车间,L001,M002,白班,8990.4,22.5,45.6,103.34
E002306,2026-05-25,总装车间,L001,M001,夜班,7874.8,20.8,80.7,96.03
E002307,2026-05-25,焊装车间,L002,M004,白班,10721.0,19.9,44.8,157.66
E002308,2026-05-25,焊装车间,L002,M003,夜班,11907.9,26.3,72.9,148.85
E002309,2026-05-25,总装车间,L003,M004,白班,9663.4,15.7,41.0,148.67
E002310,2026-05-25,总装车间,L003,M004,夜班,8742.8,15.4,40.2,156.12
E002311,2026-05-25,涂装车间,L004,M001,白班,6289.9,19.8,85.1,110.35
E002312,2026-05-25,涂装车间,L004,M001,夜班,7149.4,16.4,63.0,117.2
E002313,2026-05-25,总装车间,L005,M005,白班,13589.6,11.4,64.2,230.33
E002314,2026-05-25,总装车间,L005,M006,夜班,14678.4,14.8,27.1,276.95
E002315,2026-05-25,焊装车间,L006,M006,白班,14683.9,15.3,25.6,287.92
E002316,2026-05-25,焊装车间,L006,M006,夜班,14153.6,10.4,30.6,277.52
E002317,2026-05-25,总装车间,L007,M007,白班,9356.2,14.7,61.5,203.4
E002318,2026-05-25,总装车间,L007,M007,夜班,9105.2,11.7,47.1,206.94
E002319,2026-05-25,检测车间,L008,M007,白班,11446.1,12.8,93.2,176.09
E002320,2026-05-25,检测车间,L008,M003,夜班,10298.5,21.5,67.6,135.51
E002321,2026-05-26,总装车间,L001,M002,白班,7511.4,23.1,53.5,102.9
E002322,2026-05-26,总装车间,L001,M001,夜班,8378.5,24.6,123.1,93.09
E002323,2026-05-26,焊装车间,L002,M004,白班,9980.9,20.9,54.0,148.97
E002324,2026-05-26,焊装车间,L002,M003,夜班,9881.7,21.9,64.1,139.18
E002325,2026-05-26,总装车间,L003,M004,白班,10640.9,19.1,57.9,145.77
E002326,2026-05-26,总装车间,L003,M004,夜班,9030.6,16.5,34.2,158.43
E002327,2026-05-26,涂装车间,L004,M002,白班,7811.3,16.3,40.9,123.99
E002328,2026-05-26,涂装车间,L004,M001,夜班,6242.2,21.1,58.0,105.8
E002329,2026-05-26,总装车间,L005,M006,白班,12358.5,8.6,34.2,280.88
E002330,2026-05-26,总装车间,L005,M006,夜班,15130.8,15.1,27.5,270.19
E002331,2026-05-26,焊装车间,L006,M005,白班,12011.8,13.7,55.1,250.25
E002332,2026-05-26,焊装车间,L006,M005,夜班,12216.5,15.8,71.7,244.33
E002333,2026-05-26,总装车间,L007,M007,白班,7923.8,10.3,46.3,193.26
E002334,2026-05-26,总装车间,L007,M007,夜班,10189.0,15.4,46.8,199.78
E002335,2026-05-26,检测车间,L008,M005,白班,13865.5,19.2,58.9,210.08
E002336,2026-05-26,检测车间,L008,M001,夜班,7328.4,19.4,99.6,93.95
E002337,2026-05-27,总装车间,L001,M002,白班,8705.0,20.9,60.2,110.19
E002338,2026-05-27,总装车间,L001,M001,夜班,6755.4,16.4,97.7,97.9
E002339,2026-05-27,焊装车间,L002,M004,白班,9262.1,20.7,47.4,149.39
E002340,2026-05-27,焊装车间,L002,M003,夜班,12008.2,21.8,81.6,152.0
E002341,2026-05-27,总装车间,L003,M004,白班,10724.1,14.9,48.4,146.91
E002342,2026-05-27,总装车间,L003,M004,夜班,10372.9,14.6,37.7,164.65
E002343,2026-05-27,涂装车间,L004,M002,白班,8023.4,21.7,51.6,123.44
E002344,2026-05-27,涂装车间,L004,M001,夜班,7367.0,17.3,58.0,116.94
E002345,2026-05-27,总装车间,L005,M006,白班,12247.2,11.3,32.7,266.24
E002346,2026-05-27,总装车间,L005,M006,夜班,13368.0,11.7,30.6,262.12
E002347,2026-05-27,焊装车间,L006,M006,白班,13173.8,11.1,38.8,258.31
E002348,2026-05-27,焊装车间,L006,M005,夜班,11424.8,15.4,71.3,228.5
E002349,2026-05-27,总装车间,L007,M008,白班,11391.9,11.8,28.5,232.49
E002350,2026-05-27,总装车间,L007,M008,夜班,11451.3,14.1,27.6,216.06
E002351,2026-05-27,检测车间,L008,M005,白班,14821.3,14.0,95.3,200.29
E002352,2026-05-27,检测车间,L008,M008,夜班,17058.6,14.5,53.5,215.93
E002353,2026-05-28,总装车间,L001,M002,白班,10146.7,18.3,60.8,115.3
E002354,2026-05-28,总装车间,L001,M001,夜班,8755.6,18.6,81.3,101.81
E002355,2026-05-28,焊装车间,L002,M004,白班,11988.3,26.1,46.8,153.7
E002356,2026-05-28,焊装车间,L002,M004,夜班,12282.1,16.5,64.9,153.53
E002357,2026-05-28,总装车间,L003,M004,白班,10766.9,13.2,36.6,165.64
E002358,2026-05-28,总装车间,L003,M004,夜班,9238.7,17.2,36.9,174.32
E002359,2026-05-28,涂装车间,L004,M002,白班,9179.2,18.4,50.7,131.13
E002360,2026-05-28,涂装车间,L004,M002,夜班,6781.4,17.3,29.6,123.3
E002361,2026-05-28,总装车间,L005,M006,白班,13682.8,17.0,46.6,253.39
E002362,2026-05-28,总装车间,L005,M006,夜班,14904.4,13.8,39.8,276.01
E002363,2026-05-28,焊装车间,L006,M005,白班,10938.3,14.5,55.8,223.23
E002364,2026-05-28,焊装车间,L006,M005,夜班,10839.5,14.0,45.1,235.64
E002365,2026-05-28,总装车间,L007,M008,白班,9969.2,13.4,37.3,216.72
E002366,2026-05-28,总装车间,L007,M008,夜班,10978.5,13.3,28.5,238.66
E002367,2026-05-28,检测车间,L008,M004,白班,10163.2,14.8,51.8,147.29
E002368,2026-05-28,检测车间,L008,M004,夜班,10905.0,13.0,49.4,160.37
E002369,2026-05-29,总装车间,L001,M002,白班,7633.5,22.9,51.6,103.16
E002370,2026-05-29,总装车间,L001,M001,夜班,7351.3,17.4,85.9,102.1
E002371,2026-05-29,焊装车间,L002,M003,白班,10745.2,19.2,81.8,141.38
E002372,2026-05-29,焊装车间,L002,M004,夜班,11160.7,15.3,57.0,157.19
E002373,2026-05-29,总装车间,L003,M004,白班,10234.5,21.6,43.3,150.51
E002374,2026-05-29,总装车间,L003,M004,夜班,7888.5,13.5,29.6,164.34
E002375,2026-05-29,涂装车间,L004,M002,白班,7658.9,14.1,52.3,125.56
E002376,2026-05-29,涂装车间,L004,M002,夜班,7091.1,14.6,31.1,122.26
E002377,2026-05-29,总装车间,L005,M005,白班,10237.7,15.3,63.6,222.56
E002378,2026-05-29,总装车间,L005,M006,夜班,14591.4,15.9,27.7,275.31
E002379,2026-05-29,焊装车间,L006,M006,白班,11558.4,14.9,34.8,262.69
E002380,2026-05-29,焊装车间,L006,M005,夜班,12444.5,11.1,52.1,239.32
E002381,2026-05-29,总装车间,L007,M007,白班,7634.5,9.1,57.4,200.91
E002382,2026-05-29,总装车间,L007,M008,夜班,10978.0,10.0,30.9,238.65
E002383,2026-05-29,检测车间,L008,M001,白班,6015.6,12.5,60.6,87.18
E002384,2026-05-29,检测车间,L008,M001,夜班,6792.4,14.9,109.0,94.34
E002385,2026-05-30,总装车间,L001,M002,白班,7977.8,21.8,41.1,113.97
E002386,2026-05-30,总装车间,L001,M002,夜班,8533.5,15.2,36.9,113.78
E002387,2026-05-30,焊装车间,L002,M004,白班,9530.9,15.4,39.0,167.21
E002388,2026-05-30,焊装车间,L002,M004,夜班,9378.7,18.2,34.4,158.96
E002389,2026-05-30,总装车间,L003,M003,白班,8194.3,12.4,73.0,128.04
E002390,2026-05-30,总装车间,L003,M003,夜班,6591.1,12.3,62.2,140.24
E002391,2026-05-30,涂装车间,L004,M002,白班,5989.4,16.1,36.3,119.79
E002392,2026-05-30,涂装车间,L004,M001,夜班,5303.1,15.2,69.2,115.28
E002393,2026-05-30,总装车间,L005,M005,白班,10334.3,11.2,45.1,224.66
E002394,2026-05-30,总装车间,L005,M006,夜班,12089.5,10.9,40.0,257.22
E002395,2026-05-30,焊装车间,L006,M005,白班,10750.7,11.3,64.9,238.9
E002396,2026-05-30,焊装车间,L006,M006,夜班,11403.0,8.9,37.7,265.19
E002397,2026-05-30,总装车间,L007,M008,白班,8360.0,12.2,29.5,214.36
E002398,2026-05-30,总装车间,L007,M008,夜班,7831.0,7.6,23.3,223.74
E002399,2026-05-30,检测车间,L008,M008,白班,11355.2,10.3,40.8,202.77
E002400,2026-05-30,检测车间,L008,M001,夜班,5950.7,13.1,92.4,99.18
E002401,2026-05-31,总装车间,L001,M002,白班,6008.2,9.8,36.6,117.81
E002402,2026-05-31,总装车间,L001,M002,夜班,6172.7,11.6,41.7,121.03
E002403,2026-05-31,焊装车间,L002,M003,白班,7584.6,18.1,69.6,137.9
E002404,2026-05-31,焊装车间,L002,M003,夜班,7115.3,17.2,79.0,136.83
E002405,2026-05-31,总装车间,L003,M003,白班,7220.1,17.4,78.5,131.27
E002406,2026-05-31,总装车间,L003,M003,夜班,6319.2,12.3,64.5,140.43
E002407,2026-05-31,涂装车间,L004,M001,白班,4381.4,9.2,56.9,104.32
E002408,2026-05-31,涂装车间,L004,M002,夜班,5540.9,10.8,24.2,138.52
E002409,2026-05-31,总装车间,L005,M005,白班,7285.9,7.2,46.1,220.78
E002410,2026-05-31,总装车间,L005,M005,夜班,7564.3,10.6,31.3,216.12
E002411,2026-05-31,焊装车间,L006,M006,白班,10403.2,12.0,24.5,281.17
E002412,2026-05-31,焊装车间,L006,M005,夜班,9298.7,7.2,49.0,258.3
E002413,2026-05-31,总装车间,L007,M007,白班,5356.2,6.3,39.0,191.29
E002414,2026-05-31,总装车间,L007,M008,夜班,6538.7,6.7,22.2,210.93
E002415,2026-05-31,检测车间,L008,M003,白班,5709.8,10.7,47.6,132.79
E002416,2026-05-31,检测车间,L008,M008,夜班,11359.1,9.7,44.2,214.32
E002417,2026-06-01,总装车间,L001,M001,白班,7544.9,21.0,110.4,101.96
E002418,2026-06-01,总装车间,L001,M002,夜班,9019.6,15.1,47.9,120.26
E002419,2026-06-01,焊装车间,L002,M003,白班,10090.0,16.4,98.2,142.11
E002420,2026-06-01,焊装车间,L002,M003,夜班,9503.7,13.3,80.7,146.21
E002421,2026-06-01,总装车间,L003,M003,白班,10759.0,23.7,114.4,128.08
E002422,2026-06-01,总装车间,L003,M003,夜班,10706.3,23.8,91.5,140.87
E002423,2026-06-01,涂装车间,L004,M001,白班,6042.2,15.4,61.2,102.41
E002424,2026-06-01,涂装车间,L004,M002,夜班,8016.3,21.5,48.7,131.41
E002425,2026-06-01,总装车间,L005,M005,白班,12113.8,11.1,62.7,224.33
E002426,2026-06-01,总装车间,L005,M006,夜班,13555.9,15.0,47.3,251.04
E002427,2026-06-01,焊装车间,L006,M005,白班,13091.2,11.0,70.2,238.02
E002428,2026-06-01,焊装车间,L006,M005,夜班,13369.1,12.0,59.3,252.25
E002429,2026-06-01,总装车间,L007,M008,白班,11409.5,13.6,29.2,223.72
E002430,2026-06-01,总装车间,L007,M007,夜班,9567.1,11.9,58.0,195.25
E002431,2026-06-01,检测车间,L008,M006,白班,18687.1,20.2,51.2,255.99
E002432,2026-06-01,检测车间,L008,M001,夜班,7962.9,15.9,74.8,98.31
E002433,2026-06-02,总装车间,L001,M001,白班,7827.2,15.1,71.9,96.63
E002434,2026-06-02,总装车间,L001,M001,夜班,8432.9,24.8,82.0,100.39
E002435,2026-06-02,焊装车间,L002,M004,白班,13419.5,20.8,43.2,157.88
E002436,2026-06-02,焊装车间,L002,M003,夜班,11117.2,25.6,83.7,140.72
E002437,2026-06-02,总装车间,L003,M003,白班,10526.8,19.7,106.5,133.25
E002438,2026-06-02,总装车间,L003,M003,夜班,10500.8,16.6,77.0,147.9
E002439,2026-06-02,涂装车间,L004,M002,白班,7129.8,16.8,49.0,118.83
E002440,2026-06-02,涂装车间,L004,M002,夜班,9176.1,20.4,58.7,132.99
E002441,2026-06-02,总装车间,L005,M006,白班,16507.4,13.3,46.3,279.79
E002442,2026-06-02,总装车间,L005,M006,夜班,13606.1,14.4,33.6,261.66
E002443,2026-06-02,焊装车间,L006,M005,白班,10618.8,9.9,64.2,230.84
E002444,2026-06-02,焊装车间,L006,M005,夜班,14585.0,12.9,54.1,255.88
E002445,2026-06-02,总装车间,L007,M007,白班,9461.5,13.4,63.3,201.31
E002446,2026-06-02,总装车间,L007,M007,夜班,9003.3,15.7,52.4,195.72
E002447,2026-06-02,检测车间,L008,M008,白班,14951.2,22.9,57.8,189.26
E002448,2026-06-02,检测车间,L008,M001,夜班,7404.1,21.5,88.2,101.43
E002449,2026-06-03,总装车间,L001,M001,白班,7722.7,21.2,75.7,93.04
E002450,2026-06-03,总装车间,L001,M001,夜班,7206.8,20.0,101.2,92.39
E002451,2026-06-03,焊装车间,L002,M003,白班,9329.2,22.6,74.1,137.19
E002452,2026-06-03,焊装车间,L002,M003,夜班,10003.1,19.7,92.1,140.89
E002453,2026-06-03,总装车间,L003,M003,白班,10743.1,24.7,118.2,139.52
E002454,2026-06-03,总装车间,L003,M003,夜班,11372.7,19.3,73.0,153.69
E002455,2026-06-03,涂装车间,L004,M002,白班,8147.6,21.1,33.3,119.82
E002456,2026-06-03,涂装车间,L004,M001,夜班,6719.5,20.5,67.8,113.89
E002457,2026-06-03,总装车间,L005,M005,白班,12680.4,15.6,85.6,222.46
E002458,2026-06-03,总装车间,L005,M006,夜班,16679.7,18.6,38.8,282.71
E002459,2026-06-03,焊装车间,L006,M005,白班,13149.5,15.6,75.1,243.51
E002460,2026-06-03,焊装车间,L006,M005,夜班,14210.2,15.2,77.2,253.75
E002461,2026-06-03,总装车间,L007,M008,白班,9871.3,13.2,22.5,229.57
E002462,2026-06-03,总装车间,L007,M008,夜班,11904.8,14.3,36.3,228.94
E002463,2026-06-03,检测车间,L008,M006,白班,17466.2,20.4,52.1,226.83
E002464,2026-06-03,检测车间,L008,M007,夜班,12283.8,11.8,59.7,183.34
E002465,2026-06-04,总装车间,L001,M001,白班,8394.6,26.0,102.8,101.14
E002466,2026-06-04,总装车间,L001,M002,夜班,8850.1,21.4,44.9,112.03
E002467,2026-06-04,焊装车间,L002,M003,白班,10598.4,16.6,107.6,147.2
E002468,2026-06-04,焊装车间,L002,M003,夜班,9775.3,21.7,64.6,150.39
E002469,2026-06-04,总装车间,L003,M004,白班,11565.0,20.8,62.0,162.89
E002470,2026-06-04,总装车间,L003,M003,夜班,8560.5,16.4,94.8,138.07
E002471,2026-06-04,涂装车间,L004,M001,白班,7453.2,22.6,90.0,112.93
E002472,2026-06-04,涂装车间,L004,M001,夜班,6831.2,16.6,79.5,113.85
E002473,2026-06-04,总装车间,L005,M005,白班,12559.1,17.1,53.1,228.35
E002474,2026-06-04,总装车间,L005,M005,夜班,12507.0,12.0,79.1,231.61
E002475,2026-06-04,焊装车间,L006,M006,白班,13294.4,9.2,36.6,289.01
E002476,2026-06-04,焊装车间,L006,M006,夜班,15221.2,11.8,47.5,262.43
E002477,2026-06-04,总装车间,L007,M008,白班,9034.6,12.6,28.7,205.33
E002478,2026-06-04,总装车间,L007,M007,夜班,10145.2,16.2,52.3,211.36
E002479,2026-06-04,检测车间,L008,M007,白班,13677.3,17.7,98.8,177.63
E002480,2026-06-04,检测车间,L008,M003,夜班,10133.7,18.1,68.4,128.27
E002481,2026-06-05,总装车间,L001,M001,白班,8124.8,18.1,74.6,99.08
E002482,2026-06-05,总装车间,L001,M002,夜班,9010.9,23.5,56.5,109.89
E002483,2026-06-05,焊装车间,L002,M003,白班,10453.1,13.8,76.6,149.33
E002484,2026-06-05,焊装车间,L002,M003,夜班,9324.7,19.2,58.1,158.05
E002485,2026-06-05,总装车间,L003,M003,白班,9707.0,23.9,81.9,129.43
E002486,2026-06-05,总装车间,L003,M003,夜班,10425.0,17.6,94.8,144.79
E002487,2026-06-05,涂装车间,L004,M002,白班,7718.7,19.3,37.1,126.54
E002488,2026-06-05,涂装车间,L004,M002,夜班,8857.8,17.7,37.7,121.34
E002489,2026-06-05,总装车间,L005,M005,白班,12146.7,14.5,58.8,213.1
E002490,2026-06-05,总装车间,L005,M006,夜班,17335.3,18.4,39.2,288.92
E002491,2026-06-05,焊装车间,L006,M006,白班,13534.6,15.7,45.3,260.28
E002492,2026-06-05,焊装车间,L006,M005,夜班,12156.0,12.2,73.9,243.12
E002493,2026-06-05,总装车间,L007,M008,白班,8774.7,13.4,22.1,208.92
E002494,2026-06-05,总装车间,L007,M007,夜班,8565.9,12.5,41.0,190.35
E002495,2026-06-05,检测车间,L008,M001,白班,8284.8,23.3,96.5,96.33
E002496,2026-06-05,检测车间,L008,M004,夜班,9436.5,14.5,41.1,145.18
E002497,2026-06-06,总装车间,L001,M001,白班,8431.1,22.2,128.0,99.19
E002498,2026-06-06,总装车间,L001,M002,夜班,8268.4,22.5,53.1,114.84
E002499,2026-06-06,焊装车间,L002,M003,白班,9985.7,18.5,68.7,146.85
E002500,2026-06-06,焊装车间,L002,M003,夜班,8864.7,10.9,48.8,161.18
E002501,2026-06-06,总装车间,L003,M004,白班,10179.7,19.4,48.3,154.24
E002502,2026-06-06,总装车间,L003,M003,夜班,9811.1,19.8,104.3,136.27
E002503,2026-06-06,涂装车间,L004,M001,白班,5850.7,12.1,75.8,114.72
E002504,2026-06-06,涂装车间,L004,M002,夜班,7107.4,19.9,44.2,120.46
E002505,2026-06-06,总装车间,L005,M005,白班,12275.2,11.2,57.9,231.61
E002506,2026-06-06,总装车间,L005,M006,夜班,14119.6,13.2,35.5,271.53
E002507,2026-06-06,焊装车间,L006,M005,白班,11111.8,14.5,62.8,246.93
E002508,2026-06-06,焊装车间,L006,M006,夜班,12703.1,15.7,30.4,264.65
E002509,2026-06-06,总装车间,L007,M007,白班,7935.2,7.6,41.7,203.47
E002510,2026-06-06,总装车间,L007,M007,夜班,7555.9,9.7,46.6,188.9
E002511,2026-06-06,检测车间,L008,M003,白班,7765.2,15.4,55.8,127.3
E002512,2026-06-06,检测车间,L008,M007,夜班,10308.2,18.5,74.7,168.99
E002513,2026-06-07,总装车间,L001,M001,白班,5923.7,15.1,59.4,95.54
E002514,2026-06-07,总装车间,L001,M001,夜班,6616.1,12.6,105.3,94.52
E002515,2026-06-07,焊装车间,L002,M004,白班,9207.7,17.2,26.6,170.51
E002516,2026-06-07,焊装车间,L002,M004,夜班,8116.6,16.9,28.6,159.15
E002517,2026-06-07,总装车间,L003,M003,白班,6842.3,9.1,63.2,139.64
E002518,2026-06-07,总装车间,L003,M003,夜班,7493.7,13.9,78.2,144.11
E002519,2026-06-07,涂装车间,L004,M002,白班,5730.6,8.9,33.7,130.24
E002520,2026-06-07,涂装车间,L004,M002,夜班,6201.7,11.4,23.5,140.95
E002521,2026-06-07,总装车间,L005,M006,白班,10424.7,13.2,29.8,254.26
E002522,2026-06-07,总装车间,L005,M006,夜班,9435.3,10.6,29.7,255.01
E002523,2026-06-07,焊装车间,L006,M005,白班,9534.4,11.4,49.4,244.47
E002524,2026-06-07,焊装车间,L006,M006,夜班,12063.7,8.6,29.1,301.59
E002525,2026-06-07,总装车间,L007,M008,白班,8160.3,7.6,27.1,226.68
E002526,2026-06-07,总装车间,L007,M008,夜班,7283.0,8.1,22.8,227.59
E002527,2026-06-07,检测车间,L008,M003,白班,7391.9,14.9,81.9,127.45
E002528,2026-06-07,检测车间,L008,M003,夜班,7655.9,13.8,60.1,139.2
E002529,2026-06-08,总装车间,L001,M001,白班,7711.0,27.0,99.9,90.72
E002530,2026-06-08,总装车间,L001,M001,夜班,9698.8,23.1,138.5,99.99
E002531,2026-06-08,焊装车间,L002,M003,白班,10685.7,14.8,82.5,142.48
E002532,2026-06-08,焊装车间,L002,M004,夜班,12777.8,23.7,66.8,163.82
E002533,2026-06-08,总装车间,L003,M003,白班,11299.8,17.9,135.5,125.55
E002534,2026-06-08,总装车间,L003,M003,夜班,8662.3,13.5,76.5,137.5
E002535,2026-06-08,涂装车间,L004,M002,白班,7188.5,16.2,49.7,117.84
E002536,2026-06-08,涂装车间,L004,M001,夜班,7428.7,14.2,59.1,112.56
E002537,2026-06-08,总装车间,L005,M005,白班,13938.3,13.2,51.8,236.24
E002538,2026-06-08,总装车间,L005,M006,夜班,15724.6,13.3,42.0,257.78
E002539,2026-06-08,焊装车间,L006,M006,白班,13519.9,17.6,27.3,265.1
E002540,2026-06-08,焊装车间,L006,M006,夜班,13815.8,15.8,34.2,260.68
E002541,2026-06-08,总装车间,L007,M007,白班,7649.3,10.9,47.2,182.13
E002542,2026-06-08,总装车间,L007,M007,夜班,9888.2,9.6,44.8,210.39
E002543,2026-06-08,检测车间,L008,M004,白班,10612.4,13.8,35.5,151.61
E002544,2026-06-08,检测车间,L008,M002,夜班,9202.9,16.7,42.7,109.56
E002545,2026-06-09,总装车间,L001,M002,白班,11289.0,28.1,79.0,116.38
E002546,2026-06-09,总装车间,L001,M002,夜班,11115.0,18.0,59.1,122.14
E002547,2026-06-09,焊装车间,L002,M003,白班,10784.5,16.5,88.2,145.74
E002548,2026-06-09,焊装车间,L002,M004,夜班,12577.5,22.2,65.4,153.38
E002549,2026-06-09,总装车间,L003,M004,白班,12024.4,20.0,51.0,150.31
E002550,2026-06-09,总装车间,L003,M003,夜班,7932.5,15.8,75.8,144.23
E002551,2026-06-09,涂装车间,L004,M001,白班,7942.8,24.4,84.5,105.9
E002552,2026-06-09,涂装车间,L004,M002,夜班,9826.9,16.1,47.1,129.3
E002553,2026-06-09,总装车间,L005,M006,白班,15477.1,15.8,43.3,276.38
E002554,2026-06-09,总装车间,L005,M005,夜班,12461.0,14.8,51.4,239.63
E002555,2026-06-09,焊装车间,L006,M005,白班,12619.2,13.8,65.6,225.34
E002556,2026-06-09,焊装车间,L006,M006,夜班,14237.3,12.6,37.1,290.56
E002557,2026-06-09,总装车间,L007,M008,白班,8943.1,8.6,35.1,218.12
E002558,2026-06-09,总装车间,L007,M007,夜班,8241.4,13.6,36.3,196.22
E002559,2026-06-09,检测车间,L008,M008,白班,15785.8,16.9,69.3,192.51
E002560,2026-06-09,检测车间,L008,M008,夜班,15865.6,16.0,47.1,208.76
E002561,2026-06-10,总装车间,L001,M002,白班,9574.8,22.5,73.3,105.22
E002562,2026-06-10,总装车间,L001,M002,夜班,8490.8,15.0,45.3,113.21
E002563,2026-06-10,焊装车间,L002,M003,白班,11232.7,13.7,89.7,178.3
E002564,2026-06-10,焊装车间,L002,M004,夜班,12577.9,18.5,41.3,193.51
E002565,2026-06-10,总装车间,L003,M003,白班,10360.1,22.9,86.7,132.82
E002566,2026-06-10,总装车间,L003,M003,夜班,9867.1,13.2,81.6,156.62
E002567,2026-06-10,涂装车间,L004,M002,白班,8947.9,24.0,54.7,120.92
E002568,2026-06-10,涂装车间,L004,M001,夜班,6651.7,18.7,74.6,105.58
E002569,2026-06-10,总装车间,L005,M006,白班,12202.0,9.0,35.3,254.21
E002570,2026-06-10,总装车间,L005,M006,夜班,13221.4,14.7,42.2,254.26
E002571,2026-06-10,焊装车间,L006,M006,白班,12514.7,12.3,28.3,260.72
E002572,2026-06-10,焊装车间,L006,M006,夜班,13160.1,9.6,32.5,268.57
E002573,2026-06-10,总装车间,L007,M008,白班,11111.8,16.5,30.1,226.77
E002574,2026-06-10,总装车间,L007,M007,夜班,8917.7,9.6,49.6,207.39
E002575,2026-06-10,检测车间,L008,M004,白班,11907.9,24.8,51.9,145.22
E002576,2026-06-10,检测车间,L008,M003,夜班,8592.2,20.3,90.1,126.36
E002577,2026-06-11,总装车间,L001,M002,白班,9912.7,17.7,61.3,112.64
E002578,2026-06-11,总装车间,L001,M001,夜班,7582.0,23.7,69.9,94.78
E002579,2026-06-11,焊装车间,L002,M003,白班,12818.7,15.0,70.4,180.55
E002580,2026-06-11,焊装车间,L002,M004,夜班,16350.3,25.1,56.3,206.97
E002581,2026-06-11,总装车间,L003,M004,白班,10218.0,14.0,49.6,152.51
E002582,2026-06-11,总装车间,L003,M003,夜班,10715.2,14.5,90.2,146.78
E002583,2026-06-11,涂装车间,L004,M001,白班,8327.4,15.7,78.9,114.07
E002584,2026-06-11,涂装车间,L004,M002,夜班,9061.6,21.0,47.4,139.41
E002585,2026-06-11,总装车间,L005,M005,白班,10813.2,10.5,60.3,220.68
E002586,2026-06-11,总装车间,L005,M005,夜班,13270.4,16.5,63.5,228.8
E002587,2026-06-11,焊装车间,L006,M006,白班,14306.6,16.7,34.2,264.94
E002588,2026-06-11,焊装车间,L006,M005,夜班,12224.3,10.8,77.4,235.08
E002589,2026-06-11,总装车间,L007,M007,白班,9399.9,8.9,39.2,208.89
E002590,2026-06-11,总装车间,L007,M007,夜班,10345.8,11.6,54.5,206.92
E002591,2026-06-11,检测车间,L008,M007,白班,12555.1,13.9,61.6,176.83
E002592,2026-06-11,检测车间,L008,M007,夜班,12310.9,19.8,71.1,168.64
E002593,2026-06-12,总装车间,L001,M001,白班,8414.3,23.0,127.9,98.99
E002594,2026-06-12,总装车间,L001,M001,夜班,8729.4,23.2,115.2,101.5
E002595,2026-06-12,焊装车间,L002,M003,白班,14098.6,17.8,102.0,180.75
E002596,2026-06-12,焊装车间,L002,M003,夜班,11186.5,18.7,75.2,189.6
E002597,2026-06-12,总装车间,L003,M003,白班,8628.0,16.9,70.6,126.88
E002598,2026-06-12,总装车间,L003,M003,夜班,9671.8,12.2,65.9,148.8
E002599,2026-06-12,涂装车间,L004,M001,白班,8325.2,17.7,109.9,111.0
E002600,2026-06-12,涂装车间,L004,M001,夜班,6223.1,14.9,75.6,109.18
E002601,2026-06-12,总装车间,L005,M006,白班,15151.6,14.4,43.1,270.56
E002602,2026-06-12,总装车间,L005,M006,夜班,16554.6,17.8,35.4,271.39
E002603,2026-06-12,焊装车间,L006,M005,白班,12042.5,13.2,60.1,223.01
E002604,2026-06-12,焊装车间,L006,M005,夜班,14343.8,16.8,82.1,256.14
E002605,2026-06-12,总装车间,L007,M007,白班,9879.0,14.9,49.5,193.71
E002606,2026-06-12,总装车间,L007,M007,夜班,9217.8,13.1,51.6,209.5
E002607,2026-06-12,检测车间,L008,M008,白班,16218.6,24.2,49.5,188.59
E002608,2026-06-12,检测车间,L008,M007,夜班,14374.0,18.5,98.5,184.28
E002609,2026-06-13,总装车间,L001,M001,白班,7595.4,18.1,125.8,92.63
E002610,2026-06-13,总装车间,L001,M001,夜班,7501.0,23.3,103.5,97.42
E002611,2026-06-13,焊装车间,L002,M003,白班,11744.1,18.1,68.7,192.53
E002612,2026-06-13,焊装车间,L002,M004,夜班,12810.4,16.5,47.3,194.1
E002613,2026-06-13,总装车间,L003,M003,白班,8585.6,12.9,71.5,140.75
E002614,2026-06-13,总装车间,L003,M004,夜班,9763.6,14.7,45.1,165.48
E002615,2026-06-13,涂装车间,L004,M002,白班,7061.9,16.3,32.8,121.76
E002616,2026-06-13,涂装车间,L004,M001,夜班,6059.6,18.7,73.4,112.21
E002617,2026-06-13,总装车间,L005,M006,白班,14381.5,11.1,48.3,252.31
E002618,2026-06-13,总装车间,L005,M006,夜班,13608.1,13.1,38.0,256.76
E002619,2026-06-13,焊装车间,L006,M006,白班,13148.0,13.1,33.5,285.83
E002620,2026-06-13,焊装车间,L006,M005,夜班,11796.3,14.3,56.1,256.44
E002621,2026-06-13,总装车间,L007,M007,白班,8375.6,11.5,40.2,194.78
E002622,2026-06-13,总装车间,L007,M007,夜班,8859.9,13.7,51.3,210.95
E002623,2026-06-13,检测车间,L008,M006,白班,17967.8,20.6,47.1,233.35
E002624,2026-06-13,检测车间,L008,M005,夜班,12635.9,14.5,62.6,214.17
E002625,2026-06-14,总装车间,L001,M002,白班,7069.0,15.4,34.9,114.02
E002626,2026-06-14,总装车间,L001,M001,夜班,5566.3,10.7,59.7,94.34
E002627,2026-06-14,焊装车间,L002,M003,白班,7742.6,8.7,43.8,180.06
E002628,2026-06-14,焊装车间,L002,M003,夜班,10596.4,15.2,75.5,185.9
E002629,2026-06-14,总装车间,L003,M003,白班,8076.8,18.0,54.4,128.2
E002630,2026-06-14,总装车间,L003,M003,夜班,7923.4,10.9,62.3,155.36
E002631,2026-06-14,涂装车间,L004,M002,白班,6564.9,14.4,37.4,128.72
E002632,2026-06-14,涂装车间,L004,M002,夜班,6242.2,10.9,22.8,135.7
E002633,2026-06-14,总装车间,L005,M006,白班,9626.2,8.3,33.1,246.83
E002634,2026-06-14,总装车间,L005,M006,夜班,11551.5,12.7,20.7,288.79
E002635,2026-06-14,焊装车间,L006,M006,白班,9572.3,10.1,29.8,281.54
E002636,2026-06-14,焊装车间,L006,M005,夜班,9229.2,8.9,43.2,225.1
E002637,2026-06-14,总装车间,L007,M008,白班,6731.9,10.4,25.3,210.37
E002638,2026-06-14,总装车间,L007,M007,夜班,6960.6,10.5,30.4,204.72
E002639,2026-06-14,检测车间,L008,M005,白班,11185.1,13.8,72.3,211.04
E002640,2026-06-14,检测车间,L008,M001,夜班,4952.5,13.5,75.6,91.71
E002641,2026-06-15,总装车间,L001,M001,白班,7809.8,19.1,70.2,98.86
E002642,2026-06-15,总装车间,L001,M001,夜班,7902.6,14.6,119.3,98.78
E002643,2026-06-15,焊装车间,L002,M004,白班,17723.4,24.0,73.7,210.99
E002644,2026-06-15,焊装车间,L002,M003,夜班,13604.2,19.0,103.8,174.41
E002645,2026-06-15,总装车间,L003,M004,白班,11364.5,21.9,56.3,149.53
E002646,2026-06-15,总装车间,L003,M004,夜班,10510.7,16.7,46.4,166.84
E002647,2026-06-15,涂装车间,L004,M001,白班,6385.4,15.3,81.9,110.09
E002648,2026-06-15,涂装车间,L004,M001,夜班,6270.9,19.7,72.5,106.29
E002649,2026-06-15,总装车间,L005,M005,白班,10089.9,13.5,56.4,210.21
E002650,2026-06-15,总装车间,L005,M005,夜班,11515.4,12.0,64.4,221.45
E002651,2026-06-15,焊装车间,L006,M006,白班,15069.1,14.5,42.1,273.98
E002652,2026-06-15,焊装车间,L006,M006,夜班,16182.3,13.1,43.1,283.9
E002653,2026-06-15,总装车间,L007,M008,白班,9615.4,15.7,41.0,204.58
E002654,2026-06-15,总装车间,L007,M007,夜班,8417.1,10.1,39.5,200.41
E002655,2026-06-15,检测车间,L008,M006,白班,17273.0,17.8,59.2,236.62
E002656,2026-06-15,检测车间,L008,M005,夜班,17793.5,21.4,81.5,222.42
E002657,2026-06-16,总装车间,L001,M001,白班,7317.7,16.8,104.1,100.24
E002658,2026-06-16,总装车间,L001,M002,夜班,9627.5,16.6,50.0,109.4
E002659,2026-06-16,焊装车间,L002,M003,白班,11716.0,13.2,92.2,183.06
E002660,2026-06-16,焊装车间,L002,M003,夜班,15376.8,19.4,97.9,194.64
E002661,2026-06-16,总装车间,L003,M003,白班,9522.6,19.2,98.6,136.04
E002662,2026-06-16,总装车间,L003,M003,夜班,10910.6,24.2,69.0,138.11
E002663,2026-06-16,涂装车间,L004,M001,白班,6309.9,14.8,52.8,103.44
E002664,2026-06-16,涂装车间,L004,M002,夜班,8783.9,21.7,53.5,123.72
E002665,2026-06-16,总装车间,L005,M005,白班,12366.6,15.9,46.9,229.01
E002666,2026-06-16,总装车间,L005,M006,夜班,13767.0,15.9,41.3,264.75
E002667,2026-06-16,焊装车间,L006,M005,白班,13271.2,13.3,90.1,221.19
E002668,2026-06-16,焊装车间,L006,M006,夜班,15932.7,15.8,39.5,289.69
E002669,2026-06-16,总装车间,L007,M008,白班,10643.3,9.5,32.6,226.45
E002670,2026-06-16,总装车间,L007,M007,夜班,8935.7,14.8,51.7,203.08
E002671,2026-06-16,检测车间,L008,M001,白班,5940.3,15.5,91.9,87.36
E002672,2026-06-16,检测车间,L008,M003,夜班,8468.7,12.0,75.0,124.54
E002673,2026-06-17,总装车间,L001,M002,白班,10480.9,18.8,62.5,120.47
E002674,2026-06-17,总装车间,L001,M001,夜班,8566.2,17.5,111.0,103.21
E002675,2026-06-17,焊装车间,L002,M003,白班,12256.2,17.3,62.3,180.24
E002676,2026-06-17,焊装车间,L002,M003,夜班,14365.7,27.1,95.9,173.08
E002677,2026-06-17,总装车间,L003,M003,白班,9773.8,15.2,61.8,141.65
E002678,2026-06-17,总装车间,L003,M003,夜班,9968.0,20.0,70.8,138.44
E002679,2026-06-17,涂装车间,L004,M002,白班,9155.6,18.1,38.2,134.64
E002680,2026-06-17,涂装车间,L004,M001,夜班,6236.5,13.9,52.0,105.7
E002681,2026-06-17,总装车间,L005,M006,白班,13042.9,11.4,33.0,250.82
E002682,2026-06-17,总装车间,L005,M005,夜班,11931.4,10.9,57.0,225.12
E002683,2026-06-17,焊装车间,L006,M006,白班,16601.6,14.3,48.1,276.69
E002684,2026-06-17,焊装车间,L006,M005,夜班,13739.8,16.6,82.2,249.81
E002685,2026-06-17,总装车间,L007,M007,白班,8263.5,10.1,45.0,192.17
E002686,2026-06-17,总装车间,L007,M007,夜班,9197.5,10.1,58.4,204.39
E002687,2026-06-17,检测车间,L008,M007,白班,12786.4,15.5,117.7,161.85
E002688,2026-06-17,检测车间,L008,M006,夜班,17347.2,14.2,40.9,258.91
E002689,2026-06-18,总装车间,L001,M001,白班,9054.9,23.6,88.0,98.42
E002690,2026-06-18,总装车间,L001,M002,夜班,8842.3,14.9,50.6,114.84
E002691,2026-06-18,焊装车间,L002,M004,白班,14220.6,13.9,50.1,209.13
E002692,2026-06-18,焊装车间,L002,M004,夜班,14415.7,16.0,49.8,194.81
E002693,2026-06-18,总装车间,L003,M003,白班,10088.6,15.5,67.4,129.34
E002694,2026-06-18,总装车间,L003,M003,夜班,9563.2,20.9,65.1,136.62
E002695,2026-06-18,涂装车间,L004,M001,白班,6397.5,20.5,80.6,108.43
E002696,2026-06-18,涂装车间,L004,M001,夜班,6204.2,16.4,71.2,103.4
E002697,2026-06-18,总装车间,L005,M005,白班,11894.2,13.4,57.6,237.88
E002698,2026-06-18,总装车间,L005,M005,夜班,11200.9,16.6,61.6,224.02
E002699,2026-06-18,焊装车间,L006,M005,白班,12324.4,15.0,71.0,220.08
E002700,2026-06-18,焊装车间,L006,M006,夜班,15869.9,12.9,48.0,283.39
E002701,2026-06-18,总装车间,L007,M007,白班,9222.9,13.9,68.9,200.5
E002702,2026-06-18,总装车间,L007,M008,夜班,9477.5,14.5,31.4,220.41
E002703,2026-06-18,检测车间,L008,M001,白班,7825.8,17.3,86.7,97.82
E002704,2026-06-18,检测车间,L008,M004,夜班,11739.9,20.9,54.4,141.44
E002705,2026-06-19,总装车间,L001,M002,白班,8643.7,14.6,47.0,116.81
E002706,2026-06-19,总装车间,L001,M001,夜班,8742.0,22.3,109.2,96.07
E002707,2026-06-19,焊装车间,L002,M003,白班,13204.5,15.2,105.2,180.88
E002708,2026-06-19,焊装车间,L002,M003,夜班,13562.8,20.5,115.8,176.14
E002709,2026-06-19,总装车间,L003,M003,白班,10908.6,21.1,122.1,123.96
E002710,2026-06-19,总装车间,L003,M003,夜班,10436.2,22.9,82.8,135.54
E002711,2026-06-19,涂装车间,L004,M002,白班,7447.5,19.7,46.4,130.66
E002712,2026-06-19,涂装车间,L004,M001,夜班,6505.9,13.5,55.9,108.43
E002713,2026-06-19,总装车间,L005,M005,白班,12374.2,13.6,56.0,220.97
E002714,2026-06-19,总装车间,L005,M005,夜班,14357.3,17.5,59.1,227.89
E002715,2026-06-19,焊装车间,L006,M005,白班,13940.6,11.6,57.0,240.36
E002716,2026-06-19,焊装车间,L006,M006,夜班,15798.7,17.7,29.3,287.25
E002717,2026-06-19,总装车间,L007,M007,白班,9174.4,9.7,57.2,195.2
E002718,2026-06-19,总装车间,L007,M007,夜班,9809.2,13.5,53.2,188.64
E002719,2026-06-19,检测车间,L008,M008,白班,14338.2,13.4,55.2,193.76
E002720,2026-06-19,检测车间,L008,M007,夜班,15456.5,16.5,102.1,190.82
E002721,2026-06-20,总装车间,L001,M002,白班,9730.5,17.0,60.6,110.57
E002722,2026-06-20,总装车间,L001,M001,夜班,6493.5,11.8,96.8,99.9
E002723,2026-06-20,焊装车间,L002,M003,白班,13225.8,24.9,114.5,169.56
E002724,2026-06-20,焊装车间,L002,M003,夜班,13175.1,16.6,82.4,199.62
E002725,2026-06-20,总装车间,L003,M003,白班,10013.4,17.4,77.1,143.05
E002726,2026-06-20,总装车间,L003,M003,夜班,7877.9,15.5,74.2,138.21
E002727,2026-06-20,涂装车间,L004,M002,白班,7471.8,15.5,36.2,128.82
E002728,2026-06-20,涂装车间,L004,M002,夜班,8232.7,20.3,41.8,126.66
E002729,2026-06-20,总装车间,L005,M006,白班,15538.0,11.3,35.5,272.6
E002730,2026-06-20,总装车间,L005,M005,夜班,12232.4,11.4,69.6,244.65
E002731,2026-06-20,焊装车间,L006,M005,白班,9515.3,12.3,56.9,226.55
E002732,2026-06-20,焊装车间,L006,M006,夜班,13876.3,11.4,32.4,266.85
E002733,2026-06-20,总装车间,L007,M007,白班,7960.4,12.1,46.3,199.01
E002734,2026-06-20,总装车间,L007,M007,夜班,8162.3,10.3,57.5,189.82
E002735,2026-06-20,检测车间,L008,M004,白班,10116.1,15.4,40.3,134.88
E002736,2026-06-20,检测车间,L008,M007,夜班,11287.6,19.6,94.5,168.47
E002737,2026-06-21,总装车间,L001,M002,白班,6426.1,12.7,39.3,114.75
E002738,2026-06-21,总装车间,L001,M001,夜班,6198.4,19.5,97.3,92.51
E002739,2026-06-21,焊装车间,L002,M004,白班,11518.4,15.7,37.3,209.43
E002740,2026-06-21,焊装车间,L002,M004,夜班,9752.0,9.3,29.1,199.02
E002741,2026-06-21,总装车间,L003,M003,白班,7980.6,12.1,69.9,140.01
E002742,2026-06-21,总装车间,L003,M003,夜班,7650.5,10.0,46.2,150.01
E002743,2026-06-21,涂装车间,L004,M002,白班,6015.0,11.1,24.6,130.76
E002744,2026-06-21,涂装车间,L004,M002,夜班,6141.0,15.7,36.4,133.5
E002745,2026-06-21,总装车间,L005,M006,白班,8641.7,9.3,29.6,246.91
E002746,2026-06-21,总装车间,L005,M006,夜班,10623.9,8.1,25.6,279.58
E002747,2026-06-21,焊装车间,L006,M005,白班,8084.0,8.0,33.6,244.97
E002748,2026-06-21,焊装车间,L006,M006,夜班,11565.7,7.7,25.8,304.36
E002749,2026-06-21,总装车间,L007,M008,白班,7529.3,11.2,22.9,215.12
E002750,2026-06-21,总装车间,L007,M008,夜班,7008.8,9.4,19.1,212.39
E002751,2026-06-21,检测车间,L008,M007,白班,8337.2,9.7,53.1,177.39
E002752,2026-06-21,检测车间,L008,M002,夜班,6343.1,17.2,34.6,113.27
E002753,2026-06-22,总装车间,L001,M002,白班,9291.9,22.4,55.1,116.15
E002754,2026-06-22,总装车间,L001,M001,夜班,8231.3,19.0,97.6,101.62
E002755,2026-06-22,焊装车间,L002,M004,白班,16443.6,20.1,41.8,208.15
E002756,2026-06-22,焊装车间,L002,M004,夜班,14807.5,23.1,40.6,208.56
E002757,2026-06-22,总装车间,L003,M004,白班,9969.8,17.1,34.7,146.61
E002758,2026-06-22,总装车间,L003,M003,夜班,10863.2,24.9,105.9,141.08
E002759,2026-06-22,涂装车间,L004,M002,白班,7398.8,19.2,33.0,121.29
E002760,2026-06-22,涂装车间,L004,M002,夜班,8114.5,14.1,47.6,122.95
E002761,2026-06-22,总装车间,L005,M005,白班,12429.6,12.1,56.9,243.72
E002762,2026-06-22,总装车间,L005,M006,夜班,16019.6,20.4,43.7,254.28
E002763,2026-06-22,焊装车间,L006,M005,白班,12774.3,10.1,72.7,245.66
E002764,2026-06-22,焊装车间,L006,M005,夜班,11675.9,12.3,53.7,233.52
E002765,2026-06-22,总装车间,L007,M007,白班,10312.7,17.4,68.3,198.32
E002766,2026-06-22,总装车间,L007,M007,夜班,11221.6,12.3,65.7,211.73
E002767,2026-06-22,检测车间,L008,M002,白班,8020.4,20.6,37.2,114.58
E002768,2026-06-22,检测车间,L008,M001,夜班,6746.8,17.1,108.1,93.71
E002769,2026-06-23,总装车间,L001,M002,白班,9778.5,21.7,42.4,122.23
E002770,2026-06-23,总装车间,L001,M001,夜班,7894.9,15.7,110.4,93.99
E002771,2026-06-23,焊装车间,L002,M003,白班,13863.7,18.6,86.5,189.91
E002772,2026-06-23,焊装车间,L002,M003,夜班,14489.2,18.0,85.1,195.8
E002773,2026-06-23,总装车间,L003,M004,白班,10489.8,16.4,55.1,156.56
E002774,2026-06-23,总装车间,L003,M003,夜班,11581.9,17.4,117.0,144.77
E002775,2026-06-23,涂装车间,L004,M001,白班,7264.0,22.4,73.7,99.51
E002776,2026-06-23,涂装车间,L004,M001,夜班,7616.2,16.5,88.1,115.4
E002777,2026-06-23,总装车间,L005,M006,白班,16468.0,18.5,42.3,269.97
E002778,2026-06-23,总装车间,L005,M006,夜班,17510.6,12.9,32.1,277.95
E002779,2026-06-23,焊装车间,L006,M005,白班,10519.1,13.9,48.4,239.07
E002780,2026-06-23,焊装车间,L006,M005,夜班,11525.7,16.0,53.4,245.23
E002781,2026-06-23,总装车间,L007,M007,白班,9309.6,15.8,62.9,198.08
E002782,2026-06-23,总装车间,L007,M007,夜班,10692.8,17.3,77.8,201.75
E002783,2026-06-23,检测车间,L008,M006,白班,16269.9,14.8,43.4,246.51
E002784,2026-06-23,检测车间,L008,M002,夜班,7833.5,13.0,38.0,107.31
E002785,2026-06-24,总装车间,L001,M001,白班,8692.2,17.9,79.3,96.58
E002786,2026-06-24,总装车间,L001,M001,夜班,7989.0,22.3,68.3,105.12
E002787,2026-06-24,焊装车间,L002,M003,白班,13235.3,16.7,87.9,186.41
E002788,2026-06-24,焊装车间,L002,M004,夜班,15919.8,22.0,38.7,206.75
E002789,2026-06-24,总装车间,L003,M004,白班,11920.7,19.7,42.3,161.09
E002790,2026-06-24,总装车间,L003,M003,夜班,8769.4,16.3,87.7,141.44
E002791,2026-06-24,涂装车间,L004,M001,白班,6910.1,23.0,60.1,101.62
E002792,2026-06-24,涂装车间,L004,M002,夜班,9426.3,19.0,51.8,136.61
E002793,2026-06-24,总装车间,L005,M005,白班,13043.6,18.2,49.2,237.16
E002794,2026-06-24,总装车间,L005,M006,夜班,15896.8,12.9,33.5,252.33
E002795,2026-06-24,焊装车间,L006,M006,白班,14161.8,16.1,36.0,277.68
E002796,2026-06-24,焊装车间,L006,M005,夜班,12742.7,13.6,67.0,227.55
E002797,2026-06-24,总装车间,L007,M008,白班,11244.4,13.8,35.7,224.89
E002798,2026-06-24,总装车间,L007,M007,夜班,9401.8,11.5,48.2,191.87
E002799,2026-06-24,检测车间,L008,M008,白班,13595.1,14.8,54.5,202.91
E002800,2026-06-24,检测车间,L008,M001,夜班,7748.7,24.7,88.6,93.36
E002801,2026-06-25,总装车间,L001,M001,白班,8646.2,19.1,126.9,100.54
E002802,2026-06-25,总装车间,L001,M001,夜班,8428.7,24.6,118.7,96.88
E002803,2026-06-25,焊装车间,L002,M003,白班,10456.1,24.4,112.0,139.41
E002804,2026-06-25,焊装车间,L002,M003,夜班,10880.7,19.0,70.5,143.17
E002805,2026-06-25,总装车间,L003,M004,白班,12148.4,15.3,52.2,161.98
E002806,2026-06-25,总装车间,L003,M003,夜班,10018.8,17.9,62.2,149.53
E002807,2026-06-25,涂装车间,L004,M002,白班,9123.9,16.0,62.1,128.51
E002808,2026-06-25,涂装车间,L004,M002,夜班,8662.1,16.0,44.3,131.24
E002809,2026-06-25,总装车间,L005,M005,白班,10992.6,13.1,56.2,229.01
E002810,2026-06-25,总装车间,L005,M006,夜班,14121.8,16.7,26.3,271.57
E002811,2026-06-25,焊装车间,L006,M006,白班,13790.2,12.2,29.1,270.4
E002812,2026-06-25,焊装车间,L006,M006,夜班,14005.7,15.7,35.6,285.83
E002813,2026-06-25,总装车间,L007,M007,白班,8576.9,12.2,59.5,182.49
E002814,2026-06-25,总装车间,L007,M008,夜班,10893.6,10.8,41.1,231.78
E002815,2026-06-25,检测车间,L008,M005,白班,13074.8,15.1,66.8,198.1
E002816,2026-06-25,检测车间,L008,M005,夜班,17029.5,22.8,120.7,210.24
E002817,2026-06-26,总装车间,L001,M002,白班,8556.2,18.4,42.0,105.63
E002818,2026-06-26,总装车间,L001,M002,夜班,10459.3,22.2,79.5,108.95
E002819,2026-06-26,焊装车间,L002,M003,白班,9187.3,12.9,66.1,139.2
E002820,2026-06-26,焊装车间,L002,M003,夜班,12279.6,20.9,71.8,155.44
E002821,2026-06-26,总装车间,L003,M003,白班,10522.9,17.1,91.2,131.54
E002822,2026-06-26,总装车间,L003,M003,夜班,9644.8,15.4,89.2,150.7
E002823,2026-06-26,涂装车间,L004,M002,白班,7095.7,18.6,45.6,124.49
E002824,2026-06-26,涂装车间,L004,M002,夜班,9355.5,17.9,36.9,126.43
E002825,2026-06-26,总装车间,L005,M005,白班,11997.6,10.9,51.5,218.14
E002826,2026-06-26,总装车间,L005,M006,夜班,16491.1,18.2,31.5,274.85
E002827,2026-06-26,焊装车间,L006,M006,白班,12852.5,12.4,31.2,257.05
E002828,2026-06-26,焊装车间,L006,M005,夜班,14928.2,13.4,73.3,244.72
E002829,2026-06-26,总装车间,L007,M008,白班,10022.6,11.1,43.8,200.45
E002830,2026-06-26,总装车间,L007,M007,夜班,8743.6,8.7,35.6,213.26
E002831,2026-06-26,检测车间,L008,M004,白班,10936.8,18.7,59.5,142.04
E002832,2026-06-26,检测车间,L008,M006,夜班,17325.2,19.9,43.0,240.63
E002833,2026-06-27,总装车间,L001,M002,白班,9456.7,19.7,59.0,109.96
E002834,2026-06-27,总装车间,L001,M001,夜班,6716.8,17.8,104.7,98.78
E002835,2026-06-27,焊装车间,L002,M003,白班,9400.0,18.0,101.3,142.42
E002836,2026-06-27,焊装车间,L002,M004,夜班,11285.4,20.2,37.8,161.22
E002837,2026-06-27,总装车间,L003,M003,白班,9024.6,17.6,82.8,141.01
E002838,2026-06-27,总装车间,L003,M003,夜班,7045.9,8.9,61.0,149.91
E002839,2026-06-27,涂装车间,L004,M002,白班,6824.5,16.3,29.4,131.24
E002840,2026-06-27,涂装车间,L004,M002,夜班,8355.9,21.2,49.2,130.56
E002841,2026-06-27,总装车间,L005,M005,白班,10063.9,10.2,39.5,228.72
E002842,2026-06-27,总装车间,L005,M006,夜班,15954.7,12.2,30.0,284.91
E002843,2026-06-27,焊装车间,L006,M006,白班,13823.1,15.0,36.1,276.46
E002844,2026-06-27,焊装车间,L006,M005,夜班,11795.3,9.7,70.8,235.91
E002845,2026-06-27,总装车间,L007,M007,白班,8257.8,11.7,39.7,211.74
E002846,2026-06-27,总装车间,L007,M008,夜班,10608.3,9.0,31.9,230.62
E002847,2026-06-27,检测车间,L008,M004,白班,11409.1,23.5,61.9,148.17
E002848,2026-06-27,检测车间,L008,M008,夜班,13809.4,17.7,37.8,200.14
E002849,2026-06-28,总装车间,L001,M001,白班,5434.6,14.5,70.9,98.81
E002850,2026-06-28,总装车间,L001,M001,夜班,5518.2,13.7,64.2,98.54
E002851,2026-06-28,焊装车间,L002,M003,白班,7001.8,13.7,72.3,137.29
E002852,2026-06-28,焊装车间,L002,M003,夜班,8019.1,16.9,67.7,151.3
E002853,2026-06-28,总装车间,L003,M004,白班,7446.2,10.5,31.1,161.87
E002854,2026-06-28,总装车间,L003,M003,夜班,7574.8,11.8,45.2,154.59
E002855,2026-06-28,涂装车间,L004,M001,白班,5500.0,16.9,66.1,112.24
E002856,2026-06-28,涂装车间,L004,M001,夜班,5399.0,11.1,73.7,110.18
E002857,2026-06-28,总装车间,L005,M005,白班,9007.5,11.9,37.4,219.7
E002858,2026-06-28,总装车间,L005,M006,夜班,11604.5,11.3,36.6,276.3
E002859,2026-06-28,焊装车间,L006,M005,白班,8232.0,10.7,40.8,222.49
E002860,2026-06-28,焊装车间,L006,M005,夜班,10079.7,13.6,56.1,251.99
E002861,2026-06-28,总装车间,L007,M007,白班,6778.4,10.5,34.4,199.36
E002862,2026-06-28,总装车间,L007,M008,夜班,7082.7,9.7,24.4,228.47
E002863,2026-06-28,检测车间,L008,M001,白班,4440.9,13.1,46.4,85.4
E002864,2026-06-28,检测车间,L008,M005,夜班,10948.5,14.1,57.9,214.68
E002865,2026-06-29,总装车间,L001,M001,白班,8584.4,25.8,130.9,91.32
E002866,2026-06-29,总装车间,L001,M001,夜班,7696.4,22.7,72.6,95.02
E002867,2026-06-29,焊装车间,L002,M003,白班,12747.0,27.7,97.5,144.85
E002868,2026-06-29,焊装车间,L002,M004,夜班,11561.0,22.9,64.9,156.23
E002869,2026-06-29,总装车间,L003,M003,白班,9307.3,14.0,108.3,131.09
E002870,2026-06-29,总装车间,L003,M003,夜班,10578.2,21.6,95.4,151.12
E002871,2026-06-29,涂装车间,L004,M001,白班,8051.7,20.1,87.3,104.57
E002872,2026-06-29,涂装车间,L004,M002,夜班,9361.7,21.0,44.0,137.67
E002873,2026-06-29,总装车间,L005,M005,白班,12781.6,17.0,55.8,228.24
E002874,2026-06-29,总装车间,L005,M005,夜班,14225.4,16.4,67.3,218.85
E002875,2026-06-29,焊装车间,L006,M005,白班,13965.6,13.5,72.2,245.01
E002876,2026-06-29,焊装车间,L006,M006,夜班,16322.5,18.6,33.6,281.42
E002877,2026-06-29,总装车间,L007,M007,白班,9790.6,17.3,75.5,188.28
E002878,2026-06-29,总装车间,L007,M008,夜班,12226.6,15.7,43.6,239.74
E002879,2026-06-29,检测车间,L008,M005,白班,14107.6,17.3,88.8,213.75
E002880,2026-06-29,检测车间,L008,M005,夜班,15258.9,21.1,108.6,198.17
E002881,2026-06-30,总装车间,L001,M001,白班,8183.8,25.6,74.2,96.28
E002882,2026-06-30,总装车间,L001,M001,夜班,9307.0,28.4,142.1,94.01
E002883,2026-06-30,焊装车间,L002,M004,白班,12714.7,21.1,38.3,165.13
E002884,2026-06-30,焊装车间,L002,M004,夜班,11007.4,16.8,35.6,157.25
E002885,2026-06-30,总装车间,L003,M004,白班,10745.3,17.9,38.5,155.73
E002886,2026-06-30,总装车间,L003,M004,夜班,10097.0,16.4,44.9,174.09
E002887,2026-06-30,涂装车间,L004,M002,白班,6567.6,12.7,32.9,117.28
E002888,2026-06-30,涂装车间,L004,M001,夜班,7455.3,22.1,104.1,106.5
E002889,2026-06-30,总装车间,L005,M005,白班,12940.5,17.9,74.3,227.03
E002890,2026-06-30,总装车间,L005,M006,夜班,16249.4,17.0,47.2,275.41
E002891,2026-06-30,焊装车间,L006,M005,白班,11156.7,13.6,70.9,227.69
E002892,2026-06-30,焊装车间,L006,M006,夜班,16027.7,16.4,37.2,276.34
E002893,2026-06-30,总装车间,L007,M007,白班,8507.6,10.5,46.3,202.56
E002894,2026-06-30,总装车间,L007,M007,夜班,9306.9,14.9,58.1,186.14
E002895,2026-06-30,检测车间,L008,M003,白班,11027.7,15.6,102.8,132.86
E002896,2026-06-30,检测车间,L008,M005,夜班,16873.2,13.9,110.1,216.32
