actual_id,plan_id,production_date,line_id,model_id,shift,actual_quantity,working_hours,downtime_minutes,achievement_rate
A000001,P000001,2026-01-01,L001,M002,白班,77,8,15,0.9059
A000002,P000002,2026-01-01,L001,M002,夜班,73,8,14,0.9733
A000003,P000003,2026-01-01,L002,M004,白班,79,8,13,0.9753
A000004,P000004,2026-01-01,L002,M004,夜班,75,8,12,0.9615
A000005,P000005,2026-01-01,L003,M004,白班,65,8,8,0.9848
A000006,P000006,2026-01-01,L003,M004,夜班,57,8,54,0.8769
A000007,P000007,2026-01-01,L004,M002,白班,58,8,10,1.0
A000008,P000008,2026-01-01,L004,M001,夜班,57,8,28,1.0179
A000009,P000009,2026-01-01,L005,M006,白班,45,8,18,0.9375
A000010,P000010,2026-01-01,L005,M006,夜班,57,8,31,1.0
A000011,P000011,2026-01-01,L006,M006,白班,50,8,22,1.0
A000012,P000012,2026-01-01,L006,M005,夜班,45,8,17,0.9574
A000013,P000013,2026-01-01,L007,M008,白班,49,8,31,1.0208
A000014,P000014,2026-01-01,L007,M008,夜班,46,8,19,0.92
A000015,P000015,2026-01-01,L008,M006,白班,71,8,32,0.9342
A000016,P000016,2026-01-01,L008,M006,夜班,77,8,21,0.939
A000017,P000017,2026-01-02,L001,M002,白班,84,8,32,0.9767
A000018,P000018,2026-01-02,L001,M001,夜班,86,8,41,0.9247
A000019,P000019,2026-01-02,L002,M004,白班,82,8,36,1.025
A000020,P000020,2026-01-02,L002,M004,夜班,82,8,13,1.025
A000021,P000021,2026-01-02,L003,M004,白班,60,8,21,0.9836
A000022,P000022,2026-01-02,L003,M003,夜班,62,8,56,0.8611
A000023,P000023,2026-01-02,L004,M002,白班,66,8,17,0.9565
A000024,P000024,2026-01-02,L004,M002,夜班,67,8,26,1.0
A000025,P000025,2026-01-02,L005,M005,白班,54,8,21,0.9818
A000026,P000026,2026-01-02,L005,M006,夜班,48,8,22,0.96
A000027,P000027,2026-01-02,L006,M005,白班,56,8,21,0.9825
A000028,P000028,2026-01-02,L006,M005,夜班,46,8,18,0.9787
A000029,P000029,2026-01-02,L007,M007,白班,43,8,8,1.0
A000030,P000030,2026-01-02,L007,M008,夜班,53,8,15,1.0192
A000031,P000031,2026-01-02,L008,M003,白班,75,8,12,1.0
A000032,P000032,2026-01-02,L008,M008,夜班,62,8,15,0.9254
A000033,P000033,2026-01-03,L001,M002,白班,68,8,20,0.9315
A000034,P000034,2026-01-03,L001,M002,夜班,77,8,31,0.9506
A000035,P000035,2026-01-03,L002,M004,白班,72,8,9,1.0286
A000036,P000036,2026-01-03,L002,M004,夜班,56,8,26,0.918
A000037,P000037,2026-01-03,L003,M004,白班,55,8,19,0.9483
A000038,P000038,2026-01-03,L003,M004,夜班,58,8,72,0.8788
A000039,P000039,2026-01-03,L004,M002,白班,49,8,10,0.9245
A000040,P000040,2026-01-03,L004,M001,夜班,54,8,29,0.9818
A000041,P000041,2026-01-03,L005,M006,白班,49,8,6,0.9245
A000042,P000042,2026-01-03,L005,M006,夜班,52,8,17,0.963
A000043,P000043,2026-01-03,L006,M005,白班,43,8,18,0.9556
A000044,P000044,2026-01-03,L006,M006,夜班,46,8,20,0.9388
A000045,P000045,2026-01-03,L007,M007,白班,42,8,22,0.9333
A000046,P000046,2026-01-03,L007,M007,夜班,37,8,40,0.9487
A000047,P000047,2026-01-03,L008,M005,白班,61,8,22,0.9242
A000048,P000048,2026-01-03,L008,M002,夜班,64,8,37,0.9552
A000049,P000049,2026-01-04,L001,M002,白班,50,8,10,0.9259
A000050,P000050,2026-01-04,L001,M001,夜班,56,8,6,0.918
A000051,P000051,2026-01-04,L002,M004,白班,50,8,12,0.9259
A000052,P000052,2026-01-04,L002,M004,夜班,48,8,25,1.0213
A000053,P000053,2026-01-04,L003,M003,白班,47,8,29,0.9792
A000054,P000054,2026-01-04,L003,M003,夜班,46,8,63,0.8846
A000055,P000055,2026-01-04,L004,M002,白班,42,8,4,0.9545
A000056,P000056,2026-01-04,L004,M002,夜班,46,8,33,0.9388
A000057,P000057,2026-01-04,L005,M005,白班,39,8,13,1.0
A000058,P000058,2026-01-04,L005,M006,夜班,34,8,37,1.0303
A000059,P000059,2026-01-04,L006,M005,白班,35,8,35,0.9211
A000060,P000060,2026-01-04,L006,M005,夜班,35,8,28,1.0294
A000061,P000061,2026-01-04,L007,M008,白班,30,8,37,0.9677
A000062,P000062,2026-01-04,L007,M007,夜班,32,8,30,0.9143
A000063,P000063,2026-01-04,L008,M003,白班,53,8,30,1.0192
A000064,P000064,2026-01-04,L008,M006,夜班,53,8,7,1.0
A000065,P000065,2026-01-05,L001,M002,白班,90,8,38,1.0112
A000066,P000066,2026-01-05,L001,M002,夜班,84,8,17,0.9767
A000067,P000067,2026-01-05,L002,M003,白班,70,8,32,0.9211
A000068,P000068,2026-01-05,L002,M003,夜班,68,8,10,0.9714
A000069,P000069,2026-01-05,L003,M003,白班,69,8,15,0.9583
A000070,P000070,2026-01-05,L003,M003,夜班,60,8,63,0.7895
A000071,P000071,2026-01-05,L004,M001,白班,53,8,31,0.9138
A000072,P000072,2026-01-05,L004,M001,夜班,51,8,27,0.9107
A000073,P000073,2026-01-05,L005,M006,白班,55,8,26,0.9322
A000074,P000074,2026-01-05,L005,M006,夜班,45,8,13,0.9375
A000075,P000075,2026-01-05,L006,M006,白班,57,8,10,1.0
A000076,P000076,2026-01-05,L006,M006,夜班,53,8,7,0.9138
A000077,P000077,2026-01-05,L007,M007,白班,43,8,15,1.0238
A000078,P000078,2026-01-05,L007,M008,夜班,52,8,24,1.0196
A000079,P000079,2026-01-05,L008,M006,白班,69,8,15,0.9857
A000080,P000080,2026-01-05,L008,M004,夜班,75,8,24,0.9146
A000081,P000081,2026-01-06,L001,M001,白班,81,8,9,0.9759
A000082,P000082,2026-01-06,L001,M002,夜班,79,8,18,0.9405
A000083,P000083,2026-01-06,L002,M003,白班,70,8,13,0.9722
A000084,P000084,2026-01-06,L002,M004,夜班,71,8,16,1.0143
A000085,P000085,2026-01-06,L003,M004,白班,62,8,9,0.9394
A000086,P000086,2026-01-06,L003,M003,夜班,59,8,53,0.7763
A000087,P000087,2026-01-06,L004,M002,白班,67,8,20,1.0
A000088,P000088,2026-01-06,L004,M002,夜班,54,8,25,0.9474
A000089,P000089,2026-01-06,L005,M005,白班,47,8,0,0.9592
A000090,P000090,2026-01-06,L005,M006,夜班,57,8,34,1.0179
A000091,P000091,2026-01-06,L006,M005,白班,53,8,21,0.9298
A000092,P000092,2026-01-06,L006,M005,夜班,58,8,14,1.0175
A000093,P000093,2026-01-06,L007,M008,白班,41,8,8,0.9762
A000094,P000094,2026-01-06,L007,M008,夜班,46,8,13,0.9388
A000095,P000095,2026-01-06,L008,M006,白班,70,8,20,0.9722
A000096,P000096,2026-01-06,L008,M007,夜班,70,8,14,1.0145
A000097,P000097,2026-01-07,L001,M001,白班,72,8,27,0.9114
A000098,P000098,2026-01-07,L001,M001,夜班,89,8,20,1.023
A000099,P000099,2026-01-07,L002,M003,白班,69,8,37,0.9452
A000100,P000100,2026-01-07,L002,M003,夜班,67,8,0,0.9178
A000101,P000101,2026-01-07,L003,M003,白班,60,8,11,0.9524
A000102,P000102,2026-01-07,L003,M004,夜班,59,8,71,0.9219
A000103,P000103,2026-01-07,L004,M002,白班,67,8,20,1.0
A000104,P000104,2026-01-07,L004,M001,夜班,61,8,18,0.9839
A000105,P000105,2026-01-07,L005,M005,白班,48,8,7,1.0
A000106,P000106,2026-01-07,L005,M006,夜班,46,8,0,0.9583
A000107,P000107,2026-01-07,L006,M005,白班,53,8,19,1.0
A000108,P000108,2026-01-07,L006,M005,夜班,55,8,24,0.9649
A000109,P000109,2026-01-07,L007,M008,白班,50,8,40,1.0
A000110,P000110,2026-01-07,L007,M007,夜班,47,8,16,1.0217
A000111,P000111,2026-01-07,L008,M007,白班,65,8,15,0.9848
A000112,P000112,2026-01-07,L008,M008,夜班,73,8,14,0.9605
A000113,P000113,2026-01-08,L001,M002,白班,83,8,13,1.0
A000114,P000114,2026-01-08,L001,M001,夜班,81,8,19,0.9419
A000115,P000115,2026-01-08,L002,M003,白班,73,8,12,0.9865
A000116,P000116,2026-01-08,L002,M003,夜班,72,8,16,1.0
A000117,P000117,2026-01-08,L003,M004,白班,62,8,32,1.0
A000118,P000118,2026-01-08,L003,M004,夜班,56,8,55,0.8485
A000119,P000119,2026-01-08,L004,M002,白班,65,8,35,0.9848
A000120,P000120,2026-01-08,L004,M002,夜班,53,8,0,0.9138
A000121,P000121,2026-01-08,L005,M005,白班,52,8,5,1.0196
A000122,P000122,2026-01-08,L005,M006,夜班,46,8,3,0.92
A000123,P000123,2026-01-08,L006,M006,白班,49,8,11,1.0208
A000124,P000124,2026-01-08,L006,M006,夜班,51,8,8,1.02
A000125,P000125,2026-01-08,L007,M008,白班,43,8,20,1.0
A000126,P000126,2026-01-08,L007,M008,夜班,48,8,28,1.0
A000127,P000127,2026-01-08,L008,M002,白班,71,8,19,0.9221
A000128,P000128,2026-01-08,L008,M007,夜班,59,8,28,0.9077
A000129,P000129,2026-01-09,L001,M001,白班,78,8,14,0.9176
A000130,P000130,2026-01-09,L001,M002,夜班,78,8,21,0.9873
A000131,P000131,2026-01-09,L002,M004,白班,78,8,19,0.9873
A000132,P000132,2026-01-09,L002,M003,夜班,66,8,29,1.0154
A000133,P000133,2026-01-09,L003,M003,白班,63,8,42,0.9692
A000134,P000134,2026-01-09,L003,M004,夜班,58,8,29,0.7945
A000135,P000135,2026-01-09,L004,M002,白班,54,8,13,0.9474
A000136,P000136,2026-01-09,L004,M002,夜班,60,8,1,1.0345
A000137,P000137,2026-01-09,L005,M005,白班,54,8,17,0.9474
A000138,P000138,2026-01-09,L005,M005,夜班,54,8,18,0.9153
A000139,P000139,2026-01-09,L006,M006,白班,54,8,24,1.0
A000140,P000140,2026-01-09,L006,M006,夜班,50,8,21,0.9804
A000141,P000141,2026-01-09,L007,M008,白班,45,8,34,0.9574
A000142,P000142,2026-01-09,L007,M008,夜班,50,8,10,0.9804
A000143,P000143,2026-01-09,L008,M006,白班,83,8,16,1.0247
A000144,P000144,2026-01-09,L008,M008,夜班,76,8,22,0.9744
A000145,P000145,2026-01-10,L001,M002,白班,75,8,28,0.9615
A000146,P000146,2026-01-10,L001,M002,夜班,75,8,14,1.0
A000147,P000147,2026-01-10,L002,M004,白班,64,8,35,0.9275
A000148,P000148,2026-01-10,L002,M004,夜班,63,8,19,0.913
A000149,P000149,2026-01-10,L003,M003,白班,55,8,25,0.9167
A000150,P000150,2026-01-10,L003,M004,夜班,61,8,72,0.8841
A000151,P000151,2026-01-10,L004,M002,白班,48,8,36,0.9231
A000152,P000152,2026-01-10,L004,M001,夜班,49,8,37,0.9423
A000153,P000153,2026-01-10,L005,M005,白班,42,8,26,0.9767
A000154,P000154,2026-01-10,L005,M005,夜班,42,8,22,0.9545
A000155,P000155,2026-01-10,L006,M005,白班,39,8,19,0.907
A000156,P000156,2026-01-10,L006,M006,夜班,46,8,25,0.9388
A000157,P000157,2026-01-10,L007,M008,白班,37,8,16,0.9737
A000158,P000158,2026-01-10,L007,M007,夜班,45,8,7,0.9783
A000159,P000159,2026-01-10,L008,M003,白班,67,8,31,1.0152
A000160,P000160,2026-01-10,L008,M003,夜班,71,8,32,0.9861
A000161,P000161,2026-01-11,L001,M002,白班,61,8,6,0.9839
A000162,P000162,2026-01-11,L001,M002,夜班,65,8,6,1.0317
A000163,P000163,2026-01-11,L002,M003,白班,44,8,17,0.9565
A000164,P000164,2026-01-11,L002,M004,夜班,49,8,22,1.0
A000165,P000165,2026-01-11,L003,M004,白班,48,8,16,1.0
A000166,P000166,2026-01-11,L003,M004,夜班,42,8,56,0.913
A000167,P000167,2026-01-11,L004,M002,白班,47,8,19,0.94
A000168,P000168,2026-01-11,L004,M001,夜班,45,8,38,0.9783
A000169,P000169,2026-01-11,L005,M005,白班,37,8,33,1.0
A000170,P000170,2026-01-11,L005,M005,夜班,33,8,10,0.9167
A000171,P000171,2026-01-11,L006,M006,白班,37,8,12,0.925
A000172,P000172,2026-01-11,L006,M006,夜班,36,8,15,0.9474
A000173,P000173,2026-01-11,L007,M007,白班,35,8,16,1.0
A000174,P000174,2026-01-11,L007,M008,夜班,36,8,26,1.0
A000175,P000175,2026-01-11,L008,M006,白班,55,8,5,0.9821
A000176,P000176,2026-01-11,L008,M002,夜班,49,8,26,0.9245
A000177,P000177,2026-01-12,L001,M001,白班,80,8,36,0.9412
A000178,P000178,2026-01-12,L001,M002,夜班,87,8,39,0.9457
A000179,P000179,2026-01-12,L002,M004,白班,67,8,0,1.0152
A000180,P000180,2026-01-12,L002,M004,夜班,79,8,1,0.9753
A000181,P000181,2026-01-12,L003,M004,白班,59,8,20,0.9672
A000182,P000182,2026-01-12,L003,M004,夜班,53,8,36,0.8281
A000183,P000183,2026-01-12,L004,M002,白班,58,8,12,0.9508
A000184,P000184,2026-01-12,L004,M002,夜班,65,8,5,1.0156
A000185,P000185,2026-01-12,L005,M005,白班,44,8,9,0.9167
A000186,P000186,2026-01-12,L005,M006,夜班,51,8,0,0.9444
A000187,P000187,2026-01-12,L006,M006,白班,51,8,7,0.9107
A000188,P000188,2026-01-12,L006,M006,夜班,45,8,5,0.9375
A000189,P000189,2026-01-12,L007,M008,白班,45,8,17,0.9574
A000190,P000190,2026-01-12,L007,M007,夜班,41,8,29,0.9535
A000191,P000191,2026-01-12,L008,M003,白班,69,8,19,0.9718
A000192,P000192,2026-01-12,L008,M001,夜班,66,8,32,1.0
A000193,P000193,2026-01-13,L001,M001,白班,73,8,8,0.9241
A000194,P000194,2026-01-13,L001,M002,夜班,77,8,40,1.0132
A000195,P000195,2026-01-13,L002,M003,白班,67,8,21,0.9437
A000196,P000196,2026-01-13,L002,M004,夜班,78,8,30,1.013
A000197,P000197,2026-01-13,L003,M004,白班,66,8,18,1.0154
A000198,P000198,2026-01-13,L003,M004,夜班,55,8,67,0.8462
A000199,P000199,2026-01-13,L004,M002,白班,58,8,19,1.0
A000200,P000200,2026-01-13,L004,M002,夜班,62,8,38,0.9688
A000201,P000201,2026-01-13,L005,M006,白班,46,8,27,0.9583
A000202,P000202,2026-01-13,L005,M006,夜班,59,8,25,0.9833
A000203,P000203,2026-01-13,L006,M006,白班,57,8,20,0.9828
A000204,P000204,2026-01-13,L006,M006,夜班,48,8,20,0.9412
A000205,P000205,2026-01-13,L007,M008,白班,46,8,24,0.9583
A000206,P000206,2026-01-13,L007,M007,夜班,48,8,21,0.9796
A000207,P000207,2026-01-13,L008,M006,白班,81,8,23,1.0
A000208,P000208,2026-01-13,L008,M002,夜班,63,8,22,0.9692
A000209,P000209,2026-01-14,L001,M001,白班,83,8,19,1.0247
A000210,P000210,2026-01-14,L001,M002,夜班,87,8,0,1.0235
A000211,P000211,2026-01-14,L002,M004,白班,65,8,11,0.9286
A000212,P000212,2026-01-14,L002,M003,夜班,73,8,0,0.9865
A000213,P000213,2026-01-14,L003,M003,白班,61,8,25,0.9839
A000214,P000214,2026-01-14,L003,M004,夜班,66,8,63,0.9167
A000215,P000215,2026-01-14,L004,M001,白班,60,8,3,0.9231
A000216,P000216,2026-01-14,L004,M002,夜班,54,8,22,0.931
A000217,P000217,2026-01-14,L005,M005,白班,54,8,12,0.9474
A000218,P000218,2026-01-14,L005,M006,夜班,48,8,0,0.9231
A000219,P000219,2026-01-14,L006,M005,白班,45,8,19,0.9574
A000220,P000220,2026-01-14,L006,M005,夜班,55,8,1,0.9649
A000221,P000221,2026-01-14,L007,M007,白班,39,8,13,0.9512
A000222,P000222,2026-01-14,L007,M008,夜班,37,8,0,0.9024
A000223,P000223,2026-01-14,L008,M001,白班,61,8,5,0.9242
A000224,P000224,2026-01-14,L008,M003,夜班,62,8,8,0.9538
A000225,P000225,2026-01-15,L001,M001,白班,84,8,17,0.9767
A000226,P000226,2026-01-15,L001,M002,夜班,81,8,15,1.0253
A000227,P000227,2026-01-15,L002,M004,白班,61,8,49,0.9242
A000228,P000228,2026-01-15,L002,M003,夜班,68,8,35,0.9189
A000229,P000229,2026-01-15,L003,M004,白班,59,8,32,0.9672
A000230,P000230,2026-01-15,L003,M004,夜班,64,8,58,0.8767
A000231,P000231,2026-01-15,L004,M002,白班,67,8,25,0.9437
A000232,P000232,2026-01-15,L004,M001,夜班,58,8,17,1.0175
A000233,P000233,2026-01-15,L005,M005,白班,50,8,2,1.0204
A000234,P000234,2026-01-15,L005,M005,夜班,48,8,26,0.9796
A000235,P000235,2026-01-15,L006,M005,白班,47,8,2,0.9792
A000236,P000236,2026-01-15,L006,M005,夜班,43,8,30,0.9556
A000237,P000237,2026-01-15,L007,M008,白班,44,8,16,1.0
A000238,P000238,2026-01-15,L007,M007,夜班,52,8,44,1.0196
A000239,P000239,2026-01-15,L008,M004,白班,60,8,19,0.9231
A000240,P000240,2026-01-15,L008,M004,夜班,68,8,20,1.0149
A000241,P000241,2026-01-16,L001,M002,白班,90,8,23,0.9783
A000242,P000242,2026-01-16,L001,M002,夜班,84,8,18,0.9655
A000243,P000243,2026-01-16,L002,M003,白班,83,8,27,1.0247
A000244,P000244,2026-01-16,L002,M004,夜班,68,8,31,1.0149
A000245,P000245,2026-01-16,L003,M003,白班,62,8,40,0.9538
A000246,P000246,2026-01-16,L003,M004,夜班,60,8,45,0.8824
A000247,P000247,2026-01-16,L004,M001,白班,68,8,32,0.9855
A000248,P000248,2026-01-16,L004,M002,夜班,58,8,27,1.0175
A000249,P000249,2026-01-16,L005,M005,白班,58,8,19,1.0
A000250,P000250,2026-01-16,L005,M005,夜班,52,8,25,1.0
A000251,P000251,2026-01-16,L006,M006,白班,48,8,22,0.9796
A000252,P000252,2026-01-16,L006,M006,夜班,58,8,34,1.0175
A000253,P000253,2026-01-16,L007,M007,白班,46,8,24,0.9583
A000254,P000254,2026-01-16,L007,M007,夜班,41,8,36,0.9111
A000255,P000255,2026-01-16,L008,M008,白班,66,8,24,0.9851
A000256,P000256,2026-01-16,L008,M003,夜班,66,8,26,0.9296
A000257,P000257,2026-01-17,L001,M001,白班,82,8,16,1.0
A000258,P000258,2026-01-17,L001,M002,夜班,75,8,19,0.9259
A000259,P000259,2026-01-17,L002,M004,白班,70,8,36,1.0
A000260,P000260,2026-01-17,L002,M003,夜班,62,8,28,0.9118
A000261,P000261,2026-01-17,L003,M003,白班,69,8,6,1.0
A000262,P000262,2026-01-17,L003,M003,夜班,46,8,83,0.807
A000263,P000263,2026-01-17,L004,M001,白班,56,8,6,1.0
A000264,P000264,2026-01-17,L004,M002,夜班,50,8,22,0.9434
A000265,P000265,2026-01-17,L005,M005,白班,40,8,24,0.9091
A000266,P000266,2026-01-17,L005,M005,夜班,41,8,18,0.9535
A000267,P000267,2026-01-17,L006,M005,白班,48,8,17,0.9231
A000268,P000268,2026-01-17,L006,M006,夜班,42,8,16,0.9767
A000269,P000269,2026-01-17,L007,M007,白班,40,8,32,1.0
A000270,P000270,2026-01-17,L007,M007,夜班,44,8,24,1.0
A000271,P000271,2026-01-17,L008,M003,白班,72,8,15,1.0
A000272,P000272,2026-01-17,L008,M002,夜班,66,8,17,1.0
A000273,P000273,2026-01-18,L001,M001,白班,51,8,36,0.9444
A000274,P000274,2026-01-18,L001,M001,夜班,52,8,14,0.9811
A000275,P000275,2026-01-18,L002,M003,白班,55,8,35,1.0185
A000276,P000276,2026-01-18,L002,M003,夜班,43,8,22,0.9149
A000277,P000277,2026-01-18,L003,M004,白班,43,8,21,0.9773
A000278,P000278,2026-01-18,L003,M004,夜班,39,8,48,0.8478
A000279,P000279,2026-01-18,L004,M001,白班,45,8,11,0.9184
A000280,P000280,2026-01-18,L004,M001,夜班,40,8,3,0.9302
A000281,P000281,2026-01-18,L005,M006,白班,33,8,20,0.9167
A000282,P000282,2026-01-18,L005,M006,夜班,39,8,18,0.9512
A000283,P000283,2026-01-18,L006,M006,白班,34,8,10,0.9714
A000284,P000284,2026-01-18,L006,M006,夜班,38,8,10,0.9744
A000285,P000285,2026-01-18,L007,M007,白班,32,8,20,0.9697
A000286,P000286,2026-01-18,L007,M008,夜班,31,8,6,1.0333
A000287,P000287,2026-01-18,L008,M002,白班,50,8,18,0.9091
A000288,P000288,2026-01-18,L008,M007,夜班,43,8,7,0.9149
A000289,P000289,2026-01-19,L001,M001,白班,77,8,28,0.9872
A000290,P000290,2026-01-19,L001,M002,夜班,72,8,24,0.9474
A000291,P000291,2026-01-19,L002,M004,白班,70,8,24,1.0
A000292,P000292,2026-01-19,L002,M003,夜班,74,8,7,0.925
A000293,P000293,2026-01-19,L003,M003,白班,63,8,6,0.9545
A000294,P000294,2026-01-19,L003,M003,夜班,56,8,69,0.8235
A000295,P000295,2026-01-19,L004,M001,白班,64,8,22,0.9552
A000296,P000296,2026-01-19,L004,M001,夜班,52,8,14,0.9286
A000297,P000297,2026-01-19,L005,M005,白班,58,8,26,1.0
A000298,P000298,2026-01-19,L005,M006,夜班,57,8,42,0.95
A000299,P000299,2026-01-19,L006,M005,白班,50,8,23,1.0
A000300,P000300,2026-01-19,L006,M006,夜班,52,8,18,1.0196
A000301,P000301,2026-01-19,L007,M008,白班,50,8,14,1.0204
A000302,P000302,2026-01-19,L007,M007,夜班,47,8,41,0.9216
A000303,P000303,2026-01-19,L008,M007,白班,71,8,8,1.0143
A000304,P000304,2026-01-19,L008,M003,夜班,64,8,14,0.9412
A000305,P000305,2026-01-20,L001,M002,白班,80,8,31,1.0256
A000306,P000306,2026-01-20,L001,M001,夜班,80,8,24,0.9412
A000307,P000307,2026-01-20,L002,M003,白班,73,8,22,0.9125
A000308,P000308,2026-01-20,L002,M003,夜班,64,8,38,0.9412
A000309,P000309,2026-01-20,L003,M004,白班,64,8,29,0.9697
A000310,P000310,2026-01-20,L003,M004,夜班,58,8,61,0.8923
A000311,P000311,2026-01-20,L004,M001,白班,58,8,7,0.9667
A000312,P000312,2026-01-20,L004,M002,夜班,59,8,0,0.9833
A000313,P000313,2026-01-20,L005,M005,白班,52,8,27,0.9123
A000314,P000314,2026-01-20,L005,M005,夜班,56,8,22,1.0
A000315,P000315,2026-01-20,L006,M005,白班,43,8,13,0.9348
A000316,P000316,2026-01-20,L006,M006,夜班,47,8,13,1.0217
A000317,P000317,2026-01-20,L007,M008,白班,45,8,13,1.0227
A000318,P000318,2026-01-20,L007,M007,夜班,45,8,0,1.0
A000319,P000319,2026-01-20,L008,M005,白班,64,8,21,0.9846
A000320,P000320,2026-01-20,L008,M008,夜班,67,8,4,0.9853
A000321,P000321,2026-01-21,L001,M002,白班,73,8,27,1.0
A000322,P000322,2026-01-21,L001,M001,夜班,93,8,6,1.0109
A000323,P000323,2026-01-21,L002,M004,白班,77,8,27,1.0132
A000324,P000324,2026-01-21,L002,M003,夜班,69,8,22,1.0147
A000325,P000325,2026-01-21,L003,M004,白班,61,8,16,1.0
A000326,P000326,2026-01-21,L003,M003,夜班,54,8,73,0.8571
A000327,P000327,2026-01-21,L004,M002,白班,64,8,25,0.9552
A000328,P000328,2026-01-21,L004,M002,夜班,59,8,0,0.9672
A000329,P000329,2026-01-21,L005,M006,白班,60,8,8,1.0169
A000330,P000330,2026-01-21,L005,M006,夜班,55,8,29,0.9322
A000331,P000331,2026-01-21,L006,M005,白班,49,8,43,0.98
A000332,P000332,2026-01-21,L006,M006,夜班,52,8,20,0.9455
A000333,P000333,2026-01-21,L007,M007,白班,48,8,14,1.0213
A000334,P000334,2026-01-21,L007,M008,夜班,46,8,37,0.92
A000335,P000335,2026-01-21,L008,M005,白班,73,8,0,0.9733
A000336,P000336,2026-01-21,L008,M007,夜班,64,8,21,0.9552
A000337,P000337,2026-01-22,L001,M002,白班,74,8,23,0.9487
A000338,P000338,2026-01-22,L001,M001,夜班,77,8,8,1.0132
A000339,P000339,2026-01-22,L002,M003,白班,72,8,13,1.0286
A000340,P000340,2026-01-22,L002,M003,夜班,72,8,16,0.9114
A000341,P000341,2026-01-22,L003,M004,白班,72,8,26,0.96
A000342,P000342,2026-01-22,L003,M003,夜班,59,8,48,0.8082
A000343,P000343,2026-01-22,L004,M002,白班,60,8,35,0.9836
A000344,P000344,2026-01-22,L004,M002,夜班,62,8,36,0.9841
A000345,P000345,2026-01-22,L005,M005,白班,49,8,25,1.0
A000346,P000346,2026-01-22,L005,M006,夜班,55,8,24,0.9649
A000347,P000347,2026-01-22,L006,M005,白班,53,8,23,0.9298
A000348,P000348,2026-01-22,L006,M006,夜班,45,8,9,1.0
A000349,P000349,2026-01-22,L007,M008,白班,45,8,19,1.0227
A000350,P000350,2026-01-22,L007,M007,夜班,46,8,36,0.92
A000351,P000351,2026-01-22,L008,M002,白班,67,8,22,1.0152
A000352,P000352,2026-01-22,L008,M006,夜班,65,8,24,0.9848
A000353,P000353,2026-01-23,L001,M002,白班,79,8,14,1.0128
A000354,P000354,2026-01-23,L001,M002,夜班,81,8,22,0.9643
A000355,P000355,2026-01-23,L002,M004,白班,69,8,37,0.9324
A000356,P000356,2026-01-23,L002,M003,夜班,76,8,8,0.95
A000357,P000357,2026-01-23,L003,M004,白班,73,8,16,1.0282
A000358,P000358,2026-01-23,L003,M003,夜班,59,8,62,0.8429
A000359,P000359,2026-01-23,L004,M001,白班,65,8,22,1.0
A000360,P000360,2026-01-23,L004,M001,夜班,57,8,0,1.0
A000361,P000361,2026-01-23,L005,M006,白班,56,8,27,0.9333
A000362,P000362,2026-01-23,L005,M005,夜班,57,8,34,0.9828
A000363,P000363,2026-01-23,L006,M006,白班,53,8,0,1.0192
A000364,P000364,2026-01-23,L006,M006,夜班,48,8,26,0.9412
A000365,P000365,2026-01-23,L007,M008,白班,43,8,20,0.9556
A000366,P000366,2026-01-23,L007,M008,夜班,45,8,24,1.0227
A000367,P000367,2026-01-23,L008,M002,白班,77,8,26,0.9506
A000368,P000368,2026-01-23,L008,M003,夜班,69,8,46,0.9583
A000369,P000369,2026-01-24,L001,M002,白班,83,8,6,1.0247
A000370,P000370,2026-01-24,L001,M001,夜班,75,8,42,0.9868
A000371,P000371,2026-01-24,L002,M004,白班,60,8,14,1.0
A000372,P000372,2026-01-24,L002,M004,夜班,69,8,23,0.9583
A000373,P000373,2026-01-24,L003,M003,白班,58,8,9,1.0357
A000374,P000374,2026-01-24,L003,M004,夜班,52,8,48,0.7879
A000375,P000375,2026-01-24,L004,M002,白班,59,8,19,0.9516
A000376,P000376,2026-01-24,L004,M001,夜班,55,8,28,1.0
A000377,P000377,2026-01-24,L005,M005,白班,55,8,38,1.0185
A000378,P000378,2026-01-24,L005,M005,夜班,48,8,18,0.9796
A000379,P000379,2026-01-24,L006,M005,白班,43,8,40,1.0
A000380,P000380,2026-01-24,L006,M005,夜班,49,8,12,0.98
A000381,P000381,2026-01-24,L007,M008,白班,43,8,30,1.0
A000382,P000382,2026-01-24,L007,M007,夜班,38,8,12,1.027
A000383,P000383,2026-01-24,L008,M001,白班,67,8,19,0.9178
A000384,P000384,2026-01-24,L008,M007,夜班,59,8,19,1.0172
A000385,P000385,2026-01-25,L001,M001,白班,60,8,2,1.0
A000386,P000386,2026-01-25,L001,M001,夜班,51,8,21,0.9444
A000387,P000387,2026-01-25,L002,M004,白班,44,8,29,0.9362
A000388,P000388,2026-01-25,L002,M004,夜班,51,8,3,1.02
A000389,P000389,2026-01-25,L003,M004,白班,43,8,25,0.9773
A000390,P000390,2026-01-25,L003,M004,夜班,37,8,69,0.8222
A000391,P000391,2026-01-25,L004,M001,白班,41,8,4,0.9762
A000392,P000392,2026-01-25,L004,M002,夜班,44,8,0,1.0
A000393,P000393,2026-01-25,L005,M006,白班,34,8,14,0.9444
A000394,P000394,2026-01-25,L005,M006,夜班,38,8,39,0.9268
A000395,P000395,2026-01-25,L006,M005,白班,38,8,17,1.0
A000396,P000396,2026-01-25,L006,M006,夜班,33,8,16,0.9429
A000397,P000397,2026-01-25,L007,M007,白班,33,8,18,0.9706
A000398,P000398,2026-01-25,L007,M007,夜班,33,8,26,0.9706
A000399,P000399,2026-01-25,L008,M008,白班,46,8,16,0.92
A000400,P000400,2026-01-25,L008,M003,夜班,49,8,1,0.9423
A000401,P000401,2026-01-26,L001,M002,白班,77,8,0,0.9872
A000402,P000402,2026-01-26,L001,M002,夜班,73,8,20,1.0
A000403,P000403,2026-01-26,L002,M004,白班,65,8,25,1.0
A000404,P000404,2026-01-26,L002,M003,夜班,66,8,0,0.9851
A000405,P000405,2026-01-26,L003,M004,白班,66,8,1,0.9429
A000406,P000406,2026-01-26,L003,M004,夜班,63,8,84,0.875
A000407,P000407,2026-01-26,L004,M001,白班,58,8,8,0.9831
A000408,P000408,2026-01-26,L004,M002,夜班,62,8,13,0.9254
A000409,P000409,2026-01-26,L005,M006,白班,52,8,0,0.963
A000410,P000410,2026-01-26,L005,M006,夜班,58,8,19,0.9667
A000411,P000411,2026-01-26,L006,M006,白班,45,8,33,0.9783
A000412,P000412,2026-01-26,L006,M006,夜班,48,8,10,1.0213
A000413,P000413,2026-01-26,L007,M008,白班,47,8,29,1.0
A000414,P000414,2026-01-26,L007,M008,夜班,49,8,19,1.0208
A000415,P000415,2026-01-26,L008,M001,白班,77,8,27,0.9872
A000416,P000416,2026-01-26,L008,M004,夜班,71,8,17,1.0
A000417,P000417,2026-01-27,L001,M002,白班,72,8,0,0.9351
A000418,P000418,2026-01-27,L001,M001,夜班,82,8,30,0.9213
A000419,P000419,2026-01-27,L002,M004,白班,61,8,17,0.9385
A000420,P000420,2026-01-27,L002,M004,夜班,75,8,15,1.0274
A000421,P000421,2026-01-27,L003,M003,白班,60,8,0,0.9524
A000422,P000422,2026-01-27,L003,M003,夜班,59,8,47,0.7867
A000423,P000423,2026-01-27,L004,M002,白班,65,8,24,0.9848
A000424,P000424,2026-01-27,L004,M001,夜班,60,8,11,0.9091
A000425,P000425,2026-01-27,L005,M005,白班,52,8,5,1.0196
A000426,P000426,2026-01-27,L005,M005,夜班,49,8,25,1.0208
A000427,P000427,2026-01-27,L006,M005,白班,49,8,20,0.98
A000428,P000428,2026-01-27,L006,M006,夜班,44,8,40,0.9167
A000429,P000429,2026-01-27,L007,M008,白班,47,8,13,1.0217
A000430,P000430,2026-01-27,L007,M008,夜班,48,8,31,0.9231
A000431,P000431,2026-01-27,L008,M004,白班,76,8,19,1.0
A000432,P000432,2026-01-27,L008,M002,夜班,61,8,6,0.9104
A000433,P000433,2026-01-28,L001,M002,白班,84,8,3,0.9767
A000434,P000434,2026-01-28,L001,M002,夜班,87,8,33,0.9355
A000435,P000435,2026-01-28,L002,M003,白班,75,8,0,0.9146
A000436,P000436,2026-01-28,L002,M004,夜班,63,8,24,0.9545
A000437,P000437,2026-01-28,L003,M004,白班,69,8,17,1.0
A000438,P000438,2026-01-28,L003,M003,夜班,59,8,68,0.8082
A000439,P000439,2026-01-28,L004,M001,白班,60,8,23,0.9677
A000440,P000440,2026-01-28,L004,M002,夜班,62,8,0,0.9688
A000441,P000441,2026-01-28,L005,M006,白班,43,8,18,0.9149
A000442,P000442,2026-01-28,L005,M006,夜班,53,8,25,0.9138
A000443,P000443,2026-01-28,L006,M006,白班,51,8,48,0.9808
A000444,P000444,2026-01-28,L006,M006,夜班,48,8,35,0.9412
A000445,P000445,2026-01-28,L007,M008,白班,42,8,8,0.913
A000446,P000446,2026-01-28,L007,M007,夜班,44,8,35,0.9565
A000447,P000447,2026-01-28,L008,M005,白班,69,8,15,0.9583
A000448,P000448,2026-01-28,L008,M002,夜班,68,8,21,0.9315
A000449,P000449,2026-01-29,L001,M001,白班,88,8,7,0.9888
A000450,P000450,2026-01-29,L001,M002,夜班,86,8,33,0.9247
A000451,P000451,2026-01-29,L002,M004,白班,66,8,9,0.9851
A000452,P000452,2026-01-29,L002,M004,夜班,67,8,9,0.9178
A000453,P000453,2026-01-29,L003,M004,白班,62,8,16,1.0164
A000454,P000454,2026-01-29,L003,M003,夜班,63,8,58,0.875
A000455,P000455,2026-01-29,L004,M001,白班,59,8,19,0.9833
A000456,P000456,2026-01-29,L004,M001,夜班,62,8,3,0.9394
A000457,P000457,2026-01-29,L005,M006,白班,48,8,24,0.9412
A000458,P000458,2026-01-29,L005,M006,夜班,60,8,27,1.0
A000459,P000459,2026-01-29,L006,M005,白班,53,8,15,1.0
A000460,P000460,2026-01-29,L006,M005,夜班,42,8,16,0.913
A000461,P000461,2026-01-29,L007,M008,白班,43,8,19,1.0
A000462,P000462,2026-01-29,L007,M008,夜班,40,8,14,0.9091
A000463,P000463,2026-01-29,L008,M007,白班,82,8,21,1.025
A000464,P000464,2026-01-29,L008,M006,夜班,75,8,16,0.9868
A000465,P000465,2026-01-30,L001,M001,白班,90,8,5,1.0227
A000466,P000466,2026-01-30,L001,M001,夜班,85,8,20,0.9551
A000467,P000467,2026-01-30,L002,M004,白班,73,8,14,0.9733
A000468,P000468,2026-01-30,L002,M004,夜班,70,8,35,0.9589
A000469,P000469,2026-01-30,L003,M003,白班,59,8,17,0.9516
A000470,P000470,2026-01-30,L003,M003,夜班,52,8,50,0.8
A000471,P000471,2026-01-30,L004,M001,白班,69,8,18,1.0299
A000472,P000472,2026-01-30,L004,M001,夜班,61,8,17,0.9104
A000473,P000473,2026-01-30,L005,M005,白班,55,8,11,1.0
A000474,P000474,2026-01-30,L005,M006,夜班,53,8,30,0.9138
A000475,P000475,2026-01-30,L006,M006,白班,47,8,10,1.0
A000476,P000476,2026-01-30,L006,M005,夜班,54,8,15,1.0189
A000477,P000477,2026-01-30,L007,M007,白班,48,8,33,1.0213
A000478,P000478,2026-01-30,L007,M008,夜班,44,8,19,1.0
A000479,P000479,2026-01-30,L008,M005,白班,67,8,12,0.9178
A000480,P000480,2026-01-30,L008,M005,夜班,66,8,25,0.9851
A000481,P000481,2026-01-31,L001,M002,白班,73,8,19,0.9125
A000482,P000482,2026-01-31,L001,M001,夜班,75,8,17,0.974
A000483,P000483,2026-01-31,L002,M003,白班,64,8,24,0.9412
A000484,P000484,2026-01-31,L002,M004,夜班,68,8,27,0.9315
A000485,P000485,2026-01-31,L003,M004,白班,52,8,17,0.9123
A000486,P000486,2026-01-31,L003,M004,夜班,56,8,40,0.918
A000487,P000487,2026-01-31,L004,M001,白班,55,8,24,0.9483
A000488,P000488,2026-01-31,L004,M002,夜班,50,8,38,0.9434
A000489,P000489,2026-01-31,L005,M005,白班,43,8,12,0.9149
A000490,P000490,2026-01-31,L005,M006,夜班,48,8,31,0.9231
A000491,P000491,2026-01-31,L006,M005,白班,43,8,6,0.9556
A000492,P000492,2026-01-31,L006,M006,夜班,41,8,32,0.9535
A000493,P000493,2026-01-31,L007,M007,白班,36,8,42,0.9474
A000494,P000494,2026-01-31,L007,M007,夜班,43,8,21,0.9556
A000495,P000495,2026-01-31,L008,M007,白班,61,8,28,1.0167
A000496,P000496,2026-01-31,L008,M006,夜班,71,8,5,1.029
A000497,P000497,2026-02-01,L001,M001,白班,59,8,18,0.9516
A000498,P000498,2026-02-01,L001,M001,夜班,51,8,13,0.9273
A000499,P000499,2026-02-01,L002,M003,白班,48,8,16,1.0
A000500,P000500,2026-02-01,L002,M004,夜班,43,8,44,0.9556
A000501,P000501,2026-02-01,L003,M003,白班,47,8,24,0.94
A000502,P000502,2026-02-01,L003,M003,夜班,42,8,54,0.84
A000503,P000503,2026-02-01,L004,M002,白班,44,8,31,0.9565
A000504,P000504,2026-02-01,L004,M002,夜班,42,8,0,0.9767
A000505,P000505,2026-02-01,L005,M005,白班,34,8,28,0.9189
A000506,P000506,2026-02-01,L005,M005,夜班,36,8,22,0.973
A000507,P000507,2026-02-01,L006,M006,白班,35,8,11,0.9722
A000508,P000508,2026-02-01,L006,M006,夜班,29,8,21,0.9062
A000509,P000509,2026-02-01,L007,M008,白班,34,8,22,0.9444
A000510,P000510,2026-02-01,L007,M007,夜班,34,8,38,0.9714
A000511,P000511,2026-02-01,L008,M001,白班,43,8,12,0.9556
A000512,P000512,2026-02-01,L008,M002,夜班,50,8,26,0.9804
A000513,P000513,2026-02-02,L001,M001,白班,84,8,46,1.012
A000514,P000514,2026-02-02,L001,M001,夜班,85,8,0,0.9884
A000515,P000515,2026-02-02,L002,M003,白班,70,8,25,1.0145
A000516,P000516,2026-02-02,L002,M003,夜班,66,8,58,0.9429
A000517,P000517,2026-02-02,L003,M004,白班,60,8,14,0.9231
A000518,P000518,2026-02-02,L003,M004,夜班,66,8,47,0.8919
A000519,P000519,2026-02-02,L004,M002,白班,59,8,28,0.9516
A000520,P000520,2026-02-02,L004,M002,夜班,56,8,11,0.9333
A000521,P000521,2026-02-02,L005,M005,白班,54,8,42,0.931
A000522,P000522,2026-02-02,L005,M006,夜班,57,8,20,1.0
A000523,P000523,2026-02-02,L006,M006,白班,53,8,14,0.9138
A000524,P000524,2026-02-02,L006,M005,夜班,52,8,21,0.963
A000525,P000525,2026-02-02,L007,M007,白班,48,8,23,1.0
A000526,P000526,2026-02-02,L007,M008,夜班,41,8,22,0.9535
A000527,P000527,2026-02-02,L008,M007,白班,72,8,7,1.0
A000528,P000528,2026-02-02,L008,M007,夜班,67,8,27,0.9306
A000529,P000529,2026-02-03,L001,M002,白班,81,8,27,0.9419
A000530,P000530,2026-02-03,L001,M001,夜班,74,8,33,0.9136
A000531,P000531,2026-02-03,L002,M004,白班,71,8,39,0.9221
A000532,P000532,2026-02-03,L002,M004,夜班,80,8,28,0.9756
A000533,P000533,2026-02-03,L003,M003,白班,67,8,24,0.9571
A000534,P000534,2026-02-03,L003,M003,夜班,65,8,80,0.8904
A000535,P000535,2026-02-03,L004,M002,白班,54,8,24,0.931
A000536,P000536,2026-02-03,L004,M002,夜班,65,8,24,0.9701
A000537,P000537,2026-02-03,L005,M006,白班,45,8,28,0.9184
A000538,P000538,2026-02-03,L005,M005,夜班,61,8,18,1.0167
A000539,P000539,2026-02-03,L006,M006,白班,52,8,0,0.9286
A000540,P000540,2026-02-03,L006,M005,夜班,45,8,37,0.9184
A000541,P000541,2026-02-03,L007,M008,白班,46,8,3,0.9388
A000542,P000542,2026-02-03,L007,M007,夜班,43,8,38,0.9556
A000543,P000543,2026-02-03,L008,M006,白班,75,8,6,0.9146
A000544,P000544,2026-02-03,L008,M008,夜班,68,8,19,1.0
A000545,P000545,2026-02-04,L001,M001,白班,71,8,37,0.9103
A000546,P000546,2026-02-04,L001,M001,夜班,68,8,18,0.9189
A000547,P000547,2026-02-04,L002,M004,白班,81,8,16,1.0
A000548,P000548,2026-02-04,L002,M004,夜班,63,8,0,0.913
A000549,P000549,2026-02-04,L003,M004,白班,66,8,34,0.9565
A000550,P000550,2026-02-04,L003,M003,夜班,53,8,79,0.8413
A000551,P000551,2026-02-04,L004,M001,白班,62,8,23,0.9394
A000552,P000552,2026-02-04,L004,M002,夜班,64,8,27,0.9846
A000553,P000553,2026-02-04,L005,M006,白班,45,8,21,0.9184
A000554,P000554,2026-02-04,L005,M005,夜班,49,8,0,1.0208
A000555,P000555,2026-02-04,L006,M005,白班,54,8,16,1.0
A000556,P000556,2026-02-04,L006,M005,夜班,57,8,36,1.0
A000557,P000557,2026-02-04,L007,M008,白班,45,8,20,0.9375
A000558,P000558,2026-02-04,L007,M008,夜班,49,8,0,0.98
A000559,P000559,2026-02-04,L008,M005,白班,64,8,20,0.9846
A000560,P000560,2026-02-04,L008,M003,夜班,62,8,12,0.9254
A000561,P000561,2026-02-05,L001,M001,白班,79,8,11,0.9294
A000562,P000562,2026-02-05,L001,M001,夜班,70,8,24,0.9211
A000563,P000563,2026-02-05,L002,M003,白班,69,8,11,0.9452
A000564,P000564,2026-02-05,L002,M003,夜班,71,8,30,0.9221
A000565,P000565,2026-02-05,L003,M003,白班,61,8,42,0.9839
A000566,P000566,2026-02-05,L003,M003,夜班,56,8,37,0.7887
A000567,P000567,2026-02-05,L004,M001,白班,56,8,3,0.9492
A000568,P000568,2026-02-05,L004,M002,夜班,60,8,26,0.9677
A000569,P000569,2026-02-05,L005,M005,白班,48,8,22,0.9057
A000570,P000570,2026-02-05,L005,M006,夜班,53,8,0,0.9815
A000571,P000571,2026-02-05,L006,M006,白班,50,8,0,0.9615
A000572,P000572,2026-02-05,L006,M005,夜班,56,8,25,1.0182
A000573,P000573,2026-02-05,L007,M007,白班,42,8,27,0.9333
A000574,P000574,2026-02-05,L007,M007,夜班,41,8,16,0.9318
A000575,P000575,2026-02-05,L008,M003,白班,79,8,22,1.0128
A000576,P000576,2026-02-05,L008,M001,夜班,71,8,34,0.9221
A000577,P000577,2026-02-06,L001,M001,白班,85,8,5,1.0
A000578,P000578,2026-02-06,L001,M001,夜班,74,8,10,0.9487
A000579,P000579,2026-02-06,L002,M003,白班,69,8,19,0.9583
A000580,P000580,2026-02-06,L002,M003,夜班,67,8,24,1.0152
A000581,P000581,2026-02-06,L003,M004,白班,60,8,9,0.9677
A000582,P000582,2026-02-06,L003,M003,夜班,58,8,51,0.8529
A000583,P000583,2026-02-06,L004,M002,白班,66,8,30,1.0
A000584,P000584,2026-02-06,L004,M001,夜班,67,8,12,0.9437
A000585,P000585,2026-02-06,L005,M005,白班,48,8,22,1.0
A000586,P000586,2026-02-06,L005,M006,夜班,54,8,29,1.0189
A000587,P000587,2026-02-06,L006,M005,白班,49,8,26,0.9074
A000588,P000588,2026-02-06,L006,M006,夜班,54,8,23,1.0385
A000589,P000589,2026-02-06,L007,M008,白班,47,8,0,0.9792
A000590,P000590,2026-02-06,L007,M008,夜班,47,8,5,0.9792
A000591,P000591,2026-02-06,L008,M007,白班,64,8,22,0.9275
A000592,P000592,2026-02-06,L008,M003,夜班,69,8,31,1.0
A000593,P000593,2026-02-07,L001,M002,白班,65,8,38,0.9155
A000594,P000594,2026-02-07,L001,M001,夜班,81,8,0,0.9878
A000595,P000595,2026-02-07,L002,M003,白班,64,8,11,0.9275
A000596,P000596,2026-02-07,L002,M003,夜班,72,8,40,0.973
A000597,P000597,2026-02-07,L003,M003,白班,57,8,18,0.9344
A000598,P000598,2026-02-07,L003,M003,夜班,53,8,52,0.9298
A000599,P000599,2026-02-07,L004,M001,白班,53,8,4,1.0192
A000600,P000600,2026-02-07,L004,M001,夜班,52,8,17,0.9811
A000601,P000601,2026-02-07,L005,M006,白班,41,8,10,0.9535
A000602,P000602,2026-02-07,L005,M005,夜班,47,8,20,0.9792
A000603,P000603,2026-02-07,L006,M006,白班,49,8,26,1.0208
A000604,P000604,2026-02-07,L006,M005,夜班,45,8,21,0.9574
A000605,P000605,2026-02-07,L007,M008,白班,38,8,5,0.9744
A000606,P000606,2026-02-07,L007,M008,夜班,42,8,9,0.9767
A000607,P000607,2026-02-07,L008,M003,白班,61,8,15,0.9242
A000608,P000608,2026-02-07,L008,M005,夜班,61,8,14,0.9839
A000609,P000609,2026-02-08,L001,M002,白班,65,8,32,1.0156
A000610,P000610,2026-02-08,L001,M002,夜班,61,8,22,0.9839
A000611,P000611,2026-02-08,L002,M004,白班,52,8,35,0.963
A000612,P000612,2026-02-08,L002,M004,夜班,53,8,17,1.0192
A000613,P000613,2026-02-08,L003,M003,白班,53,8,26,1.0
A000614,P000614,2026-02-08,L003,M004,夜班,40,8,43,0.8163
A000615,P000615,2026-02-08,L004,M002,白班,45,8,5,0.9184
A000616,P000616,2026-02-08,L004,M001,夜班,46,8,10,1.0222
A000617,P000617,2026-02-08,L005,M005,白班,42,8,35,1.0244
A000618,P000618,2026-02-08,L005,M005,夜班,43,8,17,1.0238
A000619,P000619,2026-02-08,L006,M005,白班,34,8,9,1.0303
A000620,P000620,2026-02-08,L006,M005,夜班,35,8,19,1.0
A000621,P000621,2026-02-08,L007,M008,白班,31,8,22,1.0
A000622,P000622,2026-02-08,L007,M008,夜班,30,8,32,0.9375
A000623,P000623,2026-02-08,L008,M004,白班,52,8,13,1.0
A000624,P000624,2026-02-08,L008,M006,夜班,50,8,32,0.9434
A000625,P000625,2026-02-09,L001,M001,白班,78,8,17,1.0
A000626,P000626,2026-02-09,L001,M002,夜班,91,8,46,1.0
A000627,P000627,2026-02-09,L002,M004,白班,66,8,0,0.9296
A000628,P000628,2026-02-09,L002,M003,夜班,65,8,34,0.942
A000629,P000629,2026-02-09,L003,M003,白班,74,8,33,1.0278
A000630,P000630,2026-02-09,L003,M004,夜班,57,8,43,0.8143
A000631,P000631,2026-02-09,L004,M001,白班,54,8,0,0.9474
A000632,P000632,2026-02-09,L004,M001,夜班,67,8,15,1.0152
A000633,P000633,2026-02-09,L005,M006,白班,53,8,30,0.9636
A000634,P000634,2026-02-09,L005,M005,夜班,47,8,0,0.9792
A000635,P000635,2026-02-09,L006,M006,白班,50,8,11,0.9615
A000636,P000636,2026-02-09,L006,M005,夜班,45,8,21,0.9783
A000637,P000637,2026-02-09,L007,M008,白班,48,8,29,0.9231
A000638,P000638,2026-02-09,L007,M007,夜班,51,8,6,1.0
A000639,P000639,2026-02-09,L008,M008,白班,68,8,23,1.0
A000640,P000640,2026-02-09,L008,M006,夜班,73,8,27,0.9865
A000641,P000641,2026-02-10,L001,M001,白班,87,8,26,1.0
A000642,P000642,2026-02-10,L001,M001,夜班,75,8,18,0.9494
A000643,P000643,2026-02-10,L002,M003,白班,68,8,18,0.9577
A000644,P000644,2026-02-10,L002,M004,夜班,60,8,28,0.9231
A000645,P000645,2026-02-10,L003,M003,白班,63,8,9,0.9692
A000646,P000646,2026-02-10,L003,M004,夜班,57,8,45,0.8906
A000647,P000647,2026-02-10,L004,M002,白班,57,8,11,0.95
A000648,P000648,2026-02-10,L004,M001,夜班,56,8,13,0.9655
A000649,P000649,2026-02-10,L005,M005,白班,50,8,3,1.0204
A000650,P000650,2026-02-10,L005,M006,夜班,53,8,0,1.0
A000651,P000651,2026-02-10,L006,M005,白班,55,8,33,1.0
A000652,P000652,2026-02-10,L006,M006,夜班,50,8,13,0.9804
A000653,P000653,2026-02-10,L007,M007,白班,44,8,9,1.0
A000654,P000654,2026-02-10,L007,M007,夜班,43,8,25,0.9149
A000655,P000655,2026-02-10,L008,M003,白班,75,8,9,1.0135
A000656,P000656,2026-02-10,L008,M006,夜班,64,8,40,0.9143
A000657,P000657,2026-02-11,L001,M002,白班,73,8,16,0.9865
A000658,P000658,2026-02-11,L001,M001,夜班,78,8,22,0.9398
A000659,P000659,2026-02-11,L002,M003,白班,72,8,10,1.0286
A000660,P000660,2026-02-11,L002,M003,夜班,66,8,41,0.9706
A000661,P000661,2026-02-11,L003,M003,白班,69,8,10,0.92
A000662,P000662,2026-02-11,L003,M003,夜班,59,8,54,0.8676
A000663,P000663,2026-02-11,L004,M002,白班,62,8,13,0.9118
A000664,P000664,2026-02-11,L004,M002,夜班,65,8,39,0.9701
A000665,P000665,2026-02-11,L005,M006,白班,53,8,8,0.9464
A000666,P000666,2026-02-11,L005,M006,夜班,46,8,22,0.92
A000667,P000667,2026-02-11,L006,M006,白班,49,8,13,0.9423
A000668,P000668,2026-02-11,L006,M005,夜班,47,8,9,1.0
A000669,P000669,2026-02-11,L007,M008,白班,41,8,1,0.9762
A000670,P000670,2026-02-11,L007,M008,夜班,45,8,27,0.9574
A000671,P000671,2026-02-11,L008,M004,白班,76,8,10,1.0133
A000672,P000672,2026-02-11,L008,M004,夜班,82,8,2,1.025
A000673,P000673,2026-02-12,L001,M002,白班,88,8,14,1.0233
A000674,P000674,2026-02-12,L001,M002,夜班,80,8,15,0.9756
A000675,P000675,2026-02-12,L002,M004,白班,74,8,38,0.925
A000676,P000676,2026-02-12,L002,M004,夜班,72,8,14,0.9474
A000677,P000677,2026-02-12,L003,M003,白班,62,8,0,0.9688
A000678,P000678,2026-02-12,L003,M004,夜班,59,8,52,0.8429
A000679,P000679,2026-02-12,L004,M001,白班,59,8,7,0.9077
A000680,P000680,2026-02-12,L004,M001,夜班,54,8,12,0.9474
A000681,P000681,2026-02-12,L005,M006,白班,52,8,17,1.0
A000682,P000682,2026-02-12,L005,M005,夜班,56,8,37,0.9825
A000683,P000683,2026-02-12,L006,M005,白班,54,8,30,0.9643
A000684,P000684,2026-02-12,L006,M005,夜班,49,8,21,0.9423
A000685,P000685,2026-02-12,L007,M007,白班,46,8,8,0.92
A000686,P000686,2026-02-12,L007,M008,夜班,51,8,16,0.9808
A000687,P000687,2026-02-12,L008,M002,白班,68,8,5,0.9577
A000688,P000688,2026-02-12,L008,M008,夜班,78,8,56,1.0
A000689,P000689,2026-02-13,L001,M001,白班,77,8,22,1.0
A000690,P000690,2026-02-13,L001,M002,夜班,82,8,37,1.025
A000691,P000691,2026-02-13,L002,M004,白班,73,8,14,1.0139
A000692,P000692,2026-02-13,L002,M003,夜班,69,8,0,0.9718
A000693,P000693,2026-02-13,L003,M003,白班,72,8,21,1.0
A000694,P000694,2026-02-13,L003,M004,夜班,66,8,55,0.88
A000695,P000695,2026-02-13,L004,M002,白班,70,8,30,1.0
A000696,P000696,2026-02-13,L004,M002,夜班,64,8,22,1.0159
A000697,P000697,2026-02-13,L005,M006,白班,59,8,5,0.9833
A000698,P000698,2026-02-13,L005,M005,夜班,45,8,30,0.9375
A000699,P000699,2026-02-13,L006,M005,白班,53,8,11,1.0192
A000700,P000700,2026-02-13,L006,M005,夜班,49,8,19,1.0208
A000701,P000701,2026-02-13,L007,M008,白班,43,8,29,0.9348
A000702,P000702,2026-02-13,L007,M007,夜班,47,8,18,1.0217
A000703,P000703,2026-02-13,L008,M005,白班,63,8,25,0.9545
A000704,P000704,2026-02-13,L008,M002,夜班,76,8,0,0.9268
A000705,P000705,2026-02-14,L001,M001,白班,75,8,43,0.9259
A000706,P000706,2026-02-14,L001,M001,夜班,77,8,31,0.9872
A000707,P000707,2026-02-14,L002,M004,白班,56,8,25,0.9492
A000708,P000708,2026-02-14,L002,M004,夜班,63,8,8,1.0
A000709,P000709,2026-02-14,L003,M004,白班,61,8,11,0.9839
A000710,P000710,2026-02-14,L003,M003,夜班,46,8,41,0.8364
A000711,P000711,2026-02-14,L004,M001,白班,52,8,25,1.0196
A000712,P000712,2026-02-14,L004,M002,夜班,51,8,21,0.9623
A000713,P000713,2026-02-14,L005,M006,白班,45,8,18,1.0
A000714,P000714,2026-02-14,L005,M005,夜班,45,8,35,0.9375
A000715,P000715,2026-02-14,L006,M005,白班,39,8,36,0.9512
A000716,P000716,2026-02-14,L006,M006,夜班,47,8,30,0.9592
A000717,P000717,2026-02-14,L007,M008,白班,42,8,36,0.9545
A000718,P000718,2026-02-14,L007,M007,夜班,42,8,20,0.9767
A000719,P000719,2026-02-14,L008,M007,白班,64,8,31,1.0323
A000720,P000720,2026-02-14,L008,M008,夜班,66,8,24,0.9565
A000721,P000721,2026-02-15,L001,M001,白班,65,8,25,1.0
A000722,P000722,2026-02-15,L001,M001,夜班,57,8,37,0.9661
A000723,P000723,2026-02-15,L002,M003,白班,47,8,4,1.0
A000724,P000724,2026-02-15,L002,M003,夜班,57,8,15,1.0179
A000725,P000725,2026-02-15,L003,M003,白班,48,8,9,1.0
A000726,P000726,2026-02-15,L003,M003,夜班,49,8,57,0.9074
A000727,P000727,2026-02-15,L004,M002,白班,47,8,29,0.94
A000728,P000728,2026-02-15,L004,M002,夜班,46,8,12,1.0222
A000729,P000729,2026-02-15,L005,M006,白班,32,8,21,0.9412
A000730,P000730,2026-02-15,L005,M006,夜班,34,8,24,0.9444
A000731,P000731,2026-02-15,L006,M006,白班,37,8,33,1.0
A000732,P000732,2026-02-15,L006,M006,夜班,33,8,25,0.9706
A000733,P000733,2026-02-15,L007,M008,白班,33,8,15,1.0
A000734,P000734,2026-02-15,L007,M007,夜班,34,8,8,0.9444
A000735,P000735,2026-02-15,L008,M001,白班,50,8,22,0.9615
A000736,P000736,2026-02-15,L008,M008,夜班,45,8,26,0.9184
A000737,P000737,2026-02-16,L001,M001,白班,74,8,23,1.0
A000738,P000738,2026-02-16,L001,M002,夜班,88,8,16,0.967
A000739,P000739,2026-02-16,L002,M003,白班,69,8,32,1.0147
A000740,P000740,2026-02-16,L002,M004,夜班,76,8,30,1.0133
A000741,P000741,2026-02-16,L003,M004,白班,78,8,11,1.0263
A000742,P000742,2026-02-16,L003,M004,夜班,64,8,52,0.8649
A000743,P000743,2026-02-16,L004,M002,白班,65,8,15,0.942
A000744,P000744,2026-02-16,L004,M001,夜班,58,8,29,0.9667
A000745,P000745,2026-02-16,L005,M005,白班,51,8,22,0.9808
A000746,P000746,2026-02-16,L005,M006,夜班,46,8,10,0.92
A000747,P000747,2026-02-16,L006,M005,白班,44,8,27,0.9362
A000748,P000748,2026-02-16,L006,M006,夜班,50,8,22,1.0204
A000749,P000749,2026-02-16,L007,M007,白班,44,8,24,0.9565
A000750,P000750,2026-02-16,L007,M008,夜班,49,8,17,0.9608
A000751,P000751,2026-02-16,L008,M006,白班,69,8,27,0.9324
A000752,P000752,2026-02-16,L008,M001,夜班,69,8,22,0.9857
A000753,P000753,2026-02-17,L001,M002,白班,71,8,30,0.9103
A000754,P000754,2026-02-17,L001,M001,夜班,92,8,9,1.011
A000755,P000755,2026-02-17,L002,M004,白班,78,8,16,0.9512
A000756,P000756,2026-02-17,L002,M003,夜班,81,8,7,1.0
A000757,P000757,2026-02-17,L003,M004,白班,60,8,14,0.9524
A000758,P000758,2026-02-17,L003,M003,夜班,57,8,38,0.9048
A000759,P000759,2026-02-17,L004,M002,白班,55,8,37,0.9649
A000760,P000760,2026-02-17,L004,M002,夜班,56,8,6,1.0
A000761,P000761,2026-02-17,L005,M006,白班,51,8,11,0.9444
A000762,P000762,2026-02-17,L005,M006,夜班,51,8,35,1.0
A000763,P000763,2026-02-17,L006,M006,白班,54,8,26,1.0
A000764,P000764,2026-02-17,L006,M005,夜班,46,8,14,1.0
A000765,P000765,2026-02-17,L007,M008,白班,41,8,31,0.9762
A000766,P000766,2026-02-17,L007,M007,夜班,41,8,12,1.0
A000767,P000767,2026-02-17,L008,M003,白班,79,8,25,1.0128
A000768,P000768,2026-02-17,L008,M005,夜班,76,8,22,0.987
A000769,P000769,2026-02-18,L001,M002,白班,76,8,32,0.9383
A000770,P000770,2026-02-18,L001,M002,夜班,90,8,32,0.989
A000771,P000771,2026-02-18,L002,M003,白班,73,8,11,0.9733
A000772,P000772,2026-02-18,L002,M003,夜班,76,8,29,0.987
A000773,P000773,2026-02-18,L003,M003,白班,60,8,0,0.9677
A000774,P000774,2026-02-18,L003,M004,夜班,61,8,54,0.8971
A000775,P000775,2026-02-18,L004,M001,白班,64,8,3,0.9697
A000776,P000776,2026-02-18,L004,M001,夜班,62,8,27,1.0
A000777,P000777,2026-02-18,L005,M005,白班,48,8,24,1.0
A000778,P000778,2026-02-18,L005,M005,夜班,49,8,1,1.0
A000779,P000779,2026-02-18,L006,M006,白班,52,8,14,0.9455
A000780,P000780,2026-02-18,L006,M006,夜班,50,8,34,1.0204
A000781,P000781,2026-02-18,L007,M007,白班,45,8,16,0.9375
A000782,P000782,2026-02-18,L007,M007,夜班,48,8,0,0.9796
A000783,P000783,2026-02-18,L008,M008,白班,68,8,26,0.9714
A000784,P000784,2026-02-18,L008,M007,夜班,83,8,13,1.0247
A000785,P000785,2026-02-19,L001,M001,白班,86,8,20,1.0238
A000786,P000786,2026-02-19,L001,M001,夜班,80,8,45,0.9302
A000787,P000787,2026-02-19,L002,M004,白班,72,8,8,1.0286
A000788,P000788,2026-02-19,L002,M004,夜班,80,8,9,1.0256
A000789,P000789,2026-02-19,L003,M004,白班,69,8,12,0.9452
A000790,P000790,2026-02-19,L003,M004,夜班,56,8,59,0.8116
A000791,P000791,2026-02-19,L004,M001,白班,65,8,12,0.942
A000792,P000792,2026-02-19,L004,M001,夜班,70,8,12,1.0294
A000793,P000793,2026-02-19,L005,M006,白班,60,8,1,1.0169
A000794,P000794,2026-02-19,L005,M006,夜班,58,8,27,0.9831
A000795,P000795,2026-02-19,L006,M006,白班,46,8,18,1.0
A000796,P000796,2026-02-19,L006,M005,夜班,48,8,10,1.0213
A000797,P000797,2026-02-19,L007,M007,白班,39,8,19,0.907
A000798,P000798,2026-02-19,L007,M008,夜班,48,8,9,1.0
A000799,P000799,2026-02-19,L008,M003,白班,75,8,29,1.0135
A000800,P000800,2026-02-19,L008,M001,夜班,74,8,23,0.9136
A000801,P000801,2026-02-20,L001,M002,白班,77,8,22,0.9506
A000802,P000802,2026-02-20,L001,M002,夜班,86,8,12,0.9247
A000803,P000803,2026-02-20,L002,M003,白班,78,8,12,1.013
A000804,P000804,2026-02-20,L002,M004,夜班,68,8,6,0.9315
A000805,P000805,2026-02-20,L003,M003,白班,64,8,2,0.9846
A000806,P000806,2026-02-20,L003,M004,夜班,66,8,45,0.9167
A000807,P000807,2026-02-20,L004,M002,白班,62,8,0,0.9254
A000808,P000808,2026-02-20,L004,M001,夜班,63,8,23,1.0
A000809,P000809,2026-02-20,L005,M005,白班,57,8,17,0.9828
A000810,P000810,2026-02-20,L005,M006,夜班,58,8,6,0.9667
A000811,P000811,2026-02-20,L006,M006,白班,49,8,7,0.9245
A000812,P000812,2026-02-20,L006,M005,夜班,58,8,29,1.0175
A000813,P000813,2026-02-20,L007,M008,白班,43,8,29,1.0238
A000814,P000814,2026-02-20,L007,M008,夜班,50,8,12,0.9804
A000815,P000815,2026-02-20,L008,M002,白班,74,8,1,0.925
A000816,P000816,2026-02-20,L008,M008,夜班,72,8,0,0.973
A000817,P000817,2026-02-21,L001,M001,白班,74,8,13,0.9367
A000818,P000818,2026-02-21,L001,M002,夜班,64,8,27,0.9412
A000819,P000819,2026-02-21,L002,M004,白班,58,8,20,1.0
A000820,P000820,2026-02-21,L002,M004,夜班,66,8,13,1.0154
A000821,P000821,2026-02-21,L003,M004,白班,66,8,0,1.0
A000822,P000822,2026-02-21,L003,M003,夜班,64,8,52,0.9275
A000823,P000823,2026-02-21,L004,M001,白班,52,8,39,0.9286
A000824,P000824,2026-02-21,L004,M001,夜班,62,8,24,0.9841
A000825,P000825,2026-02-21,L005,M005,白班,45,8,26,0.9574
A000826,P000826,2026-02-21,L005,M005,夜班,50,8,17,0.9804
A000827,P000827,2026-02-21,L006,M005,白班,41,8,21,0.9762
A000828,P000828,2026-02-21,L006,M005,夜班,47,8,29,0.9216
A000829,P000829,2026-02-21,L007,M007,白班,41,8,3,0.9318
A000830,P000830,2026-02-21,L007,M008,夜班,39,8,21,0.9286
A000831,P000831,2026-02-21,L008,M005,白班,68,8,20,1.0
A000832,P000832,2026-02-21,L008,M007,夜班,59,8,15,0.9077
A000833,P000833,2026-02-22,L001,M002,白班,58,8,31,1.0175
A000834,P000834,2026-02-22,L001,M002,夜班,55,8,17,0.9649
A000835,P000835,2026-02-22,L002,M004,白班,42,8,14,0.9333
A000836,P000836,2026-02-22,L002,M003,夜班,44,8,29,0.9167
A000837,P000837,2026-02-22,L003,M004,白班,46,8,21,0.9787
A000838,P000838,2026-02-22,L003,M003,夜班,40,8,31,0.8696
A000839,P000839,2026-02-22,L004,M001,白班,43,8,9,0.9556
A000840,P000840,2026-02-22,L004,M001,夜班,36,8,20,0.9
A000841,P000841,2026-02-22,L005,M006,白班,41,8,26,0.9762
A000842,P000842,2026-02-22,L005,M006,夜班,36,8,12,0.9231
A000843,P000843,2026-02-22,L006,M005,白班,34,8,12,0.9714
A000844,P000844,2026-02-22,L006,M005,夜班,34,8,23,0.9444
A000845,P000845,2026-02-22,L007,M008,白班,29,8,15,0.9667
A000846,P000846,2026-02-22,L007,M007,夜班,36,8,33,1.0
A000847,P000847,2026-02-22,L008,M008,白班,44,8,5,0.9362
A000848,P000848,2026-02-22,L008,M004,夜班,47,8,0,1.0217
A000849,P000849,2026-02-23,L001,M001,白班,91,8,18,1.0225
A000850,P000850,2026-02-23,L001,M001,夜班,95,8,7,1.0326
A000851,P000851,2026-02-23,L002,M003,白班,66,8,20,0.9296
A000852,P000852,2026-02-23,L002,M003,夜班,64,8,8,0.9846
A000853,P000853,2026-02-23,L003,M004,白班,69,8,15,0.9718
A000854,P000854,2026-02-23,L003,M004,夜班,60,8,85,0.8696
A000855,P000855,2026-02-23,L004,M001,白班,64,8,11,0.9846
A000856,P000856,2026-02-23,L004,M001,夜班,64,8,34,0.9412
A000857,P000857,2026-02-23,L005,M005,白班,49,8,19,0.9423
A000858,P000858,2026-02-23,L005,M006,夜班,50,8,42,1.0
A000859,P000859,2026-02-23,L006,M005,白班,50,8,29,1.0204
A000860,P000860,2026-02-23,L006,M006,夜班,51,8,15,0.9808
A000861,P000861,2026-02-23,L007,M008,白班,46,8,36,0.9787
A000862,P000862,2026-02-23,L007,M007,夜班,50,8,18,0.9804
A000863,P000863,2026-02-23,L008,M002,白班,77,8,9,0.9872
A000864,P000864,2026-02-23,L008,M005,夜班,84,8,16,1.0244
A000865,P000865,2026-02-24,L001,M001,白班,75,8,0,1.0135
A000866,P000866,2026-02-24,L001,M001,夜班,76,8,12,0.9744
A000867,P000867,2026-02-24,L002,M003,白班,64,8,27,0.9412
A000868,P000868,2026-02-24,L002,M003,夜班,65,8,28,1.0
A000869,P000869,2026-02-24,L003,M003,白班,57,8,17,0.9048
A000870,P000870,2026-02-24,L003,M004,夜班,56,8,69,0.8615
A000871,P000871,2026-02-24,L004,M002,白班,54,8,26,0.931
A000872,P000872,2026-02-24,L004,M002,夜班,55,8,14,0.9322
A000873,P000873,2026-02-24,L005,M006,白班,48,8,22,0.96
A000874,P000874,2026-02-24,L005,M006,夜班,53,8,15,0.9298
A000875,P000875,2026-02-24,L006,M006,白班,52,8,30,0.9811
A000876,P000876,2026-02-24,L006,M006,夜班,45,8,15,0.9783
A000877,P000877,2026-02-24,L007,M007,白班,47,8,14,0.9592
A000878,P000878,2026-02-24,L007,M008,夜班,47,8,4,0.9216
A000879,P000879,2026-02-24,L008,M007,白班,79,8,3,1.026
A000880,P000880,2026-02-24,L008,M005,夜班,77,8,17,0.9872
A000881,P000881,2026-02-25,L001,M002,白班,78,8,17,0.9873
A000882,P000882,2026-02-25,L001,M001,夜班,85,8,12,0.977
A000883,P000883,2026-02-25,L002,M004,白班,78,8,19,0.9512
A000884,P000884,2026-02-25,L002,M004,夜班,68,8,27,0.9714
A000885,P000885,2026-02-25,L003,M003,白班,64,8,12,0.9275
A000886,P000886,2026-02-25,L003,M003,夜班,50,8,61,0.8197
A000887,P000887,2026-02-25,L004,M001,白班,68,8,12,0.9577
A000888,P000888,2026-02-25,L004,M002,夜班,71,8,2,1.0
A000889,P000889,2026-02-25,L005,M005,白班,50,8,11,1.0
A000890,P000890,2026-02-25,L005,M006,夜班,52,8,7,0.9286
A000891,P000891,2026-02-25,L006,M005,白班,46,8,53,0.9583
A000892,P000892,2026-02-25,L006,M005,夜班,48,8,27,1.0
A000893,P000893,2026-02-25,L007,M008,白班,42,8,0,0.9767
A000894,P000894,2026-02-25,L007,M007,夜班,48,8,41,0.9231
A000895,P000895,2026-02-25,L008,M003,白班,79,8,25,0.9753
A000896,P000896,2026-02-25,L008,M007,夜班,79,8,13,1.026
A000897,P000897,2026-02-26,L001,M001,白班,87,8,47,1.0
A000898,P000898,2026-02-26,L001,M001,夜班,92,8,7,1.011
A000899,P000899,2026-02-26,L002,M003,白班,66,8,26,1.0
A000900,P000900,2026-02-26,L002,M004,夜班,65,8,36,0.9155
A000901,P000901,2026-02-26,L003,M003,白班,66,8,31,1.0
A000902,P000902,2026-02-26,L003,M003,夜班,59,8,45,0.8082
A000903,P000903,2026-02-26,L004,M001,白班,65,8,37,0.9848
A000904,P000904,2026-02-26,L004,M001,夜班,54,8,40,0.9474
A000905,P000905,2026-02-26,L005,M005,白班,46,8,12,0.902
A000906,P000906,2026-02-26,L005,M006,夜班,49,8,22,1.0208
A000907,P000907,2026-02-26,L006,M005,白班,50,8,16,0.9259
A000908,P000908,2026-02-26,L006,M006,夜班,46,8,24,1.0
A000909,P000909,2026-02-26,L007,M008,白班,50,8,19,1.0
A000910,P000910,2026-02-26,L007,M008,夜班,48,8,28,0.9412
A000911,P000911,2026-02-26,L008,M006,白班,76,8,9,1.027
A000912,P000912,2026-02-26,L008,M005,夜班,66,8,33,1.0
A000913,P000913,2026-02-27,L001,M002,白班,87,8,22,1.0116
A000914,P000914,2026-02-27,L001,M002,夜班,81,8,24,1.0
A000915,P000915,2026-02-27,L002,M004,白班,75,8,0,0.9868
A000916,P000916,2026-02-27,L002,M004,夜班,76,8,33,1.0
A000917,P000917,2026-02-27,L003,M004,白班,64,8,24,0.9143
A000918,P000918,2026-02-27,L003,M003,夜班,64,8,54,0.8649
A000919,P000919,2026-02-27,L004,M002,白班,58,8,0,1.0
A000920,P000920,2026-02-27,L004,M001,夜班,66,8,24,1.0
A000921,P000921,2026-02-27,L005,M006,白班,51,8,21,0.9808
A000922,P000922,2026-02-27,L005,M006,夜班,51,8,7,0.9444
A000923,P000923,2026-02-27,L006,M005,白班,46,8,5,0.9787
A000924,P000924,2026-02-27,L006,M005,夜班,51,8,22,0.9808
A000925,P000925,2026-02-27,L007,M008,白班,42,8,7,0.9333
A000926,P000926,2026-02-27,L007,M008,夜班,43,8,39,0.9556
A000927,P000927,2026-02-27,L008,M001,白班,66,8,30,0.9706
A000928,P000928,2026-02-27,L008,M001,夜班,69,8,0,0.9718
A000929,P000929,2026-02-28,L001,M002,白班,65,8,27,0.9848
A000930,P000930,2026-02-28,L001,M002,夜班,73,8,35,1.0282
A000931,P000931,2026-02-28,L002,M004,白班,66,8,27,0.9851
A000932,P000932,2026-02-28,L002,M004,夜班,58,8,19,0.9206
A000933,P000933,2026-02-28,L003,M003,白班,52,8,6,0.9123
A000934,P000934,2026-02-28,L003,M004,夜班,47,8,74,0.8246
A000935,P000935,2026-02-28,L004,M002,白班,54,8,23,1.0
A000936,P000936,2026-02-28,L004,M002,夜班,52,8,17,0.9455
A000937,P000937,2026-02-28,L005,M006,白班,47,8,22,0.94
A000938,P000938,2026-02-28,L005,M005,夜班,50,8,17,0.9804
A000939,P000939,2026-02-28,L006,M006,白班,44,8,28,0.9167
A000940,P000940,2026-02-28,L006,M005,夜班,44,8,8,0.9167
A000941,P000941,2026-02-28,L007,M007,白班,40,8,12,0.9756
A000942,P000942,2026-02-28,L007,M008,夜班,40,8,20,1.0256
A000943,P000943,2026-02-28,L008,M001,白班,68,8,20,0.9714
A000944,P000944,2026-02-28,L008,M006,夜班,65,8,34,0.9155
A000945,P000945,2026-03-01,L001,M002,白班,66,8,27,0.9851
A000946,P000946,2026-03-01,L001,M002,夜班,56,8,9,0.9655
A000947,P000947,2026-03-01,L002,M004,白班,50,8,0,0.9259
A000948,P000948,2026-03-01,L002,M003,夜班,47,8,23,0.94
A000949,P000949,2026-03-01,L003,M004,白班,43,8,19,0.9149
A000950,P000950,2026-03-01,L003,M003,夜班,38,8,62,0.7917
A000951,P000951,2026-03-01,L004,M002,白班,45,8,29,1.0227
A000952,P000952,2026-03-01,L004,M002,夜班,46,8,28,0.9583
A000953,P000953,2026-03-01,L005,M005,白班,38,8,18,0.9744
A000954,P000954,2026-03-01,L005,M006,夜班,39,8,41,1.0263
A000955,P000955,2026-03-01,L006,M006,白班,43,8,6,1.0238
A000956,P000956,2026-03-01,L006,M006,夜班,36,8,15,1.0
A000957,P000957,2026-03-01,L007,M008,白班,30,8,20,0.9677
A000958,P000958,2026-03-01,L007,M008,夜班,36,8,18,0.9474
A000959,P000959,2026-03-01,L008,M003,白班,55,8,20,0.9322
A000960,P000960,2026-03-01,L008,M005,夜班,58,8,2,0.9508
A000961,P000961,2026-03-02,L001,M002,白班,93,8,23,0.9894
A000962,P000962,2026-03-02,L001,M002,夜班,86,8,1,0.9885
A000963,P000963,2026-03-02,L002,M003,白班,70,8,17,0.9333
A000964,P000964,2026-03-02,L002,M004,夜班,81,8,0,1.0
A000965,P000965,2026-03-02,L003,M003,白班,70,8,13,0.9333
A000966,P000966,2026-03-02,L003,M003,夜班,66,8,56,0.8462
A000967,P000967,2026-03-02,L004,M001,白班,63,8,22,0.913
A000968,P000968,2026-03-02,L004,M001,夜班,58,8,0,0.9508
A000969,P000969,2026-03-02,L005,M005,白班,59,8,37,0.9833
A000970,P000970,2026-03-02,L005,M005,夜班,58,8,18,0.9508
A000971,P000971,2026-03-02,L006,M005,白班,56,8,18,1.0182
A000972,P000972,2026-03-02,L006,M005,夜班,50,8,10,0.9434
A000973,P000973,2026-03-02,L007,M008,白班,42,8,0,0.9767
A000974,P000974,2026-03-02,L007,M007,夜班,47,8,32,1.0
A000975,P000975,2026-03-02,L008,M006,白班,83,8,13,1.0122
A000976,P000976,2026-03-02,L008,M006,夜班,87,8,22,1.0235
A000977,P000977,2026-03-03,L001,M001,白班,90,8,37,0.9375
A000978,P000978,2026-03-03,L001,M001,夜班,88,8,20,0.9462
A000979,P000979,2026-03-03,L002,M004,白班,71,8,21,0.9726
A000980,P000980,2026-03-03,L002,M004,夜班,79,8,24,0.9634
A000981,P000981,2026-03-03,L003,M004,白班,73,8,1,0.9125
A000982,P000982,2026-03-03,L003,M004,夜班,57,8,55,0.8261
A000983,P000983,2026-03-03,L004,M001,白班,67,8,29,1.0
A000984,P000984,2026-03-03,L004,M001,夜班,63,8,10,1.0
A000985,P000985,2026-03-03,L005,M006,白班,49,8,10,0.9423
A000986,P000986,2026-03-03,L005,M005,夜班,54,8,48,1.0189
A000987,P000987,2026-03-03,L006,M005,白班,57,8,50,1.0
A000988,P000988,2026-03-03,L006,M005,夜班,54,8,11,1.0
A000989,P000989,2026-03-03,L007,M008,白班,42,8,19,0.913
A000990,P000990,2026-03-03,L007,M007,夜班,48,8,32,1.0213
A000991,P000991,2026-03-03,L008,M006,白班,76,8,20,0.95
A000992,P000992,2026-03-03,L008,M002,夜班,69,8,16,0.9079
A000993,P000993,2026-03-04,L001,M002,白班,97,8,0,1.0
A000994,P000994,2026-03-04,L001,M002,夜班,88,8,23,0.9263
A000995,P000995,2026-03-04,L002,M004,白班,81,8,3,1.0
A000996,P000996,2026-03-04,L002,M004,夜班,74,8,30,0.9367
A000997,P000997,2026-03-04,L003,M003,白班,79,8,29,0.9753
A000998,P000998,2026-03-04,L003,M004,夜班,58,8,60,0.8286
A000999,P000999,2026-03-04,L004,M002,白班,58,8,22,0.9667
A001000,P001000,2026-03-04,L004,M002,夜班,67,8,28,1.0152
A001001,P001001,2026-03-04,L005,M006,白班,61,8,16,0.9531
A001002,P001002,2026-03-04,L005,M005,夜班,48,8,7,0.9412
A001003,P001003,2026-03-04,L006,M006,白班,49,8,10,0.9245
A001004,P001004,2026-03-04,L006,M006,夜班,56,8,16,0.9825
A001005,P001005,2026-03-04,L007,M008,白班,43,8,29,0.9348
A001006,P001006,2026-03-04,L007,M007,夜班,50,8,12,0.9091
A001007,P001007,2026-03-04,L008,M008,白班,80,8,41,0.9877
A001008,P001008,2026-03-04,L008,M001,夜班,72,8,9,1.0
A001009,P001009,2026-03-05,L001,M001,白班,90,8,19,0.9184
A001010,P001010,2026-03-05,L001,M002,夜班,85,8,14,0.9659
A001011,P001011,2026-03-05,L002,M004,白班,77,8,3,1.0267
A001012,P001012,2026-03-05,L002,M004,夜班,84,8,17,0.9655
A001013,P001013,2026-03-05,L003,M003,白班,63,8,38,0.9545
A001014,P001014,2026-03-05,L003,M004,夜班,67,8,66,0.8272
A001015,P001015,2026-03-05,L004,M001,白班,58,8,5,0.9667
A001016,P001016,2026-03-05,L004,M002,夜班,67,8,10,1.0
A001017,P001017,2026-03-05,L005,M006,白班,53,8,13,1.0192
A001018,P001018,2026-03-05,L005,M006,夜班,64,8,12,1.0
A001019,P001019,2026-03-05,L006,M006,白班,52,8,8,0.9123
A001020,P001020,2026-03-05,L006,M005,夜班,50,8,30,0.9615
A001021,P001021,2026-03-05,L007,M008,白班,50,8,21,0.9434
A001022,P001022,2026-03-05,L007,M008,夜班,50,8,13,0.9434
A001023,P001023,2026-03-05,L008,M008,白班,65,8,21,0.9286
A001024,P001024,2026-03-05,L008,M002,夜班,85,8,0,1.0119
A001025,P001025,2026-03-06,L001,M002,白班,85,8,27,0.9659
A001026,P001026,2026-03-06,L001,M001,夜班,97,8,42,1.0211
A001027,P001027,2026-03-06,L002,M004,白班,86,8,23,1.0238
A001028,P001028,2026-03-06,L002,M004,夜班,86,8,6,0.9885
A001029,P001029,2026-03-06,L003,M003,白班,67,8,7,0.9306
A001030,P001030,2026-03-06,L003,M003,夜班,68,8,33,0.8395
A001031,P001031,2026-03-06,L004,M001,白班,62,8,15,1.0164
A001032,P001032,2026-03-06,L004,M001,夜班,61,8,20,0.9531
A001033,P001033,2026-03-06,L005,M006,白班,51,8,11,1.0
A001034,P001034,2026-03-06,L005,M005,夜班,59,8,27,0.9833
A001035,P001035,2026-03-06,L006,M005,白班,52,8,6,1.0
A001036,P001036,2026-03-06,L006,M005,夜班,46,8,8,0.9388
A001037,P001037,2026-03-06,L007,M008,白班,49,8,7,1.0
A001038,P001038,2026-03-06,L007,M007,夜班,45,8,7,1.0
A001039,P001039,2026-03-06,L008,M001,白班,75,8,25,1.0
A001040,P001040,2026-03-06,L008,M004,夜班,77,8,22,0.9625
A001041,P001041,2026-03-07,L001,M002,白班,82,8,21,0.988
A001042,P001042,2026-03-07,L001,M002,夜班,86,8,20,0.9773
A001043,P001043,2026-03-07,L002,M003,白班,73,8,38,1.0139
A001044,P001044,2026-03-07,L002,M004,夜班,76,8,7,1.0
A001045,P001045,2026-03-07,L003,M003,白班,67,8,15,0.9853
A001046,P001046,2026-03-07,L003,M004,夜班,56,8,54,0.8889
A001047,P001047,2026-03-07,L004,M002,白班,64,8,23,1.0
A001048,P001048,2026-03-07,L004,M002,夜班,66,8,17,0.9851
A001049,P001049,2026-03-07,L005,M006,白班,48,8,4,1.0213
A001050,P001050,2026-03-07,L005,M006,夜班,46,8,26,0.9388
A001051,P001051,2026-03-07,L006,M005,白班,50,8,37,0.9615
A001052,P001052,2026-03-07,L006,M005,夜班,45,8,0,0.9783
A001053,P001053,2026-03-07,L007,M007,白班,43,8,18,0.9773
A001054,P001054,2026-03-07,L007,M007,夜班,43,8,25,1.0
A001055,P001055,2026-03-07,L008,M004,白班,66,8,21,0.9706
A001056,P001056,2026-03-07,L008,M006,夜班,63,8,12,0.9265
A001057,P001057,2026-03-08,L001,M002,白班,53,8,24,0.9464
A001058,P001058,2026-03-08,L001,M001,夜班,55,8,25,1.0
A001059,P001059,2026-03-08,L002,M003,白班,56,8,37,0.9492
A001060,P001060,2026-03-08,L002,M004,夜班,52,8,23,0.9123
A001061,P001061,2026-03-08,L003,M003,白班,55,8,12,1.0
A001062,P001062,2026-03-08,L003,M003,夜班,51,8,35,0.8947
A001063,P001063,2026-03-08,L004,M002,白班,47,8,24,0.9792
A001064,P001064,2026-03-08,L004,M001,夜班,48,8,11,0.9231
A001065,P001065,2026-03-08,L005,M006,白班,36,8,17,0.9474
A001066,P001066,2026-03-08,L005,M006,夜班,39,8,0,1.0
A001067,P001067,2026-03-08,L006,M005,白班,36,8,24,1.0286
A001068,P001068,2026-03-08,L006,M005,夜班,39,8,18,0.9286
A001069,P001069,2026-03-08,L007,M008,白班,31,8,11,0.9688
A001070,P001070,2026-03-08,L007,M007,夜班,39,8,19,1.0263
A001071,P001071,2026-03-08,L008,M005,白班,58,8,17,0.9667
A001072,P001072,2026-03-08,L008,M001,夜班,50,8,20,0.9091
A001073,P001073,2026-03-09,L001,M001,白班,78,8,18,0.9512
A001074,P001074,2026-03-09,L001,M001,夜班,86,8,16,0.9556
A001075,P001075,2026-03-09,L002,M004,白班,84,8,34,0.9767
A001076,P001076,2026-03-09,L002,M003,夜班,73,8,38,0.9481
A001077,P001077,2026-03-09,L003,M003,白班,70,8,41,0.9459
A001078,P001078,2026-03-09,L003,M004,夜班,61,8,30,0.7821
A001079,P001079,2026-03-09,L004,M002,白班,65,8,20,0.9848
A001080,P001080,2026-03-09,L004,M001,夜班,66,8,15,0.9429
A001081,P001081,2026-03-09,L005,M006,白班,55,8,41,0.9649
A001082,P001082,2026-03-09,L005,M006,夜班,56,8,2,1.0
A001083,P001083,2026-03-09,L006,M006,白班,48,8,26,0.9231
A001084,P001084,2026-03-09,L006,M005,夜班,59,8,15,1.0172
A001085,P001085,2026-03-09,L007,M007,白班,52,8,17,0.963
A001086,P001086,2026-03-09,L007,M007,夜班,49,8,14,0.98
A001087,P001087,2026-03-09,L008,M006,白班,64,8,12,0.9275
A001088,P001088,2026-03-09,L008,M006,夜班,70,8,5,1.0145
A001089,P001089,2026-03-10,L001,M001,白班,96,8,12,1.0323
A001090,P001090,2026-03-10,L001,M001,夜班,84,8,26,0.9333
A001091,P001091,2026-03-10,L002,M003,白班,70,8,7,1.0294
A001092,P001092,2026-03-10,L002,M004,夜班,73,8,8,0.9605
A001093,P001093,2026-03-10,L003,M003,白班,62,8,14,0.9538
A001094,P001094,2026-03-10,L003,M003,夜班,66,8,65,0.88
A001095,P001095,2026-03-10,L004,M001,白班,61,8,37,1.0
A001096,P001096,2026-03-10,L004,M002,夜班,67,8,32,0.9178
A001097,P001097,2026-03-10,L005,M005,白班,51,8,21,1.0
A001098,P001098,2026-03-10,L005,M006,夜班,61,8,29,1.0339
A001099,P001099,2026-03-10,L006,M005,白班,49,8,21,1.0
A001100,P001100,2026-03-10,L006,M005,夜班,58,8,27,0.9667
A001101,P001101,2026-03-10,L007,M007,白班,46,8,4,1.0
A001102,P001102,2026-03-10,L007,M008,夜班,55,8,30,1.0
A001103,P001103,2026-03-10,L008,M001,白班,82,8,35,0.9425
A001104,P001104,2026-03-10,L008,M007,夜班,68,8,11,0.9855
A001105,P001105,2026-03-11,L001,M001,白班,89,8,33,1.0114
A001106,P001106,2026-03-11,L001,M001,夜班,81,8,40,0.9878
A001107,P001107,2026-03-11,L002,M004,白班,63,8,15,0.913
A001108,P001108,2026-03-11,L002,M004,夜班,78,8,15,0.9176
A001109,P001109,2026-03-11,L003,M003,白班,74,8,7,1.0137
A001110,P001110,2026-03-11,L003,M004,夜班,56,8,53,0.8485
A001111,P001111,2026-03-11,L004,M002,白班,66,8,10,1.0154
A001112,P001112,2026-03-11,L004,M002,夜班,58,8,24,0.9508
A001113,P001113,2026-03-11,L005,M005,白班,56,8,36,0.9333
A001114,P001114,2026-03-11,L005,M006,夜班,58,8,26,0.9355
A001115,P001115,2026-03-11,L006,M005,白班,53,8,10,1.0192
A001116,P001116,2026-03-11,L006,M006,夜班,48,8,12,1.0
A001117,P001117,2026-03-11,L007,M008,白班,54,8,25,1.0
A001118,P001118,2026-03-11,L007,M008,夜班,51,8,34,0.9808
A001119,P001119,2026-03-11,L008,M006,白班,73,8,25,0.9481
A001120,P001120,2026-03-11,L008,M001,夜班,73,8,8,0.9733
A001121,P001121,2026-03-12,L001,M001,白班,92,8,26,0.9485
A001122,P001122,2026-03-12,L001,M002,夜班,95,8,36,1.0106
A001123,P001123,2026-03-12,L002,M004,白班,69,8,20,0.9857
A001124,P001124,2026-03-12,L002,M004,夜班,73,8,31,0.9481
A001125,P001125,2026-03-12,L003,M003,白班,68,8,24,0.9714
A001126,P001126,2026-03-12,L003,M003,夜班,56,8,49,0.7887
A001127,P001127,2026-03-12,L004,M002,白班,61,8,0,1.0
A001128,P001128,2026-03-12,L004,M002,夜班,64,8,27,0.9412
A001129,P001129,2026-03-12,L005,M005,白班,57,8,16,1.0
A001130,P001130,2026-03-12,L005,M005,夜班,51,8,13,0.9623
A001131,P001131,2026-03-12,L006,M005,白班,50,8,24,0.9615
A001132,P001132,2026-03-12,L006,M005,夜班,52,8,18,0.9455
A001133,P001133,2026-03-12,L007,M007,白班,45,8,10,1.0227
A001134,P001134,2026-03-12,L007,M007,夜班,46,8,24,0.9388
A001135,P001135,2026-03-12,L008,M003,白班,89,8,37,1.023
A001136,P001136,2026-03-12,L008,M002,夜班,76,8,50,0.9157
A001137,P001137,2026-03-13,L001,M002,白班,83,8,28,0.9222
A001138,P001138,2026-03-13,L001,M001,夜班,90,8,45,0.9375
A001139,P001139,2026-03-13,L002,M003,白班,82,8,27,0.9647
A001140,P001140,2026-03-13,L002,M003,夜班,67,8,28,0.9437
A001141,P001141,2026-03-13,L003,M004,白班,65,8,14,0.9701
A001142,P001142,2026-03-13,L003,M004,夜班,61,8,51,0.8592
A001143,P001143,2026-03-13,L004,M001,白班,73,8,23,1.0282
A001144,P001144,2026-03-13,L004,M002,夜班,71,8,28,0.9861
A001145,P001145,2026-03-13,L005,M005,白班,54,8,38,1.0189
A001146,P001146,2026-03-13,L005,M006,夜班,55,8,0,0.9649
A001147,P001147,2026-03-13,L006,M005,白班,55,8,15,0.9483
A001148,P001148,2026-03-13,L006,M006,夜班,52,8,3,0.9455
A001149,P001149,2026-03-13,L007,M008,白班,50,8,19,1.0
A001150,P001150,2026-03-13,L007,M008,夜班,49,8,5,1.0
A001151,P001151,2026-03-13,L008,M007,白班,70,8,29,0.9211
A001152,P001152,2026-03-13,L008,M007,夜班,68,8,29,0.9444
A001153,P001153,2026-03-14,L001,M002,白班,72,8,17,0.9863
A001154,P001154,2026-03-14,L001,M001,夜班,72,8,35,0.9863
A001155,P001155,2026-03-14,L002,M004,白班,80,8,35,1.0127
A001156,P001156,2026-03-14,L002,M004,夜班,69,8,19,0.9452
A001157,P001157,2026-03-14,L003,M003,白班,63,8,21,0.9844
A001158,P001158,2026-03-14,L003,M003,夜班,56,8,60,0.8358
A001159,P001159,2026-03-14,L004,M002,白班,66,8,14,0.9851
A001160,P001160,2026-03-14,L004,M001,夜班,56,8,17,0.918
A001161,P001161,2026-03-14,L005,M006,白班,51,8,23,0.9623
A001162,P001162,2026-03-14,L005,M006,夜班,49,8,48,0.9423
A001163,P001163,2026-03-14,L006,M006,白班,56,8,39,1.0182
A001164,P001164,2026-03-14,L006,M005,夜班,50,8,23,0.9434
A001165,P001165,2026-03-14,L007,M008,白班,38,8,28,0.9268
A001166,P001166,2026-03-14,L007,M008,夜班,45,8,26,0.9184
A001167,P001167,2026-03-14,L008,M005,白班,73,8,25,0.9733
A001168,P001168,2026-03-14,L008,M007,夜班,68,8,13,1.0
A001169,P001169,2026-03-15,L001,M001,白班,64,8,28,1.0
A001170,P001170,2026-03-15,L001,M002,夜班,59,8,33,0.9833
A001171,P001171,2026-03-15,L002,M004,白班,52,8,1,1.0
A001172,P001172,2026-03-15,L002,M004,夜班,48,8,35,0.96
A001173,P001173,2026-03-15,L003,M004,白班,49,8,31,1.0
A001174,P001174,2026-03-15,L003,M004,夜班,42,8,39,0.875
A001175,P001175,2026-03-15,L004,M002,白班,52,8,19,1.0196
A001176,P001176,2026-03-15,L004,M002,夜班,48,8,26,0.9412
A001177,P001177,2026-03-15,L005,M005,白班,38,8,0,0.9048
A001178,P001178,2026-03-15,L005,M005,夜班,40,8,14,1.0
A001179,P001179,2026-03-15,L006,M006,白班,34,8,15,0.9189
A001180,P001180,2026-03-15,L006,M005,夜班,34,8,6,0.9189
A001181,P001181,2026-03-15,L007,M008,白班,30,8,31,0.9091
A001182,P001182,2026-03-15,L007,M008,夜班,37,8,6,1.0278
A001183,P001183,2026-03-15,L008,M001,白班,58,8,17,0.9667
A001184,P001184,2026-03-15,L008,M008,夜班,56,8,26,0.9492
A001185,P001185,2026-03-16,L001,M001,白班,94,8,22,1.0108
A001186,P001186,2026-03-16,L001,M002,夜班,74,8,39,0.9136
A001187,P001187,2026-03-16,L002,M004,白班,68,8,3,0.9855
A001188,P001188,2026-03-16,L002,M004,夜班,69,8,10,1.0
A001189,P001189,2026-03-16,L003,M003,白班,73,8,44,0.9481
A001190,P001190,2026-03-16,L003,M004,夜班,60,8,49,0.8333
A001191,P001191,2026-03-16,L004,M002,白班,64,8,34,1.0159
A001192,P001192,2026-03-16,L004,M002,夜班,58,8,34,0.9831
A001193,P001193,2026-03-16,L005,M006,白班,51,8,19,0.9273
A001194,P001194,2026-03-16,L005,M006,夜班,51,8,18,0.9623
A001195,P001195,2026-03-16,L006,M006,白班,50,8,13,1.0
A001196,P001196,2026-03-16,L006,M005,夜班,59,8,30,1.0172
A001197,P001197,2026-03-16,L007,M007,白班,47,8,17,0.9792
A001198,P001198,2026-03-16,L007,M007,夜班,48,8,14,0.9231
A001199,P001199,2026-03-16,L008,M002,白班,77,8,30,0.9506
A001200,P001200,2026-03-16,L008,M004,夜班,76,8,21,1.0
A001201,P001201,2026-03-17,L001,M001,白班,88,8,38,0.9888
A001202,P001202,2026-03-17,L001,M001,夜班,85,8,25,0.9551
A001203,P001203,2026-03-17,L002,M003,白班,82,8,22,0.9762
A001204,P001204,2026-03-17,L002,M004,夜班,78,8,40,0.9873
A001205,P001205,2026-03-17,L003,M004,白班,78,8,14,1.0
A001206,P001206,2026-03-17,L003,M004,夜班,67,8,79,0.8816
A001207,P001207,2026-03-17,L004,M002,白班,67,8,18,0.9178
A001208,P001208,2026-03-17,L004,M001,夜班,72,8,11,0.973
A001209,P001209,2026-03-17,L005,M006,白班,59,8,29,0.9365
A001210,P001210,2026-03-17,L005,M005,夜班,49,8,37,0.9423
A001211,P001211,2026-03-17,L006,M006,白班,58,8,25,0.9667
A001212,P001212,2026-03-17,L006,M005,夜班,50,8,0,0.9259
A001213,P001213,2026-03-17,L007,M007,白班,54,8,0,1.0385
A001214,P001214,2026-03-17,L007,M007,夜班,44,8,41,0.9362
A001215,P001215,2026-03-17,L008,M004,白班,78,8,42,0.9286
A001216,P001216,2026-03-17,L008,M003,夜班,77,8,13,1.0
A001217,P001217,2026-03-18,L001,M002,白班,84,8,39,0.9655
A001218,P001218,2026-03-18,L001,M001,夜班,94,8,17,0.9792
A001219,P001219,2026-03-18,L002,M003,白班,88,8,36,1.0233
A001220,P001220,2026-03-18,L002,M003,夜班,80,8,18,0.9412
A001221,P001221,2026-03-18,L003,M003,白班,82,8,0,1.0123
A001222,P001222,2026-03-18,L003,M003,夜班,70,8,52,0.8861
A001223,P001223,2026-03-18,L004,M002,白班,64,8,20,0.9412
A001224,P001224,2026-03-18,L004,M002,夜班,75,8,19,0.9868
A001225,P001225,2026-03-18,L005,M006,白班,51,8,29,1.0
A001226,P001226,2026-03-18,L005,M006,夜班,59,8,14,1.0172
A001227,P001227,2026-03-18,L006,M006,白班,49,8,20,0.98
A001228,P001228,2026-03-18,L006,M006,夜班,46,8,35,0.92
A001229,P001229,2026-03-18,L007,M007,白班,41,8,27,0.9318
A001230,P001230,2026-03-18,L007,M008,夜班,51,8,31,1.02
A001231,P001231,2026-03-18,L008,M002,白班,76,8,18,0.95
A001232,P001232,2026-03-18,L008,M008,夜班,73,8,21,0.9359
A001233,P001233,2026-03-19,L001,M001,白班,87,8,27,0.9355
A001234,P001234,2026-03-19,L001,M001,夜班,88,8,17,0.9888
A001235,P001235,2026-03-19,L002,M004,白班,74,8,47,0.9867
A001236,P001236,2026-03-19,L002,M004,夜班,68,8,18,0.9714
A001237,P001237,2026-03-19,L003,M004,白班,67,8,9,0.9178
A001238,P001238,2026-03-19,L003,M004,夜班,63,8,68,0.7778
A001239,P001239,2026-03-19,L004,M002,白班,68,8,11,0.9714
A001240,P001240,2026-03-19,L004,M001,夜班,57,8,8,0.9194
A001241,P001241,2026-03-19,L005,M005,白班,55,8,10,1.0
A001242,P001242,2026-03-19,L005,M005,夜班,50,8,12,0.9259
A001243,P001243,2026-03-19,L006,M006,白班,49,8,0,0.9074
A001244,P001244,2026-03-19,L006,M005,夜班,49,8,26,0.9423
A001245,P001245,2026-03-19,L007,M008,白班,50,8,18,0.9615
A001246,P001246,2026-03-19,L007,M008,夜班,46,8,47,0.9583
A001247,P001247,2026-03-19,L008,M004,白班,71,8,28,0.9726
A001248,P001248,2026-03-19,L008,M004,夜班,71,8,21,1.0
A001249,P001249,2026-03-20,L001,M002,白班,76,8,31,0.9744
A001250,P001250,2026-03-20,L001,M002,夜班,88,8,19,0.9462
A001251,P001251,2026-03-20,L002,M003,白班,80,8,4,0.9639
A001252,P001252,2026-03-20,L002,M004,夜班,75,8,16,0.9494
A001253,P001253,2026-03-20,L003,M003,白班,71,8,9,0.9861
A001254,P001254,2026-03-20,L003,M004,夜班,60,8,59,0.7895
A001255,P001255,2026-03-20,L004,M001,白班,67,8,12,0.971
A001256,P001256,2026-03-20,L004,M002,夜班,68,8,29,1.0
A001257,P001257,2026-03-20,L005,M006,白班,52,8,23,0.9123
A001258,P001258,2026-03-20,L005,M005,夜班,58,8,22,1.0357
A001259,P001259,2026-03-20,L006,M006,白班,58,8,7,1.0
A001260,P001260,2026-03-20,L006,M006,夜班,58,8,3,0.9831
A001261,P001261,2026-03-20,L007,M007,白班,45,8,25,0.9783
A001262,P001262,2026-03-20,L007,M007,夜班,45,8,30,1.0227
A001263,P001263,2026-03-20,L008,M008,白班,83,8,12,0.954
A001264,P001264,2026-03-20,L008,M008,夜班,72,8,20,0.9863
A001265,P001265,2026-03-21,L001,M002,白班,76,8,21,0.987
A001266,P001266,2026-03-21,L001,M002,夜班,83,8,22,0.9651
A001267,P001267,2026-03-21,L002,M004,白班,62,8,8,0.9394
A001268,P001268,2026-03-21,L002,M004,夜班,59,8,35,0.9219
A001269,P001269,2026-03-21,L003,M003,白班,64,8,35,1.0
A001270,P001270,2026-03-21,L003,M003,夜班,60,8,45,0.8333
A001271,P001271,2026-03-21,L004,M002,白班,54,8,16,0.931
A001272,P001272,2026-03-21,L004,M002,夜班,65,8,20,0.9701
A001273,P001273,2026-03-21,L005,M006,白班,50,8,34,0.9091
A001274,P001274,2026-03-21,L005,M006,夜班,45,8,35,0.9184
A001275,P001275,2026-03-21,L006,M005,白班,50,8,11,0.9434
A001276,P001276,2026-03-21,L006,M006,夜班,49,8,17,1.0
A001277,P001277,2026-03-21,L007,M007,白班,41,8,35,0.9318
A001278,P001278,2026-03-21,L007,M008,夜班,42,8,15,0.9767
A001279,P001279,2026-03-21,L008,M004,白班,73,8,6,0.9865
A001280,P001280,2026-03-21,L008,M006,夜班,73,8,14,0.9359
A001281,P001281,2026-03-22,L001,M002,白班,59,8,32,0.9516
A001282,P001282,2026-03-22,L001,M002,夜班,64,8,29,0.9552
A001283,P001283,2026-03-22,L002,M004,白班,47,8,20,0.9216
A001284,P001284,2026-03-22,L002,M004,夜班,51,8,19,0.9623
A001285,P001285,2026-03-22,L003,M004,白班,49,8,4,1.0208
A001286,P001286,2026-03-22,L003,M003,夜班,44,8,41,0.8302
A001287,P001287,2026-03-22,L004,M002,白班,44,8,19,0.9167
A001288,P001288,2026-03-22,L004,M001,夜班,50,8,21,1.0
A001289,P001289,2026-03-22,L005,M005,白班,36,8,17,0.9474
A001290,P001290,2026-03-22,L005,M005,夜班,42,8,42,0.9545
A001291,P001291,2026-03-22,L006,M005,白班,35,8,42,0.9722
A001292,P001292,2026-03-22,L006,M005,夜班,32,8,32,0.9143
A001293,P001293,2026-03-22,L007,M008,白班,37,8,24,0.9737
A001294,P001294,2026-03-22,L007,M008,夜班,36,8,30,0.973
A001295,P001295,2026-03-22,L008,M004,白班,51,8,0,0.9273
A001296,P001296,2026-03-22,L008,M001,夜班,52,8,29,0.9811
A001297,P001297,2026-03-23,L001,M002,白班,83,8,5,0.9222
A001298,P001298,2026-03-23,L001,M002,夜班,79,8,7,1.0128
A001299,P001299,2026-03-23,L002,M003,白班,65,8,4,0.942
A001300,P001300,2026-03-23,L002,M003,夜班,78,8,41,1.013
A001301,P001301,2026-03-23,L003,M004,白班,58,8,24,0.9062
A001302,P001302,2026-03-23,L003,M004,夜班,56,8,49,0.7778
A001303,P001303,2026-03-23,L004,M002,白班,68,8,37,0.9855
A001304,P001304,2026-03-23,L004,M001,夜班,77,8,17,1.0267
A001305,P001305,2026-03-23,L005,M006,白班,62,8,37,1.0
A001306,P001306,2026-03-23,L005,M006,夜班,61,8,18,1.0
A001307,P001307,2026-03-23,L006,M006,白班,46,8,12,0.9388
A001308,P001308,2026-03-23,L006,M006,夜班,55,8,9,1.0185
A001309,P001309,2026-03-23,L007,M008,白班,44,8,15,0.9778
A001310,P001310,2026-03-23,L007,M008,夜班,51,8,28,1.02
A001311,P001311,2026-03-23,L008,M001,白班,80,8,24,1.0
A001312,P001312,2026-03-23,L008,M002,夜班,82,8,3,0.9535
A001313,P001313,2026-03-24,L001,M001,白班,81,8,30,0.9419
A001314,P001314,2026-03-24,L001,M002,夜班,100,8,31,1.0204
A001315,P001315,2026-03-24,L002,M003,白班,67,8,26,0.971
A001316,P001316,2026-03-24,L002,M004,夜班,73,8,43,0.9241
A001317,P001317,2026-03-24,L003,M003,白班,76,8,33,0.95
A001318,P001318,2026-03-24,L003,M003,夜班,66,8,34,0.9167
A001319,P001319,2026-03-24,L004,M001,白班,66,8,23,1.0
A001320,P001320,2026-03-24,L004,M001,夜班,62,8,12,1.0333
A001321,P001321,2026-03-24,L005,M005,白班,56,8,32,1.0182
A001322,P001322,2026-03-24,L005,M005,夜班,49,8,23,0.9608
A001323,P001323,2026-03-24,L006,M005,白班,55,8,17,0.9649
A001324,P001324,2026-03-24,L006,M005,夜班,50,8,28,0.9259
A001325,P001325,2026-03-24,L007,M008,白班,55,8,32,1.0
A001326,P001326,2026-03-24,L007,M007,夜班,43,8,26,0.9773
A001327,P001327,2026-03-24,L008,M006,白班,78,8,37,0.9873
A001328,P001328,2026-03-24,L008,M001,夜班,72,8,20,1.0
A001329,P001329,2026-03-25,L001,M001,白班,80,8,15,1.0127
A001330,P001330,2026-03-25,L001,M001,夜班,93,8,37,1.0
A001331,P001331,2026-03-25,L002,M003,白班,86,8,26,1.0
A001332,P001332,2026-03-25,L002,M004,夜班,77,8,26,0.9625
A001333,P001333,2026-03-25,L003,M004,白班,74,8,12,0.9487
A001334,P001334,2026-03-25,L003,M003,夜班,60,8,46,0.7895
A001335,P001335,2026-03-25,L004,M002,白班,71,8,15,1.0143
A001336,P001336,2026-03-25,L004,M002,夜班,61,8,29,1.0167
A001337,P001337,2026-03-25,L005,M006,白班,58,8,18,0.9667
A001338,P001338,2026-03-25,L005,M005,夜班,62,8,0,1.0
A001339,P001339,2026-03-25,L006,M006,白班,59,8,33,0.9672
A001340,P001340,2026-03-25,L006,M005,夜班,48,8,13,1.0
A001341,P001341,2026-03-25,L007,M007,白班,43,8,28,0.9149
A001342,P001342,2026-03-25,L007,M008,夜班,41,8,18,0.9318
A001343,P001343,2026-03-25,L008,M007,白班,73,8,14,0.9481
A001344,P001344,2026-03-25,L008,M003,夜班,77,8,29,1.0132
A001345,P001345,2026-03-26,L001,M001,白班,88,8,17,0.9263
A001346,P001346,2026-03-26,L001,M002,夜班,88,8,25,0.9888
A001347,P001347,2026-03-26,L002,M003,白班,74,8,38,0.9136
A001348,P001348,2026-03-26,L002,M004,夜班,86,8,6,1.0118
A001349,P001349,2026-03-26,L003,M004,白班,62,8,18,0.9688
A001350,P001350,2026-03-26,L003,M004,夜班,53,8,60,0.803
A001351,P001351,2026-03-26,L004,M002,白班,68,8,10,1.0149
A001352,P001352,2026-03-26,L004,M001,夜班,63,8,17,0.9545
A001353,P001353,2026-03-26,L005,M006,白班,52,8,25,0.9286
A001354,P001354,2026-03-26,L005,M006,夜班,53,8,24,1.0192
A001355,P001355,2026-03-26,L006,M005,白班,50,8,23,0.9091
A001356,P001356,2026-03-26,L006,M006,夜班,57,8,27,1.0179
A001357,P001357,2026-03-26,L007,M007,白班,44,8,29,0.9565
A001358,P001358,2026-03-26,L007,M008,夜班,49,8,40,1.0
A001359,P001359,2026-03-26,L008,M008,白班,67,8,18,0.9178
A001360,P001360,2026-03-26,L008,M008,夜班,80,8,23,0.9877
A001361,P001361,2026-03-27,L001,M001,白班,89,8,5,1.023
A001362,P001362,2026-03-27,L001,M001,夜班,80,8,30,0.9877
A001363,P001363,2026-03-27,L002,M004,白班,83,8,39,0.9651
A001364,P001364,2026-03-27,L002,M004,夜班,77,8,11,0.939
A001365,P001365,2026-03-27,L003,M003,白班,79,8,25,1.0
A001366,P001366,2026-03-27,L003,M004,夜班,65,8,27,0.8784
A001367,P001367,2026-03-27,L004,M002,白班,69,8,35,0.92
A001368,P001368,2026-03-27,L004,M001,夜班,67,8,33,0.9178
A001369,P001369,2026-03-27,L005,M005,白班,56,8,21,1.0
A001370,P001370,2026-03-27,L005,M006,夜班,49,8,14,0.9245
A001371,P001371,2026-03-27,L006,M005,白班,49,8,31,0.9608
A001372,P001372,2026-03-27,L006,M006,夜班,52,8,19,0.963
A001373,P001373,2026-03-27,L007,M007,白班,51,8,12,0.9444
A001374,P001374,2026-03-27,L007,M008,夜班,46,8,12,0.9787
A001375,P001375,2026-03-27,L008,M002,白班,70,8,17,0.9859
A001376,P001376,2026-03-27,L008,M002,夜班,68,8,16,0.9714
A001377,P001377,2026-03-28,L001,M002,白班,71,8,25,0.9342
A001378,P001378,2026-03-28,L001,M001,夜班,68,8,15,0.9444
A001379,P001379,2026-03-28,L002,M004,白班,68,8,26,1.0
A001380,P001380,2026-03-28,L002,M004,夜班,59,8,32,0.9219
A001381,P001381,2026-03-28,L003,M003,白班,60,8,8,0.9836
A001382,P001382,2026-03-28,L003,M004,夜班,51,8,42,0.8095
A001383,P001383,2026-03-28,L004,M001,白班,57,8,30,0.9661
A001384,P001384,2026-03-28,L004,M002,夜班,56,8,39,1.0
A001385,P001385,2026-03-28,L005,M006,白班,51,8,25,0.9808
A001386,P001386,2026-03-28,L005,M006,夜班,46,8,12,0.92
A001387,P001387,2026-03-28,L006,M006,白班,50,8,25,1.0
A001388,P001388,2026-03-28,L006,M006,夜班,48,8,15,0.9412
A001389,P001389,2026-03-28,L007,M007,白班,41,8,20,1.025
A001390,P001390,2026-03-28,L007,M007,夜班,45,8,30,0.9375
A001391,P001391,2026-03-28,L008,M006,白班,78,8,20,1.0
A001392,P001392,2026-03-28,L008,M005,夜班,58,8,19,0.9062
A001393,P001393,2026-03-29,L001,M001,白班,56,8,28,0.9333
A001394,P001394,2026-03-29,L001,M001,夜班,60,8,16,0.9677
A001395,P001395,2026-03-29,L002,M004,白班,49,8,15,1.0
A001396,P001396,2026-03-29,L002,M004,夜班,47,8,27,0.9216
A001397,P001397,2026-03-29,L003,M004,白班,55,8,28,1.0
A001398,P001398,2026-03-29,L003,M003,夜班,50,8,61,0.8929
A001399,P001399,2026-03-29,L004,M001,白班,47,8,14,1.0217
A001400,P001400,2026-03-29,L004,M002,夜班,43,8,42,0.9773
A001401,P001401,2026-03-29,L005,M005,白班,39,8,21,1.0263
A001402,P001402,2026-03-29,L005,M006,夜班,37,8,4,1.0
A001403,P001403,2026-03-29,L006,M005,白班,38,8,0,0.9268
A001404,P001404,2026-03-29,L006,M006,夜班,32,8,23,0.9412
A001405,P001405,2026-03-29,L007,M007,白班,37,8,29,1.0
A001406,P001406,2026-03-29,L007,M008,夜班,38,8,29,1.0
A001407,P001407,2026-03-29,L008,M004,白班,61,8,19,1.0
A001408,P001408,2026-03-29,L008,M001,夜班,47,8,18,0.94
A001409,P001409,2026-03-30,L001,M001,白班,80,8,4,0.9302
A001410,P001410,2026-03-30,L001,M001,夜班,96,8,5,0.9897
A001411,P001411,2026-03-30,L002,M003,白班,83,8,18,0.954
A001412,P001412,2026-03-30,L002,M004,夜班,85,8,38,1.0241
A001413,P001413,2026-03-30,L003,M003,白班,63,8,14,0.9545
A001414,P001414,2026-03-30,L003,M004,夜班,57,8,61,0.8261
A001415,P001415,2026-03-30,L004,M001,白班,74,8,16,1.0278
A001416,P001416,2026-03-30,L004,M002,夜班,68,8,16,0.9189
A001417,P001417,2026-03-30,L005,M005,白班,58,8,20,0.9831
A001418,P001418,2026-03-30,L005,M006,夜班,64,8,15,1.0
A001419,P001419,2026-03-30,L006,M005,白班,50,8,19,1.0
A001420,P001420,2026-03-30,L006,M006,夜班,52,8,40,1.0196
A001421,P001421,2026-03-30,L007,M008,白班,41,8,30,0.9318
A001422,P001422,2026-03-30,L007,M007,夜班,45,8,25,0.9375
A001423,P001423,2026-03-30,L008,M002,白班,80,8,24,0.9877
A001424,P001424,2026-03-30,L008,M001,夜班,87,8,20,1.0116
A001425,P001425,2026-03-31,L001,M002,白班,96,8,22,1.0
A001426,P001426,2026-03-31,L001,M002,夜班,94,8,25,0.9592
A001427,P001427,2026-03-31,L002,M004,白班,68,8,26,0.9714
A001428,P001428,2026-03-31,L002,M004,夜班,74,8,15,0.9737
A001429,P001429,2026-03-31,L003,M003,白班,79,8,26,0.9875
A001430,P001430,2026-03-31,L003,M003,夜班,61,8,43,0.8592
A001431,P001431,2026-03-31,L004,M001,白班,69,8,32,0.9324
A001432,P001432,2026-03-31,L004,M001,夜班,70,8,29,1.0
A001433,P001433,2026-03-31,L005,M005,白班,53,8,14,0.9815
A001434,P001434,2026-03-31,L005,M006,夜班,53,8,16,0.9464
A001435,P001435,2026-03-31,L006,M006,白班,49,8,11,1.0
A001436,P001436,2026-03-31,L006,M005,夜班,50,8,19,0.9804
A001437,P001437,2026-03-31,L007,M007,白班,46,8,15,0.9388
A001438,P001438,2026-03-31,L007,M008,夜班,52,8,28,1.0
A001439,P001439,2026-03-31,L008,M006,白班,81,8,16,0.9643
A001440,P001440,2026-03-31,L008,M006,夜班,77,8,36,0.9872
A001441,P001441,2026-04-01,L001,M002,白班,82,8,0,0.9318
A001442,P001442,2026-04-01,L001,M001,夜班,81,8,26,1.0
A001443,P001443,2026-04-01,L002,M004,白班,69,8,33,0.9324
A001444,P001444,2026-04-01,L002,M004,夜班,64,8,13,0.9143
A001445,P001445,2026-04-01,L003,M004,白班,67,8,23,0.9853
A001446,P001446,2026-04-01,L003,M003,夜班,52,8,30,0.7879
A001447,P001447,2026-04-01,L004,M001,白班,56,8,17,0.9333
A001448,P001448,2026-04-01,L004,M002,夜班,64,8,20,0.9275
A001449,P001449,2026-04-01,L005,M005,白班,56,8,16,0.9333
A001450,P001450,2026-04-01,L005,M005,夜班,53,8,2,0.9815
A001451,P001451,2026-04-01,L006,M006,白班,47,8,14,0.9792
A001452,P001452,2026-04-01,L006,M006,夜班,51,8,24,0.9623
A001453,P001453,2026-04-01,L007,M008,白班,49,8,30,0.9608
A001454,P001454,2026-04-01,L007,M008,夜班,53,8,10,0.9815
A001455,P001455,2026-04-01,L008,M001,白班,77,8,20,0.939
A001456,P001456,2026-04-01,L008,M006,夜班,73,8,42,0.9865
A001457,P001457,2026-04-02,L001,M002,白班,80,8,0,1.0127
A001458,P001458,2026-04-02,L001,M002,夜班,76,8,24,0.95
A001459,P001459,2026-04-02,L002,M003,白班,82,8,26,1.0
A001460,P001460,2026-04-02,L002,M003,夜班,66,8,5,0.9565
A001461,P001461,2026-04-02,L003,M004,白班,68,8,26,0.9189
A001462,P001462,2026-04-02,L003,M004,夜班,51,8,51,0.7969
A001463,P001463,2026-04-02,L004,M002,白班,67,8,19,1.0
A001464,P001464,2026-04-02,L004,M002,夜班,71,8,11,1.0
A001465,P001465,2026-04-02,L005,M006,白班,54,8,24,0.9643
A001466,P001466,2026-04-02,L005,M005,夜班,59,8,23,0.9833
A001467,P001467,2026-04-02,L006,M006,白班,56,8,32,0.9492
A001468,P001468,2026-04-02,L006,M006,夜班,49,8,37,0.9608
A001469,P001469,2026-04-02,L007,M008,白班,50,8,5,0.9804
A001470,P001470,2026-04-02,L007,M007,夜班,44,8,45,0.9565
A001471,P001471,2026-04-02,L008,M001,白班,84,8,11,0.9767
A001472,P001472,2026-04-02,L008,M008,夜班,78,8,9,0.9398
A001473,P001473,2026-04-03,L001,M001,白班,78,8,22,0.907
A001474,P001474,2026-04-03,L001,M002,夜班,81,8,11,0.9529
A001475,P001475,2026-04-03,L002,M004,白班,75,8,9,1.0274
A001476,P001476,2026-04-03,L002,M004,夜班,71,8,21,0.9467
A001477,P001477,2026-04-03,L003,M003,白班,66,8,17,1.0154
A001478,P001478,2026-04-03,L003,M003,夜班,62,8,49,0.8611
A001479,P001479,2026-04-03,L004,M002,白班,65,8,19,1.0156
A001480,P001480,2026-04-03,L004,M001,夜班,69,8,36,1.0
A001481,P001481,2026-04-03,L005,M005,白班,57,8,17,1.0
A001482,P001482,2026-04-03,L005,M006,夜班,60,8,40,0.9836
A001483,P001483,2026-04-03,L006,M006,白班,47,8,29,0.9592
A001484,P001484,2026-04-03,L006,M006,夜班,46,8,21,0.92
A001485,P001485,2026-04-03,L007,M007,白班,52,8,32,0.963
A001486,P001486,2026-04-03,L007,M007,夜班,51,8,30,1.02
A001487,P001487,2026-04-03,L008,M005,白班,69,8,17,0.9857
A001488,P001488,2026-04-03,L008,M003,夜班,84,8,40,0.9767
A001489,P001489,2026-04-04,L001,M002,白班,82,8,25,1.0123
A001490,P001490,2026-04-04,L001,M001,夜班,69,8,10,0.9324
A001491,P001491,2026-04-04,L002,M003,白班,62,8,3,1.0
A001492,P001492,2026-04-04,L002,M004,夜班,68,8,54,0.9577
A001493,P001493,2026-04-04,L003,M003,白班,66,8,23,1.0312
A001494,P001494,2026-04-04,L003,M003,夜班,59,8,61,0.8551
A001495,P001495,2026-04-04,L004,M001,白班,57,8,6,0.9344
A001496,P001496,2026-04-04,L004,M001,夜班,57,8,33,0.9828
A001497,P001497,2026-04-04,L005,M005,白班,51,8,1,1.0
A001498,P001498,2026-04-04,L005,M006,夜班,48,8,31,0.9412
A001499,P001499,2026-04-04,L006,M005,白班,42,8,43,0.9545
A001500,P001500,2026-04-04,L006,M005,夜班,50,8,28,0.9259
A001501,P001501,2026-04-04,L007,M007,白班,41,8,23,0.9762
A001502,P001502,2026-04-04,L007,M007,夜班,41,8,13,0.9318
A001503,P001503,2026-04-04,L008,M007,白班,67,8,18,1.0152
A001504,P001504,2026-04-04,L008,M003,夜班,64,8,7,0.9412
A001505,P001505,2026-04-05,L001,M001,白班,65,8,6,0.942
A001506,P001506,2026-04-05,L001,M001,夜班,61,8,16,0.9839
A001507,P001507,2026-04-05,L002,M003,白班,49,8,29,1.0
A001508,P001508,2026-04-05,L002,M003,夜班,60,8,22,1.0169
A001509,P001509,2026-04-05,L003,M003,白班,44,8,31,0.9778
A001510,P001510,2026-04-05,L003,M004,夜班,39,8,60,0.8125
A001511,P001511,2026-04-05,L004,M001,白班,46,8,32,1.0
A001512,P001512,2026-04-05,L004,M002,夜班,39,8,21,0.9286
A001513,P001513,2026-04-05,L005,M006,白班,38,8,16,1.027
A001514,P001514,2026-04-05,L005,M005,夜班,39,8,10,0.9286
A001515,P001515,2026-04-05,L006,M006,白班,38,8,25,0.95
A001516,P001516,2026-04-05,L006,M005,夜班,41,8,13,0.9762
A001517,P001517,2026-04-05,L007,M008,白班,34,8,12,0.9189
A001518,P001518,2026-04-05,L007,M008,夜班,32,8,49,0.9143
A001519,P001519,2026-04-05,L008,M005,白班,47,8,20,0.9216
A001520,P001520,2026-04-05,L008,M004,夜班,56,8,27,0.9333
A001521,P001521,2026-04-06,L001,M002,白班,74,8,19,0.9367
A001522,P001522,2026-04-06,L001,M001,夜班,88,8,28,0.9888
A001523,P001523,2026-04-06,L002,M004,白班,80,8,11,0.9756
A001524,P001524,2026-04-06,L002,M004,夜班,70,8,39,0.9722
A001525,P001525,2026-04-06,L003,M004,白班,71,8,17,0.9467
A001526,P001526,2026-04-06,L003,M003,夜班,60,8,50,0.8571
A001527,P001527,2026-04-06,L004,M002,白班,57,8,5,0.9048
A001528,P001528,2026-04-06,L004,M002,夜班,64,8,12,1.0159
A001529,P001529,2026-04-06,L005,M005,白班,55,8,7,0.9649
A001530,P001530,2026-04-06,L005,M005,夜班,51,8,7,0.9808
A001531,P001531,2026-04-06,L006,M006,白班,45,8,15,0.9184
A001532,P001532,2026-04-06,L006,M006,夜班,53,8,29,0.9138
A001533,P001533,2026-04-06,L007,M007,白班,48,8,12,1.0213
A001534,P001534,2026-04-06,L007,M008,夜班,44,8,39,0.9565
A001535,P001535,2026-04-06,L008,M008,白班,77,8,35,0.9872
A001536,P001536,2026-04-06,L008,M001,夜班,76,8,36,0.9268
A001537,P001537,2026-04-07,L001,M002,白班,94,8,25,0.9592
A001538,P001538,2026-04-07,L001,M001,夜班,89,8,32,0.9271
A001539,P001539,2026-04-07,L002,M004,白班,71,8,14,0.9342
A001540,P001540,2026-04-07,L002,M004,夜班,83,8,19,1.0
A001541,P001541,2026-04-07,L003,M004,白班,61,8,20,0.9104
A001542,P001542,2026-04-07,L003,M003,夜班,57,8,68,0.8143
A001543,P001543,2026-04-07,L004,M002,白班,63,8,21,0.9265
A001544,P001544,2026-04-07,L004,M001,夜班,63,8,30,0.9403
A001545,P001545,2026-04-07,L005,M005,白班,54,8,29,0.9818
A001546,P001546,2026-04-07,L005,M005,夜班,57,8,24,0.9828
A001547,P001547,2026-04-07,L006,M006,白班,57,8,25,0.9828
A001548,P001548,2026-04-07,L006,M006,夜班,57,8,51,0.9828
A001549,P001549,2026-04-07,L007,M008,白班,50,8,22,1.0204
A001550,P001550,2026-04-07,L007,M007,夜班,49,8,15,0.9608
A001551,P001551,2026-04-07,L008,M003,白班,84,8,24,1.0
A001552,P001552,2026-04-07,L008,M002,夜班,72,8,18,0.9231
A001553,P001553,2026-04-08,L001,M002,白班,79,8,8,0.9875
A001554,P001554,2026-04-08,L001,M002,夜班,77,8,12,0.9872
A001555,P001555,2026-04-08,L002,M004,白班,72,8,32,0.9351
A001556,P001556,2026-04-08,L002,M003,夜班,66,8,6,0.9167
A001557,P001557,2026-04-08,L003,M003,白班,74,8,31,0.961
A001558,P001558,2026-04-08,L003,M004,夜班,55,8,51,0.8088
A001559,P001559,2026-04-08,L004,M001,白班,72,8,37,1.0
A001560,P001560,2026-04-08,L004,M002,夜班,71,8,14,1.0
A001561,P001561,2026-04-08,L005,M006,白班,50,8,69,0.9091
A001562,P001562,2026-04-08,L005,M005,夜班,48,8,39,0.8889
A001563,P001563,2026-04-08,L006,M005,白班,61,8,14,1.0167
A001564,P001564,2026-04-08,L006,M006,夜班,54,8,0,0.931
A001565,P001565,2026-04-08,L007,M007,白班,49,8,26,1.0208
A001566,P001566,2026-04-08,L007,M008,夜班,40,8,14,0.9302
A001567,P001567,2026-04-08,L008,M001,白班,70,8,33,0.9459
A001568,P001568,2026-04-08,L008,M001,夜班,76,8,28,1.0133
A001569,P001569,2026-04-09,L001,M001,白班,98,8,24,1.0208
A001570,P001570,2026-04-09,L001,M001,夜班,94,8,15,0.9495
A001571,P001571,2026-04-09,L002,M003,白班,85,8,10,1.0
A001572,P001572,2026-04-09,L002,M003,夜班,71,8,7,0.9467
A001573,P001573,2026-04-09,L003,M004,白班,79,8,21,0.9875
A001574,P001574,2026-04-09,L003,M003,夜班,58,8,69,0.8406
A001575,P001575,2026-04-09,L004,M002,白班,62,8,5,0.9254
A001576,P001576,2026-04-09,L004,M001,夜班,66,8,30,1.0
A001577,P001577,2026-04-09,L005,M005,白班,55,8,59,0.9016
A001578,P001578,2026-04-09,L005,M005,夜班,46,8,48,0.92
A001579,P001579,2026-04-09,L006,M005,白班,61,8,21,1.0167
A001580,P001580,2026-04-09,L006,M005,夜班,49,8,18,1.0
A001581,P001581,2026-04-09,L007,M008,白班,49,8,17,0.9423
A001582,P001582,2026-04-09,L007,M007,夜班,45,8,0,0.9184
A001583,P001583,2026-04-09,L008,M005,白班,77,8,14,0.9167
A001584,P001584,2026-04-09,L008,M002,夜班,71,8,32,1.0
A001585,P001585,2026-04-10,L001,M001,白班,86,8,18,0.9149
A001586,P001586,2026-04-10,L001,M001,夜班,83,8,35,0.9222
A001587,P001587,2026-04-10,L002,M004,白班,65,8,0,0.942
A001588,P001588,2026-04-10,L002,M003,夜班,68,8,17,0.9714
A001589,P001589,2026-04-10,L003,M004,白班,78,8,9,1.013
A001590,P001590,2026-04-10,L003,M004,夜班,65,8,44,0.8904
A001591,P001591,2026-04-10,L004,M001,白班,64,8,14,1.0159
A001592,P001592,2026-04-10,L004,M001,夜班,59,8,25,0.9219
A001593,P001593,2026-04-10,L005,M006,白班,60,8,50,0.9375
A001594,P001594,2026-04-10,L005,M005,夜班,52,8,31,0.8966
A001595,P001595,2026-04-10,L006,M006,白班,51,8,30,1.0
A001596,P001596,2026-04-10,L006,M005,夜班,55,8,20,1.0
A001597,P001597,2026-04-10,L007,M007,白班,49,8,9,0.9423
A001598,P001598,2026-04-10,L007,M007,夜班,54,8,28,0.9818
A001599,P001599,2026-04-10,L008,M008,白班,70,8,31,0.9211
A001600,P001600,2026-04-10,L008,M001,夜班,77,8,41,0.9747
A001601,P001601,2026-04-11,L001,M002,白班,66,8,43,0.9429
A001602,P001602,2026-04-11,L001,M001,夜班,82,8,14,0.9535
A001603,P001603,2026-04-11,L002,M003,白班,74,8,14,0.9737
A001604,P001604,2026-04-11,L002,M004,夜班,65,8,14,0.942
A001605,P001605,2026-04-11,L003,M004,白班,55,8,24,0.9483
A001606,P001606,2026-04-11,L003,M003,夜班,50,8,56,0.7937
A001607,P001607,2026-04-11,L004,M001,白班,67,8,9,1.0152
A001608,P001608,2026-04-11,L004,M001,夜班,62,8,31,1.0
A001609,P001609,2026-04-11,L005,M005,白班,49,8,29,0.9245
A001610,P001610,2026-04-11,L005,M006,夜班,43,8,39,0.9149
A001611,P001611,2026-04-11,L006,M005,白班,46,8,9,1.0222
A001612,P001612,2026-04-11,L006,M005,夜班,51,8,19,0.9623
A001613,P001613,2026-04-11,L007,M007,白班,43,8,28,1.0
A001614,P001614,2026-04-11,L007,M008,夜班,42,8,16,1.0
A001615,P001615,2026-04-11,L008,M008,白班,73,8,8,1.0139
A001616,P001616,2026-04-11,L008,M001,夜班,69,8,31,0.9324
A001617,P001617,2026-04-12,L001,M001,白班,61,8,23,0.9531
A001618,P001618,2026-04-12,L001,M001,夜班,63,8,17,0.9403
A001619,P001619,2026-04-12,L002,M004,白班,58,8,38,0.9831
A001620,P001620,2026-04-12,L002,M004,夜班,50,8,35,0.9804
A001621,P001621,2026-04-12,L003,M004,白班,46,8,13,1.0
A001622,P001622,2026-04-12,L003,M004,夜班,52,8,46,0.9286
A001623,P001623,2026-04-12,L004,M001,白班,45,8,37,0.9375
A001624,P001624,2026-04-12,L004,M002,夜班,49,8,23,1.0208
A001625,P001625,2026-04-12,L005,M005,白班,33,8,45,0.8919
A001626,P001626,2026-04-12,L005,M005,夜班,37,8,71,0.8605
A001627,P001627,2026-04-12,L006,M005,白班,40,8,7,0.9524
A001628,P001628,2026-04-12,L006,M006,夜班,35,8,28,1.0
A001629,P001629,2026-04-12,L007,M008,白班,37,8,23,1.0
A001630,P001630,2026-04-12,L007,M007,夜班,34,8,0,1.0
A001631,P001631,2026-04-12,L008,M002,白班,60,8,3,1.0169
A001632,P001632,2026-04-12,L008,M008,夜班,55,8,27,0.9649
A001633,P001633,2026-04-13,L001,M001,白班,77,8,34,0.9506
A001634,P001634,2026-04-13,L001,M002,夜班,85,8,10,0.9659
A001635,P001635,2026-04-13,L002,M004,白班,81,8,32,0.9419
A001636,P001636,2026-04-13,L002,M004,夜班,85,8,0,0.977
A001637,P001637,2026-04-13,L003,M004,白班,65,8,0,0.942
A001638,P001638,2026-04-13,L003,M004,夜班,68,8,55,0.8831
A001639,P001639,2026-04-13,L004,M002,白班,62,8,17,0.9254
A001640,P001640,2026-04-13,L004,M002,夜班,72,8,15,0.9863
A001641,P001641,2026-04-13,L005,M005,白班,49,8,40,0.8596
A001642,P001642,2026-04-13,L005,M006,夜班,52,8,42,0.9123
A001643,P001643,2026-04-13,L006,M005,白班,56,8,19,0.9825
A001644,P001644,2026-04-13,L006,M006,夜班,53,8,4,0.9815
A001645,P001645,2026-04-13,L007,M008,白班,45,8,16,1.0
A001646,P001646,2026-04-13,L007,M007,夜班,51,8,40,0.9623
A001647,P001647,2026-04-13,L008,M008,白班,66,8,58,0.9167
A001648,P001648,2026-04-13,L008,M005,夜班,86,8,13,1.0
A001649,P001649,2026-04-14,L001,M001,白班,83,8,17,0.9432
A001650,P001650,2026-04-14,L001,M002,夜班,75,8,26,0.9494
A001651,P001651,2026-04-14,L002,M004,白班,69,8,34,1.0
A001652,P001652,2026-04-14,L002,M004,夜班,66,8,7,0.9565
A001653,P001653,2026-04-14,L003,M003,白班,71,8,45,1.0
A001654,P001654,2026-04-14,L003,M003,夜班,63,8,43,0.84
A001655,P001655,2026-04-14,L004,M001,白班,66,8,24,0.9565
A001656,P001656,2026-04-14,L004,M001,夜班,62,8,20,1.0164
A001657,P001657,2026-04-14,L005,M005,白班,46,8,37,0.902
A001658,P001658,2026-04-14,L005,M006,夜班,55,8,64,0.873
A001659,P001659,2026-04-14,L006,M005,白班,52,8,11,1.0196
A001660,P001660,2026-04-14,L006,M006,夜班,51,8,28,0.9808
A001661,P001661,2026-04-14,L007,M007,白班,47,8,35,0.94
A001662,P001662,2026-04-14,L007,M007,夜班,46,8,18,0.9583
A001663,P001663,2026-04-14,L008,M003,白班,68,8,7,0.9315
A001664,P001664,2026-04-14,L008,M007,夜班,83,8,37,0.9881
A001665,P001665,2026-04-15,L001,M002,白班,78,8,8,1.0
A001666,P001666,2026-04-15,L001,M001,夜班,91,8,16,1.0
A001667,P001667,2026-04-15,L002,M004,白班,74,8,35,0.9867
A001668,P001668,2026-04-15,L002,M003,夜班,67,8,10,0.9306
A001669,P001669,2026-04-15,L003,M004,白班,60,8,26,0.9375
A001670,P001670,2026-04-15,L003,M003,夜班,57,8,51,0.8261
A001671,P001671,2026-04-15,L004,M001,白班,68,8,26,0.9855
A001672,P001672,2026-04-15,L004,M002,夜班,62,8,4,1.0164
A001673,P001673,2026-04-15,L005,M005,白班,50,8,42,0.8929
A001674,P001674,2026-04-15,L005,M005,夜班,48,8,57,0.8421
A001675,P001675,2026-04-15,L006,M005,白班,57,8,13,0.9828
A001676,P001676,2026-04-15,L006,M005,夜班,58,8,25,1.0
A001677,P001677,2026-04-15,L007,M008,白班,50,8,40,0.9615
A001678,P001678,2026-04-15,L007,M007,夜班,49,8,45,0.9608
A001679,P001679,2026-04-15,L008,M001,白班,84,8,14,1.0
A001680,P001680,2026-04-15,L008,M004,夜班,74,8,25,0.925
A001681,P001681,2026-04-16,L001,M001,白班,95,8,37,0.9794
A001682,P001682,2026-04-16,L001,M001,夜班,99,8,0,1.0102
A001683,P001683,2026-04-16,L002,M004,白班,69,8,41,0.9079
A001684,P001684,2026-04-16,L002,M004,夜班,74,8,17,1.0278
A001685,P001685,2026-04-16,L003,M003,白班,72,8,24,1.0
A001686,P001686,2026-04-16,L003,M003,夜班,61,8,58,0.8714
A001687,P001687,2026-04-16,L004,M001,白班,72,8,9,0.9474
A001688,P001688,2026-04-16,L004,M002,夜班,60,8,25,0.9524
A001689,P001689,2026-04-16,L005,M006,白班,50,8,69,0.8621
A001690,P001690,2026-04-16,L005,M006,夜班,49,8,51,0.875
A001691,P001691,2026-04-16,L006,M006,白班,58,8,31,1.0
A001692,P001692,2026-04-16,L006,M006,夜班,60,8,24,1.0169
A001693,P001693,2026-04-16,L007,M008,白班,47,8,20,0.9592
A001694,P001694,2026-04-16,L007,M008,夜班,47,8,48,1.0
A001695,P001695,2026-04-16,L008,M006,白班,82,8,38,0.9762
A001696,P001696,2026-04-16,L008,M003,夜班,86,8,31,0.9885
A001697,P001697,2026-04-17,L001,M001,白班,75,8,24,0.9615
A001698,P001698,2026-04-17,L001,M001,夜班,74,8,15,0.9367
A001699,P001699,2026-04-17,L002,M004,白班,67,8,26,0.9437
A001700,P001700,2026-04-17,L002,M003,夜班,87,8,4,1.0116
A001701,P001701,2026-04-17,L003,M004,白班,71,8,19,1.0143
A001702,P001702,2026-04-17,L003,M003,夜班,63,8,47,0.84
A001703,P001703,2026-04-17,L004,M001,白班,64,8,13,1.0159
A001704,P001704,2026-04-17,L004,M002,夜班,73,8,26,1.0
A001705,P001705,2026-04-17,L005,M006,白班,44,8,57,0.8462
A001706,P001706,2026-04-17,L005,M006,夜班,52,8,53,0.9123
A001707,P001707,2026-04-17,L006,M006,白班,55,8,39,0.9649
A001708,P001708,2026-04-17,L006,M006,夜班,53,8,14,0.9298
A001709,P001709,2026-04-17,L007,M008,白班,48,8,13,1.0213
A001710,P001710,2026-04-17,L007,M007,夜班,43,8,0,0.9149
A001711,P001711,2026-04-17,L008,M005,白班,80,8,34,0.9877
A001712,P001712,2026-04-17,L008,M004,夜班,70,8,10,0.9589
A001713,P001713,2026-04-18,L001,M002,白班,73,8,20,0.9125
A001714,P001714,2026-04-18,L001,M002,夜班,81,8,0,0.9529
A001715,P001715,2026-04-18,L002,M004,白班,71,8,17,0.9595
A001716,P001716,2026-04-18,L002,M004,夜班,67,8,17,1.0
A001717,P001717,2026-04-18,L003,M003,白班,74,8,23,1.0137
A001718,P001718,2026-04-18,L003,M004,夜班,57,8,73,0.8906
A001719,P001719,2026-04-18,L004,M002,白班,64,8,4,1.0159
A001720,P001720,2026-04-18,L004,M001,夜班,52,8,43,0.9286
A001721,P001721,2026-04-18,L005,M006,白班,43,8,42,0.8431
A001722,P001722,2026-04-18,L005,M006,夜班,41,8,52,0.8542
A001723,P001723,2026-04-18,L006,M005,白班,49,8,0,0.9423
A001724,P001724,2026-04-18,L006,M006,夜班,50,8,21,1.0
A001725,P001725,2026-04-18,L007,M007,白班,43,8,19,0.9556
A001726,P001726,2026-04-18,L007,M007,夜班,42,8,10,0.9333
A001727,P001727,2026-04-18,L008,M002,白班,64,8,18,1.0
A001728,P001728,2026-04-18,L008,M004,夜班,75,8,0,0.9868
A001729,P001729,2026-04-19,L001,M002,白班,52,8,30,0.9123
A001730,P001730,2026-04-19,L001,M002,夜班,51,8,16,0.9107
A001731,P001731,2026-04-19,L002,M003,白班,49,8,4,0.9608
A001732,P001732,2026-04-19,L002,M003,夜班,59,8,23,0.9672
A001733,P001733,2026-04-19,L003,M004,白班,49,8,7,1.0
A001734,P001734,2026-04-19,L003,M004,夜班,40,8,71,0.8163
A001735,P001735,2026-04-19,L004,M001,白班,43,8,38,1.0238
A001736,P001736,2026-04-19,L004,M002,夜班,44,8,18,0.9565
A001737,P001737,2026-04-19,L005,M006,白班,40,8,25,1.0
A001738,P001738,2026-04-19,L005,M006,夜班,38,8,33,0.95
A001739,P001739,2026-04-19,L006,M005,白班,39,8,19,0.9286
A001740,P001740,2026-04-19,L006,M006,夜班,36,8,15,0.9474
A001741,P001741,2026-04-19,L007,M008,白班,29,8,19,0.9355
A001742,P001742,2026-04-19,L007,M007,夜班,29,8,3,0.9062
A001743,P001743,2026-04-19,L008,M002,白班,54,8,20,0.9474
A001744,P001744,2026-04-19,L008,M007,夜班,52,8,26,0.963
A001745,P001745,2026-04-20,L001,M001,白班,80,8,19,0.9756
A001746,P001746,2026-04-20,L001,M002,夜班,81,8,21,0.9878
A001747,P001747,2026-04-20,L002,M004,白班,85,8,10,1.0
A001748,P001748,2026-04-20,L002,M003,夜班,66,8,20,0.9167
A001749,P001749,2026-04-20,L003,M003,白班,59,8,27,0.9219
A001750,P001750,2026-04-20,L003,M003,夜班,70,8,55,0.875
A001751,P001751,2026-04-20,L004,M001,白班,63,8,34,1.0161
A001752,P001752,2026-04-20,L004,M002,夜班,61,8,25,0.9839
A001753,P001753,2026-04-20,L005,M006,白班,61,8,35,1.0167
A001754,P001754,2026-04-20,L005,M005,夜班,59,8,16,0.9833
A001755,P001755,2026-04-20,L006,M006,白班,50,8,28,0.9434
A001756,P001756,2026-04-20,L006,M005,夜班,56,8,5,0.9333
A001757,P001757,2026-04-20,L007,M007,白班,46,8,17,0.92
A001758,P001758,2026-04-20,L007,M008,夜班,43,8,25,0.9348
A001759,P001759,2026-04-20,L008,M001,白班,65,8,13,0.9286
A001760,P001760,2026-04-20,L008,M003,夜班,64,8,15,0.9143
A001761,P001761,2026-04-21,L001,M001,白班,83,8,21,0.954
A001762,P001762,2026-04-21,L001,M002,夜班,85,8,10,0.9551
A001763,P001763,2026-04-21,L002,M004,白班,80,8,28,0.9524
A001764,P001764,2026-04-21,L002,M004,夜班,84,8,12,0.9882
A001765,P001765,2026-04-21,L003,M004,白班,69,8,37,0.9718
A001766,P001766,2026-04-21,L003,M004,夜班,58,8,48,0.7838
A001767,P001767,2026-04-21,L004,M001,白班,56,8,32,0.9492
A001768,P001768,2026-04-21,L004,M002,夜班,63,8,13,0.9403
A001769,P001769,2026-04-21,L005,M005,白班,56,8,17,1.0
A001770,P001770,2026-04-21,L005,M005,夜班,58,8,23,1.0
A001771,P001771,2026-04-21,L006,M006,白班,56,8,16,1.0
A001772,P001772,2026-04-21,L006,M005,夜班,52,8,31,0.9811
A001773,P001773,2026-04-21,L007,M008,白班,47,8,0,0.9216
A001774,P001774,2026-04-21,L007,M007,夜班,55,8,16,1.0
A001775,P001775,2026-04-21,L008,M002,白班,81,8,28,0.9643
A001776,P001776,2026-04-21,L008,M001,夜班,83,8,13,0.9881
A001777,P001777,2026-04-22,L001,M001,白班,80,8,38,0.9412
A001778,P001778,2026-04-22,L001,M002,夜班,82,8,29,0.988
A001779,P001779,2026-04-22,L002,M003,白班,73,8,23,0.9865
A001780,P001780,2026-04-22,L002,M003,夜班,82,8,21,0.9425
A001781,P001781,2026-04-22,L003,M004,白班,71,8,20,1.0
A001782,P001782,2026-04-22,L003,M004,夜班,59,8,27,0.8676
A001783,P001783,2026-04-22,L004,M001,白班,59,8,30,0.9672
A001784,P001784,2026-04-22,L004,M001,夜班,64,8,30,1.0159
A001785,P001785,2026-04-22,L005,M005,白班,53,8,12,0.9298
A001786,P001786,2026-04-22,L005,M005,夜班,54,8,6,0.9818
A001787,P001787,2026-04-22,L006,M005,白班,55,8,0,0.9322
A001788,P001788,2026-04-22,L006,M006,夜班,50,8,16,1.0
A001789,P001789,2026-04-22,L007,M007,白班,49,8,17,0.9245
A001790,P001790,2026-04-22,L007,M008,夜班,42,8,13,0.9333
A001791,P001791,2026-04-22,L008,M008,白班,73,8,18,1.0139
A001792,P001792,2026-04-22,L008,M004,夜班,87,8,12,1.0116
A001793,P001793,2026-04-23,L001,M001,白班,77,8,36,0.9747
A001794,P001794,2026-04-23,L001,M002,夜班,77,8,29,0.9747
A001795,P001795,2026-04-23,L002,M004,白班,68,8,21,0.9189
A001796,P001796,2026-04-23,L002,M003,夜班,81,8,9,0.9759
A001797,P001797,2026-04-23,L003,M003,白班,66,8,34,0.9851
A001798,P001798,2026-04-23,L003,M004,夜班,56,8,53,0.8
A001799,P001799,2026-04-23,L004,M001,白班,73,8,23,0.9865
A001800,P001800,2026-04-23,L004,M001,夜班,61,8,4,1.0
A001801,P001801,2026-04-23,L005,M006,白班,56,8,19,0.918
A001802,P001802,2026-04-23,L005,M005,夜班,58,8,16,1.0
A001803,P001803,2026-04-23,L006,M006,白班,54,8,28,1.0
A001804,P001804,2026-04-23,L006,M006,夜班,54,8,15,1.0189
A001805,P001805,2026-04-23,L007,M007,白班,44,8,33,0.9167
A001806,P001806,2026-04-23,L007,M008,夜班,45,8,18,0.9574
A001807,P001807,2026-04-23,L008,M008,白班,82,8,29,0.9535
A001808,P001808,2026-04-23,L008,M002,夜班,69,8,13,0.9452
A001809,P001809,2026-04-24,L001,M002,白班,76,8,4,0.9268
A001810,P001810,2026-04-24,L001,M002,夜班,88,8,9,1.0
A001811,P001811,2026-04-24,L002,M003,白班,81,8,42,0.931
A001812,P001812,2026-04-24,L002,M003,夜班,80,8,0,0.9302
A001813,P001813,2026-04-24,L003,M003,白班,69,8,22,1.0299
A001814,P001814,2026-04-24,L003,M004,夜班,62,8,58,0.8158
A001815,P001815,2026-04-24,L004,M002,白班,72,8,25,1.0
A001816,P001816,2026-04-24,L004,M002,夜班,68,8,22,0.9714
A001817,P001817,2026-04-24,L005,M006,白班,62,8,38,1.0
A001818,P001818,2026-04-24,L005,M005,夜班,57,8,20,1.0179
A001819,P001819,2026-04-24,L006,M005,白班,52,8,2,0.9455
A001820,P001820,2026-04-24,L006,M005,夜班,54,8,55,0.9818
A001821,P001821,2026-04-24,L007,M007,白班,48,8,20,1.0
A001822,P001822,2026-04-24,L007,M008,夜班,54,8,27,1.0
A001823,P001823,2026-04-24,L008,M004,白班,69,8,26,0.9718
A001824,P001824,2026-04-24,L008,M002,夜班,73,8,10,1.0139
A001825,P001825,2026-04-25,L001,M002,白班,73,8,14,0.9359
A001826,P001826,2026-04-25,L001,M001,夜班,81,8,0,0.9205
A001827,P001827,2026-04-25,L002,M004,白班,73,8,9,1.0
A001828,P001828,2026-04-25,L002,M003,夜班,72,8,19,0.96
A001829,P001829,2026-04-25,L003,M004,白班,67,8,31,0.9306
A001830,P001830,2026-04-25,L003,M004,夜班,61,8,56,0.9104
A001831,P001831,2026-04-25,L004,M001,白班,55,8,30,0.9649
A001832,P001832,2026-04-25,L004,M002,夜班,57,8,20,0.9661
A001833,P001833,2026-04-25,L005,M005,白班,48,8,20,1.0
A001834,P001834,2026-04-25,L005,M005,夜班,48,8,31,1.0213
A001835,P001835,2026-04-25,L006,M005,白班,46,8,17,1.0222
A001836,P001836,2026-04-25,L006,M006,夜班,46,8,27,1.0
A001837,P001837,2026-04-25,L007,M008,白班,45,8,25,0.9574
A001838,P001838,2026-04-25,L007,M008,夜班,46,8,24,0.9583
A001839,P001839,2026-04-25,L008,M008,白班,67,8,30,0.9437
A001840,P001840,2026-04-25,L008,M006,夜班,59,8,2,0.9516
A001841,P001841,2026-04-26,L001,M001,白班,51,8,31,0.9107
A001842,P001842,2026-04-26,L001,M002,夜班,61,8,16,0.9104
A001843,P001843,2026-04-26,L002,M004,白班,56,8,8,0.9492
A001844,P001844,2026-04-26,L002,M003,夜班,56,8,35,1.0
A001845,P001845,2026-04-26,L003,M004,白班,43,8,29,0.9348
A001846,P001846,2026-04-26,L003,M003,夜班,49,8,37,0.9074
A001847,P001847,2026-04-26,L004,M001,白班,43,8,35,0.9149
A001848,P001848,2026-04-26,L004,M002,夜班,48,8,18,0.9412
A001849,P001849,2026-04-26,L005,M005,白班,36,8,23,0.973
A001850,P001850,2026-04-26,L005,M005,夜班,42,8,15,1.0
A001851,P001851,2026-04-26,L006,M005,白班,35,8,20,1.0
A001852,P001852,2026-04-26,L006,M005,夜班,38,8,16,1.027
A001853,P001853,2026-04-26,L007,M007,白班,37,8,21,0.9737
A001854,P001854,2026-04-26,L007,M007,夜班,34,8,25,0.9444
A001855,P001855,2026-04-26,L008,M004,白班,51,8,15,1.0
A001856,P001856,2026-04-26,L008,M001,夜班,57,8,16,0.9828
A001857,P001857,2026-04-27,L001,M002,白班,92,8,8,0.9892
A001858,P001858,2026-04-27,L001,M002,夜班,78,8,18,0.9286
A001859,P001859,2026-04-27,L002,M003,白班,73,8,21,0.9359
A001860,P001860,2026-04-27,L002,M003,夜班,83,8,17,1.0247
A001861,P001861,2026-04-27,L003,M003,白班,67,8,31,0.971
A001862,P001862,2026-04-27,L003,M004,夜班,59,8,48,0.8551
A001863,P001863,2026-04-27,L004,M002,白班,72,8,15,0.96
A001864,P001864,2026-04-27,L004,M002,夜班,61,8,3,0.9531
A001865,P001865,2026-04-27,L005,M005,白班,57,8,4,0.9828
A001866,P001866,2026-04-27,L005,M005,夜班,54,8,27,1.0
A001867,P001867,2026-04-27,L006,M005,白班,53,8,9,0.9298
A001868,P001868,2026-04-27,L006,M005,夜班,50,8,14,0.9259
A001869,P001869,2026-04-27,L007,M008,白班,48,8,0,0.9796
A001870,P001870,2026-04-27,L007,M008,夜班,47,8,4,1.0
A001871,P001871,2026-04-27,L008,M002,白班,65,8,4,0.942
A001872,P001872,2026-04-27,L008,M003,夜班,82,8,0,1.0123
A001873,P001873,2026-04-28,L001,M002,白班,86,8,12,1.0118
A001874,P001874,2026-04-28,L001,M001,夜班,73,8,7,0.9359
A001875,P001875,2026-04-28,L002,M003,白班,87,8,35,1.0116
A001876,P001876,2026-04-28,L002,M004,夜班,74,8,32,1.0278
A001877,P001877,2026-04-28,L003,M003,白班,71,8,14,0.9221
A001878,P001878,2026-04-28,L003,M003,夜班,63,8,47,0.875
A001879,P001879,2026-04-28,L004,M002,白班,74,8,9,0.9867
A001880,P001880,2026-04-28,L004,M001,夜班,70,8,27,0.9333
A001881,P001881,2026-04-28,L005,M005,白班,56,8,16,0.918
A001882,P001882,2026-04-28,L005,M005,夜班,57,8,30,0.9344
A001883,P001883,2026-04-28,L006,M006,白班,51,8,24,0.9273
A001884,P001884,2026-04-28,L006,M006,夜班,53,8,19,0.9815
A001885,P001885,2026-04-28,L007,M007,白班,53,8,24,1.0
A001886,P001886,2026-04-28,L007,M008,夜班,51,8,16,0.9273
A001887,P001887,2026-04-28,L008,M004,白班,71,8,12,0.9861
A001888,P001888,2026-04-28,L008,M007,夜班,78,8,26,0.963
A001889,P001889,2026-04-29,L001,M002,白班,87,8,19,0.9158
A001890,P001890,2026-04-29,L001,M001,夜班,86,8,5,0.9247
A001891,P001891,2026-04-29,L002,M003,白班,83,8,30,1.0247
A001892,P001892,2026-04-29,L002,M003,夜班,82,8,20,0.9535
A001893,P001893,2026-04-29,L003,M003,白班,68,8,33,0.9189
A001894,P001894,2026-04-29,L003,M004,夜班,63,8,69,0.8077
A001895,P001895,2026-04-29,L004,M002,白班,68,8,24,1.0303
A001896,P001896,2026-04-29,L004,M001,夜班,73,8,17,1.0
A001897,P001897,2026-04-29,L005,M005,白班,57,8,18,0.9661
A001898,P001898,2026-04-29,L005,M005,夜班,50,8,7,0.9615
A001899,P001899,2026-04-29,L006,M005,白班,57,8,19,0.95
A001900,P001900,2026-04-29,L006,M005,夜班,57,8,28,0.9344
A001901,P001901,2026-04-29,L007,M007,白班,56,8,12,1.0182
A001902,P001902,2026-04-29,L007,M008,夜班,43,8,26,0.9773
A001903,P001903,2026-04-29,L008,M006,白班,70,8,35,0.9333
A001904,P001904,2026-04-29,L008,M004,夜班,69,8,20,1.0
A001905,P001905,2026-04-30,L001,M002,白班,84,8,24,0.9655
A001906,P001906,2026-04-30,L001,M002,夜班,92,8,25,0.9485
A001907,P001907,2026-04-30,L002,M003,白班,73,8,29,0.9733
A001908,P001908,2026-04-30,L002,M004,夜班,73,8,22,0.9481
A001909,P001909,2026-04-30,L003,M004,白班,79,8,30,1.0128
A001910,P001910,2026-04-30,L003,M003,夜班,66,8,54,0.9296
A001911,P001911,2026-04-30,L004,M002,白班,56,8,17,0.9333
A001912,P001912,2026-04-30,L004,M001,夜班,67,8,34,1.0
A001913,P001913,2026-04-30,L005,M005,白班,57,8,30,1.0
A001914,P001914,2026-04-30,L005,M006,夜班,52,8,24,0.9286
A001915,P001915,2026-04-30,L006,M006,白班,49,8,3,0.9608
A001916,P001916,2026-04-30,L006,M006,夜班,54,8,26,0.9643
A001917,P001917,2026-04-30,L007,M008,白班,52,8,35,0.963
A001918,P001918,2026-04-30,L007,M007,夜班,53,8,32,1.0
A001919,P001919,2026-04-30,L008,M002,白班,75,8,37,0.9146
A001920,P001920,2026-04-30,L008,M001,夜班,75,8,42,0.9868
A001921,P001921,2026-05-01,L001,M002,白班,81,8,23,0.9759
A001922,P001922,2026-05-01,L001,M001,夜班,79,8,27,1.0128
A001923,P001923,2026-05-01,L002,M003,白班,70,8,23,0.9722
A001924,P001924,2026-05-01,L002,M003,夜班,71,8,16,0.9861
A001925,P001925,2026-05-01,L003,M003,白班,64,8,33,0.9697
A001926,P001926,2026-05-01,L003,M003,夜班,54,8,51,0.8182
A001927,P001927,2026-05-01,L004,M002,白班,56,8,13,0.918
A001928,P001928,2026-05-01,L004,M001,夜班,71,8,31,1.0
A001929,P001929,2026-05-01,L005,M006,白班,52,8,31,0.963
A001930,P001930,2026-05-01,L005,M005,夜班,61,8,36,1.0167
A001931,P001931,2026-05-01,L006,M006,白班,47,8,16,1.0
A001932,P001932,2026-05-01,L006,M006,夜班,47,8,9,0.9792
A001933,P001933,2026-05-01,L007,M007,白班,41,8,7,1.0
A001934,P001934,2026-05-01,L007,M007,夜班,40,8,18,0.9524
A001935,P001935,2026-05-01,L008,M002,白班,73,8,22,0.9865
A001936,P001936,2026-05-01,L008,M001,夜班,69,8,32,1.0299
A001937,P001937,2026-05-02,L001,M002,白班,66,8,13,0.9565
A001938,P001938,2026-05-02,L001,M001,夜班,78,8,28,0.9512
A001939,P001939,2026-05-02,L002,M003,白班,73,8,0,0.9865
A001940,P001940,2026-05-02,L002,M003,夜班,59,8,50,0.9365
A001941,P001941,2026-05-02,L003,M004,白班,67,8,11,0.9853
A001942,P001942,2026-05-02,L003,M003,夜班,45,8,55,0.8036
A001943,P001943,2026-05-02,L004,M002,白班,52,8,0,0.963
A001944,P001944,2026-05-02,L004,M001,夜班,56,8,28,0.918
A001945,P001945,2026-05-02,L005,M005,白班,45,8,20,0.9184
A001946,P001946,2026-05-02,L005,M006,夜班,52,8,1,0.963
A001947,P001947,2026-05-02,L006,M005,白班,42,8,11,0.9333
A001948,P001948,2026-05-02,L006,M005,夜班,38,8,0,0.9268
A001949,P001949,2026-05-02,L007,M007,白班,35,8,30,0.9211
A001950,P001950,2026-05-02,L007,M008,夜班,41,8,17,0.9318
A001951,P001951,2026-05-02,L008,M002,白班,55,8,0,0.9483
A001952,P001952,2026-05-02,L008,M005,夜班,68,8,7,0.9315
A001953,P001953,2026-05-03,L001,M002,白班,60,8,13,0.9231
A001954,P001954,2026-05-03,L001,M001,夜班,53,8,16,0.9815
A001955,P001955,2026-05-03,L002,M003,白班,49,8,28,0.9245
A001956,P001956,2026-05-03,L002,M003,夜班,55,8,15,1.0
A001957,P001957,2026-05-03,L003,M003,白班,51,8,29,1.02
A001958,P001958,2026-05-03,L003,M004,夜班,43,8,61,0.8269
A001959,P001959,2026-05-03,L004,M002,白班,49,8,20,1.0
A001960,P001960,2026-05-03,L004,M001,夜班,43,8,21,1.0
A001961,P001961,2026-05-03,L005,M006,白班,37,8,28,0.925
A001962,P001962,2026-05-03,L005,M006,夜班,35,8,27,0.9722
A001963,P001963,2026-05-03,L006,M006,白班,35,8,18,1.0
A001964,P001964,2026-05-03,L006,M006,夜班,37,8,37,0.9737
A001965,P001965,2026-05-03,L007,M008,白班,30,8,18,1.0
A001966,P001966,2026-05-03,L007,M007,夜班,35,8,13,1.0
A001967,P001967,2026-05-03,L008,M002,白班,51,8,36,0.9623
A001968,P001968,2026-05-03,L008,M007,夜班,53,8,15,1.0
A001969,P001969,2026-05-04,L001,M002,白班,88,8,18,0.967
A001970,P001970,2026-05-04,L001,M001,夜班,82,8,14,1.0123
A001971,P001971,2026-05-04,L002,M003,白班,60,8,30,0.9091
A001972,P001972,2026-05-04,L002,M004,夜班,66,8,15,1.0
A001973,P001973,2026-05-04,L003,M003,白班,78,8,37,1.0263
A001974,P001974,2026-05-04,L003,M003,夜班,71,8,60,0.9342
A001975,P001975,2026-05-04,L004,M001,白班,71,8,6,1.0
A001976,P001976,2026-05-04,L004,M002,夜班,59,8,2,0.9219
A001977,P001977,2026-05-04,L005,M006,白班,51,8,1,1.0
A001978,P001978,2026-05-04,L005,M006,夜班,55,8,5,1.0
A001979,P001979,2026-05-04,L006,M006,白班,50,8,19,0.9804
A001980,P001980,2026-05-04,L006,M006,夜班,49,8,8,0.9608
A001981,P001981,2026-05-04,L007,M007,白班,50,8,16,1.0204
A001982,P001982,2026-05-04,L007,M008,夜班,42,8,33,0.9545
A001983,P001983,2026-05-04,L008,M005,白班,66,8,33,1.0154
A001984,P001984,2026-05-04,L008,M001,夜班,78,8,1,1.013
A001985,P001985,2026-05-05,L001,M001,白班,89,8,25,0.978
A001986,P001986,2026-05-05,L001,M001,夜班,91,8,13,0.9891
A001987,P001987,2026-05-05,L002,M004,白班,79,8,26,1.0
A001988,P001988,2026-05-05,L002,M003,夜班,77,8,13,1.0132
A001989,P001989,2026-05-05,L003,M003,白班,60,8,10,0.9231
A001990,P001990,2026-05-05,L003,M003,夜班,55,8,29,0.873
A001991,P001991,2026-05-05,L004,M002,白班,63,8,9,0.913
A001992,P001992,2026-05-05,L004,M001,夜班,66,8,0,1.0
A001993,P001993,2026-05-05,L005,M006,白班,51,8,22,1.0
A001994,P001994,2026-05-05,L005,M005,夜班,45,8,5,0.9375
A001995,P001995,2026-05-05,L006,M006,白班,42,8,30,0.913
A001996,P001996,2026-05-05,L006,M006,夜班,53,8,44,0.9815
A001997,P001997,2026-05-05,L007,M008,白班,42,8,35,0.9767
A001998,P001998,2026-05-05,L007,M007,夜班,42,8,24,1.0
A001999,P001999,2026-05-05,L008,M001,白班,76,8,31,1.0
A002000,P002000,2026-05-05,L008,M002,夜班,68,8,16,0.9315
A002001,P002001,2026-05-06,L001,M002,白班,85,8,26,1.0
A002002,P002002,2026-05-06,L001,M001,夜班,89,8,6,0.957
A002003,P002003,2026-05-06,L002,M003,白班,72,8,5,1.0
A002004,P002004,2026-05-06,L002,M004,夜班,78,8,2,1.013
A002005,P002005,2026-05-06,L003,M003,白班,65,8,35,0.942
A002006,P002006,2026-05-06,L003,M003,夜班,60,8,52,0.8
A002007,P002007,2026-05-06,L004,M001,白班,70,8,11,1.0
A002008,P002008,2026-05-06,L004,M001,夜班,70,8,17,1.0294
A002009,P002009,2026-05-06,L005,M005,白班,51,8,31,0.9273
A002010,P002010,2026-05-06,L005,M005,夜班,46,8,24,0.9787
A002011,P002011,2026-05-06,L006,M005,白班,52,8,30,1.0196
A002012,P002012,2026-05-06,L006,M006,夜班,55,8,22,1.0185
A002013,P002013,2026-05-06,L007,M007,白班,43,8,22,0.9348
A002014,P002014,2026-05-06,L007,M008,夜班,44,8,13,0.9167
A002015,P002015,2026-05-06,L008,M002,白班,66,8,11,0.9706
A002016,P002016,2026-05-06,L008,M007,夜班,72,8,36,0.973
A002017,P002017,2026-05-07,L001,M002,白班,70,8,22,0.9333
A002018,P002018,2026-05-07,L001,M002,夜班,79,8,21,0.9518
A002019,P002019,2026-05-07,L002,M004,白班,74,8,23,0.9867
A002020,P002020,2026-05-07,L002,M004,夜班,62,8,35,0.9538
A002021,P002021,2026-05-07,L003,M004,白班,67,8,3,0.9437
A002022,P002022,2026-05-07,L003,M004,夜班,52,8,75,0.8254
A002023,P002023,2026-05-07,L004,M002,白班,53,8,35,0.9464
A002024,P002024,2026-05-07,L004,M002,夜班,57,8,40,1.0179
A002025,P002025,2026-05-07,L005,M005,白班,52,8,35,1.0196
A002026,P002026,2026-05-07,L005,M005,夜班,51,8,11,0.9273
A002027,P002027,2026-05-07,L006,M006,白班,59,8,23,1.0172
A002028,P002028,2026-05-07,L006,M005,夜班,51,8,31,0.9623
A002029,P002029,2026-05-07,L007,M007,白班,43,8,13,0.9149
A002030,P002030,2026-05-07,L007,M007,夜班,40,8,17,0.9091
A002031,P002031,2026-05-07,L008,M006,白班,75,8,6,0.9615
A002032,P002032,2026-05-07,L008,M002,夜班,84,8,6,1.0244
A002033,P002033,2026-05-08,L001,M002,白班,79,8,11,0.9875
A002034,P002034,2026-05-08,L001,M002,夜班,72,8,16,0.9474
A002035,P002035,2026-05-08,L002,M003,白班,80,8,37,0.9756
A002036,P002036,2026-05-08,L002,M003,夜班,80,8,1,1.0
A002037,P002037,2026-05-08,L003,M003,白班,58,8,16,0.9206
A002038,P002038,2026-05-08,L003,M003,夜班,56,8,64,0.8235
A002039,P002039,2026-05-08,L004,M002,白班,63,8,24,0.9692
A002040,P002040,2026-05-08,L004,M002,夜班,58,8,20,0.9508
A002041,P002041,2026-05-08,L005,M006,白班,56,8,16,0.9655
A002042,P002042,2026-05-08,L005,M005,夜班,56,8,9,0.9492
A002043,P002043,2026-05-08,L006,M005,白班,51,8,23,0.9623
A002044,P002044,2026-05-08,L006,M005,夜班,48,8,21,0.9057
A002045,P002045,2026-05-08,L007,M008,白班,39,8,18,0.9286
A002046,P002046,2026-05-08,L007,M008,夜班,47,8,23,1.0
A002047,P002047,2026-05-08,L008,M004,白班,77,8,18,0.9506
A002048,P002048,2026-05-08,L008,M004,夜班,70,8,7,0.9333
A002049,P002049,2026-05-09,L001,M001,白班,68,8,13,1.0
A002050,P002050,2026-05-09,L001,M002,夜班,75,8,16,0.9868
A002051,P002051,2026-05-09,L002,M004,白班,58,8,26,0.9206
A002052,P002052,2026-05-09,L002,M004,夜班,58,8,15,0.9355
A002053,P002053,2026-05-09,L003,M003,白班,68,8,0,1.0149
A002054,P002054,2026-05-09,L003,M004,夜班,61,8,48,0.9104
A002055,P002055,2026-05-09,L004,M001,白班,60,8,16,0.9836
A002056,P002056,2026-05-09,L004,M002,夜班,52,8,39,0.9811
A002057,P002057,2026-05-09,L005,M005,白班,50,8,24,0.9804
A002058,P002058,2026-05-09,L005,M006,夜班,45,8,26,1.0
A002059,P002059,2026-05-09,L006,M006,白班,46,8,33,1.0
A002060,P002060,2026-05-09,L006,M006,夜班,46,8,14,0.9787
A002061,P002061,2026-05-09,L007,M008,白班,41,8,19,0.9535
A002062,P002062,2026-05-09,L007,M007,夜班,40,8,9,0.9524
A002063,P002063,2026-05-09,L008,M005,白班,60,8,26,0.9836
A002064,P002064,2026-05-09,L008,M003,夜班,63,8,23,0.913
A002065,P002065,2026-05-10,L001,M002,白班,60,8,35,1.0169
A002066,P002066,2026-05-10,L001,M002,夜班,60,8,0,0.9375
A002067,P002067,2026-05-10,L002,M003,白班,44,8,4,0.9778
A002068,P002068,2026-05-10,L002,M003,夜班,47,8,31,0.94
A002069,P002069,2026-05-10,L003,M004,白班,41,8,1,0.9111
A002070,P002070,2026-05-10,L003,M004,夜班,32,8,32,0.7619
A002071,P002071,2026-05-10,L004,M002,白班,40,8,16,0.9091
A002072,P002072,2026-05-10,L004,M002,夜班,44,8,28,0.9565
A002073,P002073,2026-05-10,L005,M006,白班,36,8,30,0.9474
A002074,P002074,2026-05-10,L005,M006,夜班,39,8,17,0.9512
A002075,P002075,2026-05-10,L006,M005,白班,31,8,21,0.9688
A002076,P002076,2026-05-10,L006,M006,夜班,40,8,35,1.0
A002077,P002077,2026-05-10,L007,M007,白班,30,8,32,0.9677
A002078,P002078,2026-05-10,L007,M008,夜班,29,8,8,1.0
A002079,P002079,2026-05-10,L008,M003,白班,50,8,15,0.9615
A002080,P002080,2026-05-10,L008,M001,夜班,54,8,14,0.9818
A002081,P002081,2026-05-11,L001,M001,白班,86,8,13,1.0118
A002082,P002082,2026-05-11,L001,M002,夜班,70,8,17,0.9589
A002083,P002083,2026-05-11,L002,M004,白班,67,8,24,0.9437
A002084,P002084,2026-05-11,L002,M003,夜班,70,8,21,0.9859
A002085,P002085,2026-05-11,L003,M004,白班,57,8,14,0.9194
A002086,P002086,2026-05-11,L003,M004,夜班,60,8,48,0.8219
A002087,P002087,2026-05-11,L004,M001,白班,67,8,11,0.9571
A002088,P002088,2026-05-11,L004,M002,夜班,54,8,31,0.9153
A002089,P002089,2026-05-11,L005,M005,白班,50,8,30,1.0
A002090,P002090,2026-05-11,L005,M005,夜班,49,8,4,0.98
A002091,P002091,2026-05-11,L006,M006,白班,57,8,33,1.0179
A002092,P002092,2026-05-11,L006,M005,夜班,45,8,10,0.9184
A002093,P002093,2026-05-11,L007,M007,白班,50,8,14,0.9615
A002094,P002094,2026-05-11,L007,M008,夜班,45,8,32,1.0
A002095,P002095,2026-05-11,L008,M002,白班,80,8,29,1.0256
A002096,P002096,2026-05-11,L008,M006,夜班,83,8,22,1.0122
A002097,P002097,2026-05-12,L001,M002,白班,80,8,38,0.9412
A002098,P002098,2026-05-12,L001,M001,夜班,81,8,34,0.9878
A002099,P002099,2026-05-12,L002,M003,白班,71,8,27,0.9103
A002100,P002100,2026-05-12,L002,M004,夜班,77,8,15,0.9747
A002101,P002101,2026-05-12,L003,M004,白班,74,8,20,0.9737
A002102,P002102,2026-05-12,L003,M004,夜班,55,8,54,0.9016
A002103,P002103,2026-05-12,L004,M001,白班,56,8,21,0.918
A002104,P002104,2026-05-12,L004,M001,夜班,58,8,22,0.9355
A002105,P002105,2026-05-12,L005,M005,白班,57,8,16,1.0364
A002106,P002106,2026-05-12,L005,M006,夜班,57,8,23,0.9661
A002107,P002107,2026-05-12,L006,M005,白班,45,8,27,0.9574
A002108,P002108,2026-05-12,L006,M006,夜班,47,8,19,0.9592
A002109,P002109,2026-05-12,L007,M007,白班,46,8,17,1.0222
A002110,P002110,2026-05-12,L007,M008,夜班,44,8,19,0.9362
A002111,P002111,2026-05-12,L008,M001,白班,75,8,28,0.9615
A002112,P002112,2026-05-12,L008,M004,夜班,75,8,40,0.9494
A002113,P002113,2026-05-13,L001,M001,白班,71,8,5,0.9467
A002114,P002114,2026-05-13,L001,M001,夜班,82,8,8,0.9762
A002115,P002115,2026-05-13,L002,M003,白班,71,8,0,0.9595
A002116,P002116,2026-05-13,L002,M003,夜班,73,8,37,0.9359
A002117,P002117,2026-05-13,L003,M004,白班,76,8,7,1.027
A002118,P002118,2026-05-13,L003,M004,夜班,55,8,55,0.7746
A002119,P002119,2026-05-13,L004,M001,白班,68,8,8,1.0149
A002120,P002120,2026-05-13,L004,M002,夜班,56,8,20,1.0
A002121,P002121,2026-05-13,L005,M005,白班,46,8,7,0.9583
A002122,P002122,2026-05-13,L005,M006,夜班,58,8,12,1.0
A002123,P002123,2026-05-13,L006,M005,白班,51,8,18,1.0
A002124,P002124,2026-05-13,L006,M006,夜班,46,8,6,0.92
A002125,P002125,2026-05-13,L007,M008,白班,52,8,30,1.0
A002126,P002126,2026-05-13,L007,M007,夜班,40,8,32,0.9302
A002127,P002127,2026-05-13,L008,M008,白班,67,8,18,0.9571
A002128,P002128,2026-05-13,L008,M008,夜班,67,8,2,1.0
A002129,P002129,2026-05-14,L001,M002,白班,83,8,12,1.0
A002130,P002130,2026-05-14,L001,M001,夜班,74,8,28,0.9867
A002131,P002131,2026-05-14,L002,M004,白班,74,8,27,0.961
A002132,P002132,2026-05-14,L002,M003,夜班,74,8,23,1.0137
A002133,P002133,2026-05-14,L003,M004,白班,63,8,33,0.913
A002134,P002134,2026-05-14,L003,M004,夜班,70,8,45,0.9211
A002135,P002135,2026-05-14,L004,M001,白班,67,8,36,0.9571
A002136,P002136,2026-05-14,L004,M002,夜班,68,8,3,0.9577
A002137,P002137,2026-05-14,L005,M006,白班,49,8,0,1.0208
A002138,P002138,2026-05-14,L005,M006,夜班,50,8,30,0.9615
A002139,P002139,2026-05-14,L006,M005,白班,54,8,18,0.9643
A002140,P002140,2026-05-14,L006,M006,夜班,45,8,22,0.9184
A002141,P002141,2026-05-14,L007,M008,白班,46,8,21,1.0
A002142,P002142,2026-05-14,L007,M008,夜班,43,8,37,1.0238
A002143,P002143,2026-05-14,L008,M002,白班,70,8,28,1.0145
A002144,P002144,2026-05-14,L008,M004,夜班,74,8,32,0.961
A002145,P002145,2026-05-15,L001,M002,白班,84,8,12,0.9231
A002146,P002146,2026-05-15,L001,M001,夜班,84,8,29,0.9333
A002147,P002147,2026-05-15,L002,M004,白班,70,8,6,0.9333
A002148,P002148,2026-05-15,L002,M003,夜班,63,8,29,0.913
A002149,P002149,2026-05-15,L003,M004,白班,75,8,32,1.0
A002150,P002150,2026-05-15,L003,M004,夜班,52,8,55,0.8125
A002151,P002151,2026-05-15,L004,M002,白班,66,8,17,0.9851
A002152,P002152,2026-05-15,L004,M002,夜班,64,8,15,0.9846
A002153,P002153,2026-05-15,L005,M005,白班,50,8,36,0.9259
A002154,P002154,2026-05-15,L005,M006,夜班,57,8,26,1.0
A002155,P002155,2026-05-15,L006,M005,白班,45,8,16,0.9783
A002156,P002156,2026-05-15,L006,M005,夜班,48,8,0,0.9231
A002157,P002157,2026-05-15,L007,M008,白班,44,8,23,1.0233
A002158,P002158,2026-05-15,L007,M007,夜班,42,8,33,0.913
A002159,P002159,2026-05-15,L008,M001,白班,69,8,15,0.9079
A002160,P002160,2026-05-15,L008,M002,夜班,63,8,29,0.9545
A002161,P002161,2026-05-16,L001,M002,白班,75,8,47,0.9494
A002162,P002162,2026-05-16,L001,M001,夜班,76,8,12,0.9157
A002163,P002163,2026-05-16,L002,M003,白班,59,8,8,0.9672
A002164,P002164,2026-05-16,L002,M004,夜班,68,8,22,0.9714
A002165,P002165,2026-05-16,L003,M004,白班,58,8,30,0.9062
A002166,P002166,2026-05-16,L003,M003,夜班,59,8,70,0.8551
A002167,P002167,2026-05-16,L004,M002,白班,61,8,14,1.0339
A002168,P002168,2026-05-16,L004,M001,夜班,57,8,11,1.0179
A002169,P002169,2026-05-16,L005,M006,白班,43,8,14,0.9773
A002170,P002170,2026-05-16,L005,M005,夜班,47,8,8,0.9792
A002171,P002171,2026-05-16,L006,M006,白班,46,8,12,1.0
A002172,P002172,2026-05-16,L006,M005,夜班,48,8,19,0.9412
A002173,P002173,2026-05-16,L007,M008,白班,39,8,34,0.9512
A002174,P002174,2026-05-16,L007,M008,夜班,39,8,11,0.975
A002175,P002175,2026-05-16,L008,M005,白班,61,8,0,1.0167
A002176,P002176,2026-05-16,L008,M001,夜班,58,8,17,0.9355
A002177,P002177,2026-05-17,L001,M002,白班,51,8,24,0.9808
A002178,P002178,2026-05-17,L001,M002,夜班,61,8,14,0.9683
A002179,P002179,2026-05-17,L002,M004,白班,45,8,26,0.9783
A002180,P002180,2026-05-17,L002,M003,夜班,51,8,15,0.9273
A002181,P002181,2026-05-17,L003,M003,白班,53,8,17,1.0
A002182,P002182,2026-05-17,L003,M003,夜班,40,8,47,0.8333
A002183,P002183,2026-05-17,L004,M001,白班,39,8,21,0.975
A002184,P002184,2026-05-17,L004,M002,夜班,49,8,22,1.0208
A002185,P002185,2026-05-17,L005,M006,白班,37,8,9,0.9024
A002186,P002186,2026-05-17,L005,M005,夜班,35,8,15,0.9211
A002187,P002187,2026-05-17,L006,M006,白班,33,8,24,1.0312
A002188,P002188,2026-05-17,L006,M006,夜班,35,8,13,0.9211
A002189,P002189,2026-05-17,L007,M008,白班,27,8,18,0.931
A002190,P002190,2026-05-17,L007,M008,夜班,34,8,0,0.9444
A002191,P002191,2026-05-17,L008,M007,白班,53,8,21,0.9636
A002192,P002192,2026-05-17,L008,M001,夜班,49,8,38,0.9423
A002193,P002193,2026-05-18,L001,M002,白班,93,8,29,1.022
A002194,P002194,2026-05-18,L001,M001,夜班,74,8,40,1.0
A002195,P002195,2026-05-18,L002,M003,白班,77,8,11,0.9506
A002196,P002196,2026-05-18,L002,M003,夜班,59,8,21,0.9077
A002197,P002197,2026-05-18,L003,M003,白班,63,8,36,0.9403
A002198,P002198,2026-05-18,L003,M004,夜班,61,8,40,0.7922
A002199,P002199,2026-05-18,L004,M002,白班,65,8,29,1.0317
A002200,P002200,2026-05-18,L004,M002,夜班,68,8,11,1.0
A002201,P002201,2026-05-18,L005,M006,白班,56,8,16,0.9333
A002202,P002202,2026-05-18,L005,M005,夜班,54,8,10,0.9643
A002203,P002203,2026-05-18,L006,M005,白班,51,8,8,1.02
A002204,P002204,2026-05-18,L006,M005,夜班,45,8,35,0.9574
A002205,P002205,2026-05-18,L007,M008,白班,50,8,47,1.0
A002206,P002206,2026-05-18,L007,M007,夜班,49,8,19,1.0
A002207,P002207,2026-05-18,L008,M004,白班,76,8,22,0.95
A002208,P002208,2026-05-18,L008,M007,夜班,64,8,11,0.9846
A002209,P002209,2026-05-19,L001,M002,白班,75,8,16,0.9375
A002210,P002210,2026-05-19,L001,M002,夜班,80,8,36,1.0127
A002211,P002211,2026-05-19,L002,M004,白班,78,8,0,0.9512
A002212,P002212,2026-05-19,L002,M003,夜班,74,8,23,0.9487
A002213,P002213,2026-05-19,L003,M003,白班,68,8,37,0.9714
A002214,P002214,2026-05-19,L003,M003,夜班,55,8,62,0.8088
A002215,P002215,2026-05-19,L004,M002,白班,54,8,33,0.9643
A002216,P002216,2026-05-19,L004,M002,夜班,65,8,15,0.9701
A002217,P002217,2026-05-19,L005,M005,白班,56,8,23,0.9825
A002218,P002218,2026-05-19,L005,M005,夜班,49,8,43,1.0208
A002219,P002219,2026-05-19,L006,M006,白班,48,8,29,0.9231
A002220,P002220,2026-05-19,L006,M006,夜班,47,8,15,0.9792
A002221,P002221,2026-05-19,L007,M007,白班,47,8,20,0.9592
A002222,P002222,2026-05-19,L007,M008,夜班,41,8,21,0.9535
A002223,P002223,2026-05-19,L008,M008,白班,80,8,16,0.9877
A002224,P002224,2026-05-19,L008,M006,夜班,70,8,17,0.9722
A002225,P002225,2026-05-20,L001,M001,白班,71,8,36,0.9726
A002226,P002226,2026-05-20,L001,M001,夜班,89,8,19,0.957
A002227,P002227,2026-05-20,L002,M004,白班,72,8,32,0.96
A002228,P002228,2026-05-20,L002,M003,夜班,75,8,27,0.9615
A002229,P002229,2026-05-20,L003,M004,白班,60,8,37,0.9524
A002230,P002230,2026-05-20,L003,M003,夜班,57,8,37,0.8636
A002231,P002231,2026-05-20,L004,M001,白班,56,8,54,0.9333
A002232,P002232,2026-05-20,L004,M002,夜班,68,8,22,1.0149
A002233,P002233,2026-05-20,L005,M006,白班,51,8,13,0.9808
A002234,P002234,2026-05-20,L005,M005,夜班,51,8,35,0.9808
A002235,P002235,2026-05-20,L006,M005,白班,47,8,21,1.0
A002236,P002236,2026-05-20,L006,M005,夜班,50,8,17,1.0204
A002237,P002237,2026-05-20,L007,M007,白班,45,8,23,0.9783
A002238,P002238,2026-05-20,L007,M008,夜班,51,8,30,1.02
A002239,P002239,2026-05-20,L008,M002,白班,66,8,9,1.0154
A002240,P002240,2026-05-20,L008,M006,夜班,71,8,28,0.9595
A002241,P002241,2026-05-21,L001,M001,白班,70,8,33,0.9211
A002242,P002242,2026-05-21,L001,M002,夜班,91,8,12,1.0225
A002243,P002243,2026-05-21,L002,M003,白班,76,8,31,0.962
A002244,P002244,2026-05-21,L002,M004,夜班,67,8,20,0.9306
A002245,P002245,2026-05-21,L003,M003,白班,72,8,20,0.9863
A002246,P002246,2026-05-21,L003,M004,夜班,65,8,71,0.8667
A002247,P002247,2026-05-21,L004,M002,白班,65,8,19,1.0
A002248,P002248,2026-05-21,L004,M001,夜班,62,8,22,0.9394
A002249,P002249,2026-05-21,L005,M006,白班,48,8,25,0.9231
A002250,P002250,2026-05-21,L005,M005,夜班,55,8,15,0.9821
A002251,P002251,2026-05-21,L006,M005,白班,58,8,34,1.0175
A002252,P002252,2026-05-21,L006,M005,夜班,46,8,28,0.9583
A002253,P002253,2026-05-21,L007,M007,白班,44,8,8,0.9565
A002254,P002254,2026-05-21,L007,M008,夜班,40,8,23,0.9302
A002255,P002255,2026-05-21,L008,M003,白班,64,8,30,0.9697
A002256,P002256,2026-05-21,L008,M003,夜班,79,8,31,0.9753
A002257,P002257,2026-05-22,L001,M001,白班,78,8,49,0.9512
A002258,P002258,2026-05-22,L001,M001,夜班,87,8,25,0.9457
A002259,P002259,2026-05-22,L002,M004,白班,69,8,44,0.9718
A002260,P002260,2026-05-22,L002,M003,夜班,78,8,27,0.9512
A002261,P002261,2026-05-22,L003,M004,白班,66,8,20,0.9296
A002262,P002262,2026-05-22,L003,M003,夜班,54,8,30,0.8438
A002263,P002263,2026-05-22,L004,M001,白班,64,8,38,0.9275
A002264,P002264,2026-05-22,L004,M002,夜班,73,8,33,1.0282
A002265,P002265,2026-05-22,L005,M006,白班,51,8,22,0.9623
A002266,P002266,2026-05-22,L005,M005,夜班,57,8,35,1.0
A002267,P002267,2026-05-22,L006,M006,白班,47,8,13,0.9038
A002268,P002268,2026-05-22,L006,M005,夜班,48,8,25,1.0
A002269,P002269,2026-05-22,L007,M007,白班,46,8,26,1.0222
A002270,P002270,2026-05-22,L007,M008,夜班,48,8,28,1.0213
A002271,P002271,2026-05-22,L008,M008,白班,64,8,37,0.9412
A002272,P002272,2026-05-22,L008,M003,夜班,78,8,32,1.013
A002273,P002273,2026-05-23,L001,M002,白班,78,8,28,0.975
A002274,P002274,2026-05-23,L001,M002,夜班,66,8,23,0.9706
A002275,P002275,2026-05-23,L002,M003,白班,68,8,0,0.9444
A002276,P002276,2026-05-23,L002,M003,夜班,55,8,9,0.9322
A002277,P002277,2026-05-23,L003,M004,白班,54,8,34,0.9474
A002278,P002278,2026-05-23,L003,M003,夜班,50,8,60,0.9091
A002279,P002279,2026-05-23,L004,M001,白班,53,8,26,1.0192
A002280,P002280,2026-05-23,L004,M001,夜班,52,8,22,1.0
A002281,P002281,2026-05-23,L005,M006,白班,46,8,18,0.9787
A002282,P002282,2026-05-23,L005,M005,夜班,44,8,28,1.0
A002283,P002283,2026-05-23,L006,M006,白班,46,8,24,1.0222
A002284,P002284,2026-05-23,L006,M005,夜班,40,8,35,0.9756
A002285,P002285,2026-05-23,L007,M007,白班,37,8,19,0.925
A002286,P002286,2026-05-23,L007,M007,夜班,35,8,37,0.9459
A002287,P002287,2026-05-23,L008,M004,白班,60,8,21,0.9677
A002288,P002288,2026-05-23,L008,M001,夜班,67,8,34,0.9853
A002289,P002289,2026-05-24,L001,M001,白班,65,8,17,1.0
A002290,P002290,2026-05-24,L001,M001,夜班,53,8,6,0.9298
A002291,P002291,2026-05-24,L002,M003,白班,44,8,20,0.9778
A002292,P002292,2026-05-24,L002,M004,夜班,49,8,17,0.9423
A002293,P002293,2026-05-24,L003,M004,白班,40,8,6,0.9302
A002294,P002294,2026-05-24,L003,M003,夜班,45,8,65,0.8491
A002295,P002295,2026-05-24,L004,M001,白班,44,8,12,1.0
A002296,P002296,2026-05-24,L004,M002,夜班,44,8,57,0.9362
A002297,P002297,2026-05-24,L005,M006,白班,41,8,10,0.9762
A002298,P002298,2026-05-24,L005,M005,夜班,39,8,25,0.9512
A002299,P002299,2026-05-24,L006,M005,白班,32,8,19,0.9412
A002300,P002300,2026-05-24,L006,M005,夜班,37,8,28,1.0278
A002301,P002301,2026-05-24,L007,M008,白班,28,8,19,0.9032
A002302,P002302,2026-05-24,L007,M008,夜班,29,8,5,0.9667
A002303,P002303,2026-05-24,L008,M007,白班,53,8,12,0.9636
A002304,P002304,2026-05-24,L008,M005,夜班,53,8,19,0.9464
A002305,P002305,2026-05-25,L001,M002,白班,87,8,18,0.956
A002306,P002306,2026-05-25,L001,M001,夜班,82,8,36,0.988
A002307,P002307,2026-05-25,L002,M004,白班,68,8,38,0.9714
A002308,P002308,2026-05-25,L002,M003,夜班,80,8,6,1.0256
A002309,P002309,2026-05-25,L003,M004,白班,65,8,21,0.9701
A002310,P002310,2026-05-25,L003,M004,夜班,56,8,57,0.8358
A002311,P002311,2026-05-25,L004,M001,白班,57,8,29,1.0
A002312,P002312,2026-05-25,L004,M001,夜班,61,8,26,0.9683
A002313,P002313,2026-05-25,L005,M005,白班,59,8,20,1.0
A002314,P002314,2026-05-25,L005,M006,夜班,53,8,17,0.9815
A002315,P002315,2026-05-25,L006,M006,白班,51,8,25,1.0
A002316,P002316,2026-05-25,L006,M006,夜班,51,8,13,0.9444
A002317,P002317,2026-05-25,L007,M007,白班,46,8,16,0.9787
A002318,P002318,2026-05-25,L007,M007,夜班,44,8,17,0.9565
A002319,P002319,2026-05-25,L008,M007,白班,65,8,19,0.9848
A002320,P002320,2026-05-25,L008,M003,夜班,76,8,5,0.987
A002321,P002321,2026-05-26,L001,M002,白班,73,8,0,0.9865
A002322,P002322,2026-05-26,L001,M001,夜班,90,8,24,0.9677
A002323,P002323,2026-05-26,L002,M004,白班,67,8,11,0.971
A002324,P002324,2026-05-26,L002,M003,夜班,71,8,5,0.9467
A002325,P002325,2026-05-26,L003,M004,白班,73,8,5,1.0139
A002326,P002326,2026-05-26,L003,M004,夜班,57,8,44,0.9194
A002327,P002327,2026-05-26,L004,M002,白班,63,8,10,0.9844
A002328,P002328,2026-05-26,L004,M001,夜班,59,8,16,0.9672
A002329,P002329,2026-05-26,L005,M006,白班,44,8,31,0.9167
A002330,P002330,2026-05-26,L005,M006,夜班,56,8,23,0.9825
A002331,P002331,2026-05-26,L006,M005,白班,48,8,20,0.96
A002332,P002332,2026-05-26,L006,M005,夜班,50,8,17,0.9804
A002333,P002333,2026-05-26,L007,M007,白班,41,8,33,0.9318
A002334,P002334,2026-05-26,L007,M007,夜班,51,8,36,1.02
A002335,P002335,2026-05-26,L008,M005,白班,66,8,34,1.0
A002336,P002336,2026-05-26,L008,M001,夜班,78,8,38,1.0263
A002337,P002337,2026-05-27,L001,M002,白班,79,8,14,0.9405
A002338,P002338,2026-05-27,L001,M001,夜班,69,8,35,0.9452
A002339,P002339,2026-05-27,L002,M004,白班,62,8,15,0.9394
A002340,P002340,2026-05-27,L002,M003,夜班,79,8,18,1.0128
A002341,P002341,2026-05-27,L003,M004,白班,73,8,31,1.0282
A002342,P002342,2026-05-27,L003,M004,夜班,63,8,61,0.9
A002343,P002343,2026-05-27,L004,M002,白班,65,8,26,0.9848
A002344,P002344,2026-05-27,L004,M001,夜班,63,8,35,0.9403
A002345,P002345,2026-05-27,L005,M006,白班,46,8,4,0.9388
A002346,P002346,2026-05-27,L005,M006,夜班,51,8,22,1.0
A002347,P002347,2026-05-27,L006,M006,白班,51,8,44,1.02
A002348,P002348,2026-05-27,L006,M005,夜班,50,8,22,0.9804
A002349,P002349,2026-05-27,L007,M008,白班,49,8,24,1.0
A002350,P002350,2026-05-27,L007,M008,夜班,53,8,30,1.0192
A002351,P002351,2026-05-27,L008,M005,白班,74,8,19,0.9367
A002352,P002352,2026-05-27,L008,M008,夜班,79,8,28,0.9753
A002353,P002353,2026-05-28,L001,M002,白班,88,8,30,1.0
A002354,P002354,2026-05-28,L001,M001,夜班,86,8,21,1.0
A002355,P002355,2026-05-28,L002,M004,白班,78,8,30,0.963
A002356,P002356,2026-05-28,L002,M004,夜班,80,8,18,0.9756
A002357,P002357,2026-05-28,L003,M004,白班,65,8,53,1.0
A002358,P002358,2026-05-28,L003,M004,夜班,53,8,46,0.8281
A002359,P002359,2026-05-28,L004,M002,白班,70,8,0,0.9859
A002360,P002360,2026-05-28,L004,M002,夜班,55,8,17,0.9649
A002361,P002361,2026-05-28,L005,M006,白班,54,8,11,0.9474
A002362,P002362,2026-05-28,L005,M006,夜班,54,8,19,1.0
A002363,P002363,2026-05-28,L006,M005,白班,49,8,15,1.0
A002364,P002364,2026-05-28,L006,M005,夜班,46,8,29,0.92
A002365,P002365,2026-05-28,L007,M008,白班,46,8,11,1.0
A002366,P002366,2026-05-28,L007,M008,夜班,46,8,31,0.9787
A002367,P002367,2026-05-28,L008,M004,白班,69,8,22,0.9857
A002368,P002368,2026-05-28,L008,M004,夜班,68,8,34,0.9315
A002369,P002369,2026-05-29,L001,M002,白班,74,8,4,0.9487
A002370,P002370,2026-05-29,L001,M001,夜班,72,8,30,0.9231
A002371,P002371,2026-05-29,L002,M003,白班,76,8,25,0.962
A002372,P002372,2026-05-29,L002,M004,夜班,71,8,21,0.9467
A002373,P002373,2026-05-29,L003,M004,白班,68,8,32,0.9444
A002374,P002374,2026-05-29,L003,M004,夜班,48,8,65,0.7869
A002375,P002375,2026-05-29,L004,M002,白班,61,8,0,1.0
A002376,P002376,2026-05-29,L004,M002,夜班,58,8,11,0.9355
A002377,P002377,2026-05-29,L005,M005,白班,46,8,12,0.9583
A002378,P002378,2026-05-29,L005,M006,夜班,53,8,9,0.9138
A002379,P002379,2026-05-29,L006,M006,白班,44,8,23,0.9565
A002380,P002380,2026-05-29,L006,M005,夜班,52,8,10,0.963
A002381,P002381,2026-05-29,L007,M007,白班,38,8,26,0.9268
A002382,P002382,2026-05-29,L007,M008,夜班,46,8,29,0.9787
A002383,P002383,2026-05-29,L008,M001,白班,69,8,20,0.9857
A002384,P002384,2026-05-29,L008,M001,夜班,72,8,23,0.96
A002385,P002385,2026-05-30,L001,M002,白班,70,8,28,0.9459
A002386,P002386,2026-05-30,L001,M002,夜班,75,8,26,0.9259
A002387,P002387,2026-05-30,L002,M004,白班,57,8,38,0.9344
A002388,P002388,2026-05-30,L002,M004,夜班,59,8,36,0.9219
A002389,P002389,2026-05-30,L003,M003,白班,64,8,31,1.0
A002390,P002390,2026-05-30,L003,M003,夜班,47,8,64,0.7966
A002391,P002391,2026-05-30,L004,M002,白班,50,8,20,0.9259
A002392,P002392,2026-05-30,L004,M001,夜班,46,8,8,0.902
A002393,P002393,2026-05-30,L005,M005,白班,46,8,21,1.0
A002394,P002394,2026-05-30,L005,M006,夜班,47,8,28,0.94
A002395,P002395,2026-05-30,L006,M005,白班,45,8,30,1.0
A002396,P002396,2026-05-30,L006,M006,夜班,43,8,9,0.9773
A002397,P002397,2026-05-30,L007,M008,白班,39,8,15,0.9286
A002398,P002398,2026-05-30,L007,M008,夜班,35,8,38,0.9459
A002399,P002399,2026-05-30,L008,M008,白班,56,8,24,0.918
A002400,P002400,2026-05-30,L008,M001,夜班,60,8,17,0.9375
A002401,P002401,2026-05-31,L001,M002,白班,51,8,36,0.9107
A002402,P002402,2026-05-31,L001,M002,夜班,51,8,34,0.9623
A002403,P002403,2026-05-31,L002,M003,白班,55,8,5,1.0
A002404,P002404,2026-05-31,L002,M003,夜班,52,8,20,1.0
A002405,P002405,2026-05-31,L003,M003,白班,55,8,0,1.0185
A002406,P002406,2026-05-31,L003,M003,夜班,45,8,62,0.8824
A002407,P002407,2026-05-31,L004,M001,白班,42,8,21,1.0
A002408,P002408,2026-05-31,L004,M002,夜班,40,8,40,0.9756
A002409,P002409,2026-05-31,L005,M005,白班,33,8,13,0.9167
A002410,P002410,2026-05-31,L005,M005,夜班,35,8,1,0.9722
A002411,P002411,2026-05-31,L006,M006,白班,37,8,32,1.0
A002412,P002412,2026-05-31,L006,M005,夜班,36,8,31,0.9231
A002413,P002413,2026-05-31,L007,M007,白班,28,8,23,0.9333
A002414,P002414,2026-05-31,L007,M008,夜班,31,8,3,0.9394
A002415,P002415,2026-05-31,L008,M003,白班,43,8,14,0.9348
A002416,P002416,2026-05-31,L008,M008,夜班,53,8,30,1.0
A002417,P002417,2026-06-01,L001,M001,白班,74,8,18,0.9367
A002418,P002418,2026-06-01,L001,M002,夜班,75,8,9,0.9615
A002419,P002419,2026-06-01,L002,M003,白班,71,8,55,0.8452
A002420,P002420,2026-06-01,L002,M003,夜班,65,8,92,0.8784
A002421,P002421,2026-06-01,L003,M003,白班,84,8,40,1.012
A002422,P002422,2026-06-01,L003,M003,夜班,76,8,45,0.8444
A002423,P002423,2026-06-01,L004,M001,白班,59,8,0,0.9516
A002424,P002424,2026-06-01,L004,M002,夜班,61,8,33,0.9531
A002425,P002425,2026-06-01,L005,M005,白班,54,8,25,0.9818
A002426,P002426,2026-06-01,L005,M006,夜班,54,8,19,0.9153
A002427,P002427,2026-06-01,L006,M005,白班,55,8,25,0.9821
A002428,P002428,2026-06-01,L006,M005,夜班,53,8,10,0.9464
A002429,P002429,2026-06-01,L007,M008,白班,51,8,30,0.9808
A002430,P002430,2026-06-01,L007,M007,夜班,49,8,22,0.98
A002431,P002431,2026-06-01,L008,M006,白班,73,8,5,0.9125
A002432,P002432,2026-06-01,L008,M001,夜班,81,8,26,1.0125
A002433,P002433,2026-06-02,L001,M001,白班,81,8,27,0.9878
A002434,P002434,2026-06-02,L001,M001,夜班,84,8,21,0.9655
A002435,P002435,2026-06-02,L002,M004,白班,85,8,34,1.0241
A002436,P002436,2026-06-02,L002,M003,夜班,79,8,72,0.8977
A002437,P002437,2026-06-02,L003,M003,白班,79,8,12,0.9875
A002438,P002438,2026-06-02,L003,M003,夜班,71,8,44,0.7889
A002439,P002439,2026-06-02,L004,M002,白班,60,8,6,0.9524
A002440,P002440,2026-06-02,L004,M002,夜班,69,8,2,0.9583
A002441,P002441,2026-06-02,L005,M006,白班,59,8,27,1.0172
A002442,P002442,2026-06-02,L005,M006,夜班,52,8,11,1.0
A002443,P002443,2026-06-02,L006,M005,白班,46,8,20,0.92
A002444,P002444,2026-06-02,L006,M005,夜班,57,8,27,0.9828
A002445,P002445,2026-06-02,L007,M007,白班,47,8,21,0.9216
A002446,P002446,2026-06-02,L007,M007,夜班,46,8,5,0.9388
A002447,P002447,2026-06-02,L008,M008,白班,79,8,17,0.9634
A002448,P002448,2026-06-02,L008,M001,夜班,73,8,28,0.9125
A002449,P002449,2026-06-03,L001,M001,白班,83,8,20,0.9765
A002450,P002450,2026-06-03,L001,M001,夜班,78,8,24,1.0
A002451,P002451,2026-06-03,L002,M003,白班,68,8,64,0.8193
A002452,P002452,2026-06-03,L002,M003,夜班,71,8,31,0.8554
A002453,P002453,2026-06-03,L003,M003,白班,77,8,34,1.0
A002454,P002454,2026-06-03,L003,M003,夜班,74,8,79,0.881
A002455,P002455,2026-06-03,L004,M002,白班,68,8,24,0.9577
A002456,P002456,2026-06-03,L004,M001,夜班,59,8,25,0.9672
A002457,P002457,2026-06-03,L005,M005,白班,57,8,6,1.0179
A002458,P002458,2026-06-03,L005,M006,夜班,59,8,25,1.0172
A002459,P002459,2026-06-03,L006,M005,白班,54,8,27,0.9818
A002460,P002460,2026-06-03,L006,M005,夜班,56,8,4,0.9333
A002461,P002461,2026-06-03,L007,M008,白班,43,8,23,0.9348
A002462,P002462,2026-06-03,L007,M008,夜班,52,8,30,0.963
A002463,P002463,2026-06-03,L008,M006,白班,77,8,19,0.9506
A002464,P002464,2026-06-03,L008,M007,夜班,67,8,22,0.9571
A002465,P002465,2026-06-04,L001,M001,白班,83,8,17,0.9765
A002466,P002466,2026-06-04,L001,M002,夜班,79,8,14,0.908
A002467,P002467,2026-06-04,L002,M003,白班,72,8,49,0.7826
A002468,P002468,2026-06-04,L002,M003,夜班,65,8,51,0.8667
A002469,P002469,2026-06-04,L003,M004,白班,71,8,11,1.0143
A002470,P002470,2026-06-04,L003,M003,夜班,62,8,36,0.9118
A002471,P002471,2026-06-04,L004,M001,白班,66,8,17,0.9706
A002472,P002472,2026-06-04,L004,M001,夜班,60,8,33,0.9677
A002473,P002473,2026-06-04,L005,M005,白班,55,8,21,0.9821
A002474,P002474,2026-06-04,L005,M005,夜班,54,8,21,1.0
A002475,P002475,2026-06-04,L006,M006,白班,46,8,28,0.92
A002476,P002476,2026-06-04,L006,M006,夜班,58,8,22,0.9508
A002477,P002477,2026-06-04,L007,M008,白班,44,8,16,0.9362
A002478,P002478,2026-06-04,L007,M007,夜班,48,8,11,0.9796
A002479,P002479,2026-06-04,L008,M007,白班,77,8,0,0.9872
A002480,P002480,2026-06-04,L008,M003,夜班,79,8,17,1.0
A002481,P002481,2026-06-05,L001,M001,白班,82,8,33,0.988
A002482,P002482,2026-06-05,L001,M002,夜班,82,8,24,0.9647
A002483,P002483,2026-06-05,L002,M003,白班,70,8,64,0.814
A002484,P002484,2026-06-05,L002,M003,夜班,59,8,66,0.8082
A002485,P002485,2026-06-05,L003,M003,白班,75,8,17,1.0135
A002486,P002486,2026-06-05,L003,M003,夜班,72,8,34,0.9
A002487,P002487,2026-06-05,L004,M002,白班,61,8,15,0.9242
A002488,P002488,2026-06-05,L004,M002,夜班,73,8,7,1.0282
A002489,P002489,2026-06-05,L005,M005,白班,57,8,23,0.9828
A002490,P002490,2026-06-05,L005,M006,夜班,60,8,28,0.9524
A002491,P002491,2026-06-05,L006,M006,白班,52,8,3,0.9455
A002492,P002492,2026-06-05,L006,M005,夜班,50,8,36,1.0
A002493,P002493,2026-06-05,L007,M008,白班,42,8,23,0.913
A002494,P002494,2026-06-05,L007,M007,夜班,45,8,28,0.9783
A002495,P002495,2026-06-05,L008,M001,白班,86,8,9,1.0238
A002496,P002496,2026-06-05,L008,M004,夜班,65,8,12,0.9155
A002497,P002497,2026-06-06,L001,M001,白班,85,8,0,1.0241
A002498,P002498,2026-06-06,L001,M002,夜班,72,8,36,0.96
A002499,P002499,2026-06-06,L002,M003,白班,68,8,91,0.8718
A002500,P002500,2026-06-06,L002,M003,夜班,55,8,71,0.8333
A002501,P002501,2026-06-06,L003,M004,白班,66,8,19,1.0312
A002502,P002502,2026-06-06,L003,M003,夜班,72,8,64,0.878
A002503,P002503,2026-06-06,L004,M001,白班,51,8,32,0.9444
A002504,P002504,2026-06-06,L004,M002,夜班,59,8,3,0.9219
A002505,P002505,2026-06-06,L005,M005,白班,53,8,36,0.9298
A002506,P002506,2026-06-06,L005,M006,夜班,52,8,3,0.963
A002507,P002507,2026-06-06,L006,M005,白班,45,8,32,1.0227
A002508,P002508,2026-06-06,L006,M006,夜班,48,8,21,1.0213
A002509,P002509,2026-06-06,L007,M007,白班,39,8,25,0.975
A002510,P002510,2026-06-06,L007,M007,夜班,40,8,9,1.0
A002511,P002511,2026-06-06,L008,M003,白班,61,8,7,0.9531
A002512,P002512,2026-06-06,L008,M007,夜班,61,8,25,0.9683
A002513,P002513,2026-06-07,L001,M001,白班,62,8,17,0.9394
A002514,P002514,2026-06-07,L001,M001,夜班,70,8,21,1.0294
A002515,P002515,2026-06-07,L002,M004,白班,54,8,32,1.0189
A002516,P002516,2026-06-07,L002,M004,夜班,51,8,10,0.9808
A002517,P002517,2026-06-07,L003,M003,白班,49,8,19,0.9608
A002518,P002518,2026-06-07,L003,M003,夜班,52,8,45,0.9286
A002519,P002519,2026-06-07,L004,M002,白班,44,8,20,1.0
A002520,P002520,2026-06-07,L004,M002,夜班,44,8,40,1.0
A002521,P002521,2026-06-07,L005,M006,白班,41,8,1,1.0
A002522,P002522,2026-06-07,L005,M006,夜班,37,8,0,1.0
A002523,P002523,2026-06-07,L006,M005,白班,39,8,26,0.9286
A002524,P002524,2026-06-07,L006,M006,夜班,40,8,23,1.0
A002525,P002525,2026-06-07,L007,M008,白班,36,8,13,1.0
A002526,P002526,2026-06-07,L007,M008,夜班,32,8,14,1.0
A002527,P002527,2026-06-07,L008,M003,白班,58,8,0,0.9831
A002528,P002528,2026-06-07,L008,M003,夜班,55,8,21,0.9821
A002529,P002529,2026-06-08,L001,M001,白班,85,8,13,1.0119
A002530,P002530,2026-06-08,L001,M001,夜班,97,8,34,1.0
A002531,P002531,2026-06-08,L002,M003,白班,75,8,75,0.8721
A002532,P002532,2026-06-08,L002,M004,夜班,78,8,41,0.9512
A002533,P002533,2026-06-08,L003,M003,白班,90,8,17,1.0
A002534,P002534,2026-06-08,L003,M003,夜班,63,8,44,0.863
A002535,P002535,2026-06-08,L004,M002,白班,61,8,12,0.9683
A002536,P002536,2026-06-08,L004,M001,夜班,66,8,26,0.9565
A002537,P002537,2026-06-08,L005,M005,白班,59,8,43,0.9365
A002538,P002538,2026-06-08,L005,M006,夜班,61,8,14,0.9683
A002539,P002539,2026-06-08,L006,M006,白班,51,8,21,1.02
A002540,P002540,2026-06-08,L006,M006,夜班,53,8,0,0.9636
A002541,P002541,2026-06-08,L007,M007,白班,42,8,4,0.9333
A002542,P002542,2026-06-08,L007,M007,夜班,47,8,22,1.0217
A002543,P002543,2026-06-08,L008,M004,白班,70,8,19,0.9859
A002544,P002544,2026-06-08,L008,M002,夜班,84,8,31,1.012
A002545,P002545,2026-06-09,L001,M002,白班,97,8,22,1.0319
A002546,P002546,2026-06-09,L001,M002,夜班,91,8,20,1.0225
A002547,P002547,2026-06-09,L002,M003,白班,74,8,57,0.9024
A002548,P002548,2026-06-09,L002,M004,夜班,82,8,13,0.9647
A002549,P002549,2026-06-09,L003,M004,白班,80,8,34,0.9877
A002550,P002550,2026-06-09,L003,M003,夜班,55,8,51,0.7746
A002551,P002551,2026-06-09,L004,M001,白班,75,8,40,1.0135
A002552,P002552,2026-06-09,L004,M002,夜班,76,8,24,1.0133
A002553,P002553,2026-06-09,L005,M006,白班,56,8,22,1.0182
A002554,P002554,2026-06-09,L005,M005,夜班,52,8,5,1.0
A002555,P002555,2026-06-09,L006,M005,白班,56,8,29,1.0182
A002556,P002556,2026-06-09,L006,M006,夜班,49,8,32,0.9423
A002557,P002557,2026-06-09,L007,M008,白班,41,8,11,0.9535
A002558,P002558,2026-06-09,L007,M007,夜班,42,8,38,0.9545
A002559,P002559,2026-06-09,L008,M008,白班,82,8,15,0.9647
A002560,P002560,2026-06-09,L008,M008,夜班,76,8,5,0.9383
A002561,P002561,2026-06-10,L001,M002,白班,91,8,32,0.9785
A002562,P002562,2026-06-10,L001,M002,夜班,75,8,2,0.9259
A002563,P002563,2026-06-10,L002,M003,白班,63,8,60,0.8514
A002564,P002564,2026-06-10,L002,M004,夜班,65,8,9,0.9155
A002565,P002565,2026-06-10,L003,M003,白班,78,8,0,0.9398
A002566,P002566,2026-06-10,L003,M003,夜班,63,8,81,0.8514
A002567,P002567,2026-06-10,L004,M002,白班,74,8,29,1.0
A002568,P002568,2026-06-10,L004,M001,夜班,63,8,28,1.0328
A002569,P002569,2026-06-10,L005,M006,白班,48,8,13,0.9231
A002570,P002570,2026-06-10,L005,M006,夜班,52,8,15,0.963
A002571,P002571,2026-06-10,L006,M006,白班,48,8,7,1.0
A002572,P002572,2026-06-10,L006,M006,夜班,49,8,23,0.9608
A002573,P002573,2026-06-10,L007,M008,白班,49,8,14,0.9423
A002574,P002574,2026-06-10,L007,M007,夜班,43,8,46,0.9773
A002575,P002575,2026-06-10,L008,M004,白班,82,8,18,0.9762
A002576,P002576,2026-06-10,L008,M003,夜班,68,8,19,0.9189
A002577,P002577,2026-06-11,L001,M002,白班,88,8,13,0.9167
A002578,P002578,2026-06-11,L001,M001,夜班,80,8,20,1.0256
A002579,P002579,2026-06-11,L002,M003,白班,71,8,75,0.8353
A002580,P002580,2026-06-11,L002,M004,夜班,79,8,15,0.9186
A002581,P002581,2026-06-11,L003,M004,白班,67,8,35,1.0
A002582,P002582,2026-06-11,L003,M003,夜班,73,8,80,0.8391
A002583,P002583,2026-06-11,L004,M001,白班,73,8,34,0.9733
A002584,P002584,2026-06-11,L004,M002,夜班,65,8,33,0.9559
A002585,P002585,2026-06-11,L005,M005,白班,49,8,29,0.9245
A002586,P002586,2026-06-11,L005,M005,夜班,58,8,12,0.9831
A002587,P002587,2026-06-11,L006,M006,白班,54,8,16,0.9818
A002588,P002588,2026-06-11,L006,M005,夜班,52,8,21,0.9811
A002589,P002589,2026-06-11,L007,M007,白班,45,8,29,0.9184
A002590,P002590,2026-06-11,L007,M007,夜班,50,8,24,0.9615
A002591,P002591,2026-06-11,L008,M007,白班,71,8,30,0.9595
A002592,P002592,2026-06-11,L008,M007,夜班,73,8,32,0.9865
A002593,P002593,2026-06-12,L001,M001,白班,85,8,27,0.9444
A002594,P002594,2026-06-12,L001,M001,夜班,86,8,0,0.9451
A002595,P002595,2026-06-12,L002,M003,白班,78,8,39,0.8966
A002596,P002596,2026-06-12,L002,M003,夜班,59,8,62,0.8551
A002597,P002597,2026-06-12,L003,M003,白班,68,8,14,0.9315
A002598,P002598,2026-06-12,L003,M003,夜班,65,8,44,0.8442
A002599,P002599,2026-06-12,L004,M001,白班,75,8,32,1.0274
A002600,P002600,2026-06-12,L004,M001,夜班,57,8,30,0.9344
A002601,P002601,2026-06-12,L005,M006,白班,56,8,9,1.0
A002602,P002602,2026-06-12,L005,M006,夜班,61,8,19,1.0
A002603,P002603,2026-06-12,L006,M005,白班,54,8,21,0.9153
A002604,P002604,2026-06-12,L006,M005,夜班,56,8,25,0.918
A002605,P002605,2026-06-12,L007,M007,白班,51,8,20,0.9273
A002606,P002606,2026-06-12,L007,M007,夜班,44,8,16,1.0
A002607,P002607,2026-06-12,L008,M008,白班,86,8,22,1.0238
A002608,P002608,2026-06-12,L008,M007,夜班,78,8,5,1.013
A002609,P002609,2026-06-13,L001,M001,白班,82,8,19,0.9762
A002610,P002610,2026-06-13,L001,M001,夜班,77,8,34,0.9747
A002611,P002611,2026-06-13,L002,M003,白班,61,8,92,0.8714
A002612,P002612,2026-06-13,L002,M004,夜班,66,8,0,0.9429
A002613,P002613,2026-06-13,L003,M003,白班,61,8,25,1.0167
A002614,P002614,2026-06-13,L003,M004,夜班,59,8,46,0.831
A002615,P002615,2026-06-13,L004,M002,白班,58,8,28,0.9206
A002616,P002616,2026-06-13,L004,M001,夜班,54,8,27,0.9643
A002617,P002617,2026-06-13,L005,M006,白班,57,8,13,1.0179
A002618,P002618,2026-06-13,L005,M006,夜班,53,8,2,0.9464
A002619,P002619,2026-06-13,L006,M006,白班,46,8,8,1.0222
A002620,P002620,2026-06-13,L006,M005,夜班,46,8,16,1.0222
A002621,P002621,2026-06-13,L007,M007,白班,43,8,33,1.0238
A002622,P002622,2026-06-13,L007,M007,夜班,42,8,5,1.0244
A002623,P002623,2026-06-13,L008,M006,白班,77,8,29,1.0
A002624,P002624,2026-06-13,L008,M005,夜班,59,8,7,0.9365
A002625,P002625,2026-06-14,L001,M002,白班,62,8,49,0.9841
A002626,P002626,2026-06-14,L001,M001,夜班,59,8,27,0.9219
A002627,P002627,2026-06-14,L002,M003,白班,43,8,69,0.8431
A002628,P002628,2026-06-14,L002,M003,夜班,57,8,86,0.8507
A002629,P002629,2026-06-14,L003,M003,白班,63,8,5,1.0
A002630,P002630,2026-06-14,L003,M003,夜班,51,8,64,0.9273
A002631,P002631,2026-06-14,L004,M002,白班,51,8,21,1.0
A002632,P002632,2026-06-14,L004,M002,夜班,46,8,25,0.9583
A002633,P002633,2026-06-14,L005,M006,白班,39,8,22,0.9512
A002634,P002634,2026-06-14,L005,M006,夜班,40,8,15,0.9756
A002635,P002635,2026-06-14,L006,M006,白班,34,8,29,0.9714
A002636,P002636,2026-06-14,L006,M005,夜班,41,8,8,1.025
A002637,P002637,2026-06-14,L007,M008,白班,32,8,22,1.0
A002638,P002638,2026-06-14,L007,M007,夜班,34,8,0,0.9714
A002639,P002639,2026-06-14,L008,M005,白班,53,8,14,0.9298
A002640,P002640,2026-06-14,L008,M001,夜班,54,8,27,0.9818
A002641,P002641,2026-06-15,L001,M001,白班,79,8,24,0.9753
A002642,P002642,2026-06-15,L001,M001,夜班,80,8,18,0.9302
A002643,P002643,2026-06-15,L002,M004,白班,84,8,38,1.012
A002644,P002644,2026-06-15,L002,M003,夜班,78,8,59,0.8125
A002645,P002645,2026-06-15,L003,M004,白班,76,8,25,0.9268
A002646,P002646,2026-06-15,L003,M004,夜班,63,8,62,0.875
A002647,P002647,2026-06-15,L004,M001,白班,58,8,1,0.9667
A002648,P002648,2026-06-15,L004,M001,夜班,59,8,9,0.9516
A002649,P002649,2026-06-15,L005,M005,白班,48,8,22,0.9412
A002650,P002650,2026-06-15,L005,M005,夜班,52,8,24,1.0
A002651,P002651,2026-06-15,L006,M006,白班,55,8,18,0.9821
A002652,P002652,2026-06-15,L006,M006,夜班,57,8,34,0.95
A002653,P002653,2026-06-15,L007,M008,白班,47,8,4,1.0217
A002654,P002654,2026-06-15,L007,M007,夜班,42,8,37,0.9545
A002655,P002655,2026-06-15,L008,M006,白班,73,8,24,0.9359
A002656,P002656,2026-06-15,L008,M005,夜班,80,8,27,0.9756
A002657,P002657,2026-06-16,L001,M001,白班,73,8,8,0.9359
A002658,P002658,2026-06-16,L001,M002,夜班,88,8,16,0.9888
A002659,P002659,2026-06-16,L002,M003,白班,64,8,63,0.9143
A002660,P002660,2026-06-16,L002,M003,夜班,79,8,68,0.8587
A002661,P002661,2026-06-16,L003,M003,白班,70,8,25,0.9333
A002662,P002662,2026-06-16,L003,M003,夜班,79,8,32,0.8681
A002663,P002663,2026-06-16,L004,M001,白班,61,8,6,0.9683
A002664,P002664,2026-06-16,L004,M002,夜班,71,8,35,1.029
A002665,P002665,2026-06-16,L005,M005,白班,54,8,32,0.9474
A002666,P002666,2026-06-16,L005,M006,夜班,52,8,3,0.9123
A002667,P002667,2026-06-16,L006,M005,白班,60,8,6,0.9836
A002668,P002668,2026-06-16,L006,M006,夜班,55,8,6,0.9821
A002669,P002669,2026-06-16,L007,M008,白班,47,8,4,0.94
A002670,P002670,2026-06-16,L007,M007,夜班,44,8,25,0.9565
A002671,P002671,2026-06-16,L008,M001,白班,68,8,10,0.9855
A002672,P002672,2026-06-16,L008,M003,夜班,68,8,25,0.9577
A002673,P002673,2026-06-17,L001,M002,白班,87,8,29,0.9457
A002674,P002674,2026-06-17,L001,M001,夜班,83,8,14,0.9765
A002675,P002675,2026-06-17,L002,M003,白班,68,8,74,0.8718
A002676,P002676,2026-06-17,L002,M003,夜班,83,8,54,0.8737
A002677,P002677,2026-06-17,L003,M003,白班,69,8,9,0.92
A002678,P002678,2026-06-17,L003,M003,夜班,72,8,75,0.878
A002679,P002679,2026-06-17,L004,M002,白班,68,8,27,0.9444
A002680,P002680,2026-06-17,L004,M001,夜班,59,8,24,0.9833
A002681,P002681,2026-06-17,L005,M006,白班,52,8,14,0.9455
A002682,P002682,2026-06-17,L005,M005,夜班,53,8,2,0.9298
A002683,P002683,2026-06-17,L006,M006,白班,60,8,15,1.0169
A002684,P002684,2026-06-17,L006,M005,夜班,55,8,0,1.0185
A002685,P002685,2026-06-17,L007,M007,白班,43,8,28,0.9348
A002686,P002686,2026-06-17,L007,M007,夜班,45,8,47,0.9184
A002687,P002687,2026-06-17,L008,M007,白班,79,8,13,0.9875
A002688,P002688,2026-06-17,L008,M006,夜班,67,8,29,0.9437
A002689,P002689,2026-06-18,L001,M001,白班,92,8,27,0.9787
A002690,P002690,2026-06-18,L001,M002,夜班,77,8,41,0.9506
A002691,P002691,2026-06-18,L002,M004,白班,68,8,36,0.9577
A002692,P002692,2026-06-18,L002,M004,夜班,74,8,27,0.9136
A002693,P002693,2026-06-18,L003,M003,白班,78,8,17,0.9176
A002694,P002694,2026-06-18,L003,M003,夜班,70,8,53,0.8974
A002695,P002695,2026-06-18,L004,M001,白班,59,8,12,0.9219
A002696,P002696,2026-06-18,L004,M001,夜班,60,8,0,0.9375
A002697,P002697,2026-06-18,L005,M005,白班,50,8,28,1.0
A002698,P002698,2026-06-18,L005,M005,夜班,50,8,33,0.9804
A002699,P002699,2026-06-18,L006,M005,白班,56,8,25,0.9333
A002700,P002700,2026-06-18,L006,M006,夜班,56,8,9,0.9333
A002701,P002701,2026-06-18,L007,M007,白班,46,8,39,1.0
A002702,P002702,2026-06-18,L007,M008,夜班,43,8,31,0.9773
A002703,P002703,2026-06-18,L008,M001,白班,80,8,17,0.9877
A002704,P002704,2026-06-18,L008,M004,夜班,83,8,30,1.0
A002705,P002705,2026-06-19,L001,M002,白班,74,8,0,0.9136
A002706,P002706,2026-06-19,L001,M001,夜班,91,8,28,1.0225
A002707,P002707,2026-06-19,L002,M003,白班,73,8,68,0.9012
A002708,P002708,2026-06-19,L002,M003,夜班,77,8,64,0.8953
A002709,P002709,2026-06-19,L003,M003,白班,88,8,5,0.967
A002710,P002710,2026-06-19,L003,M003,夜班,77,8,39,0.8556
A002711,P002711,2026-06-19,L004,M002,白班,57,8,23,0.95
A002712,P002712,2026-06-19,L004,M001,夜班,60,8,29,0.9375
A002713,P002713,2026-06-19,L005,M005,白班,56,8,13,0.9655
A002714,P002714,2026-06-19,L005,M005,夜班,63,8,17,1.0
A002715,P002715,2026-06-19,L006,M005,白班,58,8,19,1.0357
A002716,P002716,2026-06-19,L006,M006,夜班,55,8,0,0.9167
A002717,P002717,2026-06-19,L007,M007,白班,47,8,16,1.0
A002718,P002718,2026-06-19,L007,M007,夜班,52,8,18,1.0
A002719,P002719,2026-06-19,L008,M008,白班,74,8,31,0.9867
A002720,P002720,2026-06-19,L008,M007,夜班,81,8,20,1.0
A002721,P002721,2026-06-20,L001,M002,白班,88,8,32,1.0233
A002722,P002722,2026-06-20,L001,M001,夜班,65,8,35,0.9155
A002723,P002723,2026-06-20,L002,M003,白班,78,8,53,0.9286
A002724,P002724,2026-06-20,L002,M003,夜班,66,8,60,0.8148
A002725,P002725,2026-06-20,L003,M003,白班,70,8,34,1.0
A002726,P002726,2026-06-20,L003,M003,夜班,57,8,53,0.8636
A002727,P002727,2026-06-20,L004,M002,白班,58,8,15,0.9831
A002728,P002728,2026-06-20,L004,M002,夜班,65,8,19,1.0156
A002729,P002729,2026-06-20,L005,M006,白班,57,8,16,1.0
A002730,P002730,2026-06-20,L005,M005,夜班,50,8,37,0.9091
A002731,P002731,2026-06-20,L006,M005,白班,42,8,24,0.9333
A002732,P002732,2026-06-20,L006,M006,夜班,52,8,23,1.0196
A002733,P002733,2026-06-20,L007,M007,白班,40,8,41,1.0
A002734,P002734,2026-06-20,L007,M007,夜班,43,8,13,1.0
A002735,P002735,2026-06-20,L008,M004,白班,75,8,12,1.0
A002736,P002736,2026-06-20,L008,M007,夜班,67,8,37,1.0308
A002737,P002737,2026-06-21,L001,M002,白班,56,8,22,0.9492
A002738,P002738,2026-06-21,L001,M001,夜班,67,8,10,1.0152
A002739,P002739,2026-06-21,L002,M004,白班,55,8,26,0.9483
A002740,P002740,2026-06-21,L002,M004,夜班,49,8,3,0.98
A002741,P002741,2026-06-21,L003,M003,白班,57,8,2,1.0179
A002742,P002742,2026-06-21,L003,M003,夜班,51,8,73,0.8793
A002743,P002743,2026-06-21,L004,M002,白班,46,8,25,1.0
A002744,P002744,2026-06-21,L004,M002,夜班,46,8,17,1.0
A002745,P002745,2026-06-21,L005,M006,白班,35,8,18,0.9722
A002746,P002746,2026-06-21,L005,M006,夜班,38,8,16,0.95
A002747,P002747,2026-06-21,L006,M005,白班,33,8,17,0.9706
A002748,P002748,2026-06-21,L006,M006,夜班,38,8,34,0.95
A002749,P002749,2026-06-21,L007,M008,白班,35,8,24,1.0294
A002750,P002750,2026-06-21,L007,M008,夜班,33,8,1,0.9706
A002751,P002751,2026-06-21,L008,M007,白班,47,8,11,0.9592
A002752,P002752,2026-06-21,L008,M002,夜班,56,8,15,0.918
A002753,P002753,2026-06-22,L001,M002,白班,80,8,17,0.9302
A002754,P002754,2026-06-22,L001,M001,夜班,81,8,19,1.0125
A002755,P002755,2026-06-22,L002,M004,白班,79,8,25,0.9294
A002756,P002756,2026-06-22,L002,M004,夜班,71,8,31,0.9342
A002757,P002757,2026-06-22,L003,M004,白班,68,8,33,0.9855
A002758,P002758,2026-06-22,L003,M003,夜班,77,8,60,0.9167
A002759,P002759,2026-06-22,L004,M002,白班,61,8,26,1.0
A002760,P002760,2026-06-22,L004,M002,夜班,66,8,20,0.9706
A002761,P002761,2026-06-22,L005,M005,白班,51,8,36,1.0
A002762,P002762,2026-06-22,L005,M006,夜班,63,8,23,1.0
A002763,P002763,2026-06-22,L006,M005,白班,52,8,11,1.0
A002764,P002764,2026-06-22,L006,M005,夜班,50,8,22,0.9434
A002765,P002765,2026-06-22,L007,M007,白班,52,8,23,1.0
A002766,P002766,2026-06-22,L007,M007,夜班,53,8,23,1.0
A002767,P002767,2026-06-22,L008,M002,白班,70,8,29,0.9459
A002768,P002768,2026-06-22,L008,M001,夜班,72,8,30,0.9474
A002769,P002769,2026-06-23,L001,M002,白班,80,8,48,0.9524
A002770,P002770,2026-06-23,L001,M001,夜班,84,8,21,0.9655
A002771,P002771,2026-06-23,L002,M003,白班,73,8,58,0.9012
A002772,P002772,2026-06-23,L002,M003,夜班,74,8,81,0.8506
A002773,P002773,2026-06-23,L003,M004,白班,67,8,17,0.9306
A002774,P002774,2026-06-23,L003,M003,夜班,80,8,52,0.9302
A002775,P002775,2026-06-23,L004,M001,白班,73,8,14,0.9865
A002776,P002776,2026-06-23,L004,M001,夜班,66,8,44,1.0312
A002777,P002777,2026-06-23,L005,M006,白班,61,8,23,1.0
A002778,P002778,2026-06-23,L005,M006,夜班,63,8,24,0.9844
A002779,P002779,2026-06-23,L006,M005,白班,44,8,16,0.9167
A002780,P002780,2026-06-23,L006,M005,夜班,47,8,17,0.94
A002781,P002781,2026-06-23,L007,M007,白班,47,8,36,1.0217
A002782,P002782,2026-06-23,L007,M007,夜班,53,8,6,1.0192
A002783,P002783,2026-06-23,L008,M006,白班,66,8,11,0.9167
A002784,P002784,2026-06-23,L008,M002,夜班,73,8,21,0.9733
A002785,P002785,2026-06-24,L001,M001,白班,90,8,6,0.9574
A002786,P002786,2026-06-24,L001,M001,夜班,76,8,23,0.962
A002787,P002787,2026-06-24,L002,M003,白班,71,8,64,0.8765
A002788,P002788,2026-06-24,L002,M004,夜班,77,8,21,0.939
A002789,P002789,2026-06-24,L003,M004,白班,74,8,32,0.925
A002790,P002790,2026-06-24,L003,M003,夜班,62,8,29,0.8611
A002791,P002791,2026-06-24,L004,M001,白班,68,8,10,0.9315
A002792,P002792,2026-06-24,L004,M002,夜班,69,8,24,0.9079
A002793,P002793,2026-06-24,L005,M005,白班,55,8,7,1.0
A002794,P002794,2026-06-24,L005,M006,夜班,63,8,24,1.0161
A002795,P002795,2026-06-24,L006,M006,白班,51,8,0,0.9273
A002796,P002796,2026-06-24,L006,M005,夜班,56,8,24,1.0182
A002797,P002797,2026-06-24,L007,M008,白班,50,8,21,0.9259
A002798,P002798,2026-06-24,L007,M007,夜班,49,8,9,0.9245
A002799,P002799,2026-06-24,L008,M008,白班,67,8,49,0.971
A002800,P002800,2026-06-24,L008,M001,夜班,83,8,19,1.0
A002801,P002801,2026-06-25,L001,M001,白班,86,8,14,0.9773
A002802,P002802,2026-06-25,L001,M001,夜班,87,8,7,0.9775
A002803,P002803,2026-06-25,L002,M003,白班,75,8,44,0.9259
A002804,P002804,2026-06-25,L002,M003,夜班,76,8,72,0.9157
A002805,P002805,2026-06-25,L003,M004,白班,75,8,1,0.9259
A002806,P002806,2026-06-25,L003,M003,夜班,67,8,58,0.8375
A002807,P002807,2026-06-25,L004,M002,白班,71,8,12,1.0143
A002808,P002808,2026-06-25,L004,M002,夜班,66,8,23,1.0154
A002809,P002809,2026-06-25,L005,M005,白班,48,8,17,0.9231
A002810,P002810,2026-06-25,L005,M006,夜班,52,8,23,0.9455
A002811,P002811,2026-06-25,L006,M006,白班,51,8,27,1.0
A002812,P002812,2026-06-25,L006,M006,夜班,49,8,21,0.9074
A002813,P002813,2026-06-25,L007,M007,白班,47,8,17,0.94
A002814,P002814,2026-06-25,L007,M008,夜班,47,8,41,0.9216
A002815,P002815,2026-06-25,L008,M005,白班,66,8,23,0.9706
A002816,P002816,2026-06-25,L008,M005,夜班,81,8,19,0.9529
A002817,P002817,2026-06-26,L001,M002,白班,81,8,30,0.9643
A002818,P002818,2026-06-26,L001,M002,夜班,96,8,38,1.0105
A002819,P002819,2026-06-26,L002,M003,白班,66,8,18,0.9706
A002820,P002820,2026-06-26,L002,M003,夜班,79,8,52,0.9753
A002821,P002821,2026-06-26,L003,M003,白班,80,8,17,0.9756
A002822,P002822,2026-06-26,L003,M003,夜班,64,8,46,0.7805
A002823,P002823,2026-06-26,L004,M002,白班,57,8,5,0.9194
A002824,P002824,2026-06-26,L004,M002,夜班,74,8,40,0.9867
A002825,P002825,2026-06-26,L005,M005,白班,55,8,26,0.9649
A002826,P002826,2026-06-26,L005,M006,夜班,60,8,2,1.0345
A002827,P002827,2026-06-26,L006,M006,白班,50,8,4,0.9434
A002828,P002828,2026-06-26,L006,M005,夜班,61,8,13,1.0167
A002829,P002829,2026-06-26,L007,M008,白班,50,8,0,0.9804
A002830,P002830,2026-06-26,L007,M007,夜班,41,8,21,0.9111
A002831,P002831,2026-06-26,L008,M004,白班,77,8,19,0.9277
A002832,P002832,2026-06-26,L008,M006,夜班,72,8,22,0.9231
A002833,P002833,2026-06-27,L001,M002,白班,86,8,20,1.0
A002834,P002834,2026-06-27,L001,M001,夜班,68,8,54,0.9189
A002835,P002835,2026-06-27,L002,M003,白班,66,8,15,0.9167
A002836,P002836,2026-06-27,L002,M004,夜班,70,8,0,0.9459
A002837,P002837,2026-06-27,L003,M003,白班,64,8,23,0.9275
A002838,P002838,2026-06-27,L003,M003,夜班,47,8,51,0.8103
A002839,P002839,2026-06-27,L004,M002,白班,52,8,22,0.963
A002840,P002840,2026-06-27,L004,M002,夜班,64,8,23,0.9846
A002841,P002841,2026-06-27,L005,M005,白班,44,8,19,0.9778
A002842,P002842,2026-06-27,L005,M006,夜班,56,8,2,1.037
A002843,P002843,2026-06-27,L006,M006,白班,50,8,23,1.0
A002844,P002844,2026-06-27,L006,M005,夜班,50,8,11,0.9804
A002845,P002845,2026-06-27,L007,M007,白班,39,8,40,0.9512
A002846,P002846,2026-06-27,L007,M008,夜班,46,8,8,1.0
A002847,P002847,2026-06-27,L008,M004,白班,77,8,17,0.9872
A002848,P002848,2026-06-27,L008,M008,夜班,69,8,16,0.9452
A002849,P002849,2026-06-28,L001,M001,白班,55,8,26,0.9167
A002850,P002850,2026-06-28,L001,M001,夜班,56,8,5,0.9333
A002851,P002851,2026-06-28,L002,M003,白班,51,8,0,0.9273
A002852,P002852,2026-06-28,L002,M003,夜班,53,8,48,0.9298
A002853,P002853,2026-06-28,L003,M004,白班,46,8,25,0.9787
A002854,P002854,2026-06-28,L003,M003,夜班,49,8,52,0.8596
A002855,P002855,2026-06-28,L004,M001,白班,49,8,20,0.9608
A002856,P002856,2026-06-28,L004,M001,夜班,49,8,38,0.9423
A002857,P002857,2026-06-28,L005,M005,白班,41,8,9,0.9318
A002858,P002858,2026-06-28,L005,M006,夜班,42,8,1,1.0244
A002859,P002859,2026-06-28,L006,M005,白班,37,8,0,1.0
A002860,P002860,2026-06-28,L006,M005,夜班,40,8,53,0.9302
A002861,P002861,2026-06-28,L007,M007,白班,34,8,22,0.9714
A002862,P002862,2026-06-28,L007,M008,夜班,31,8,23,0.9688
A002863,P002863,2026-06-28,L008,M001,白班,52,8,11,1.0
A002864,P002864,2026-06-28,L008,M005,夜班,51,8,5,0.9444
A002865,P002865,2026-06-29,L001,M001,白班,94,8,22,1.0108
A002866,P002866,2026-06-29,L001,M001,夜班,81,8,1,0.9759
A002867,P002867,2026-06-29,L002,M003,白班,88,8,0,0.9072
A002868,P002868,2026-06-29,L002,M004,夜班,74,8,33,0.961
A002869,P002869,2026-06-29,L003,M003,白班,71,8,29,0.9726
A002870,P002870,2026-06-29,L003,M003,夜班,70,8,52,0.814
A002871,P002871,2026-06-29,L004,M001,白班,77,8,16,1.0267
A002872,P002872,2026-06-29,L004,M002,夜班,68,8,28,0.9444
A002873,P002873,2026-06-29,L005,M005,白班,56,8,33,0.9825
A002874,P002874,2026-06-29,L005,M005,夜班,65,8,29,1.0156
A002875,P002875,2026-06-29,L006,M005,白班,57,8,29,1.0179
A002876,P002876,2026-06-29,L006,M006,夜班,58,8,30,1.0
A002877,P002877,2026-06-29,L007,M007,白班,52,8,5,0.963
A002878,P002878,2026-06-29,L007,M008,夜班,51,8,24,0.9444
A002879,P002879,2026-06-29,L008,M005,白班,66,8,0,0.9565
A002880,P002880,2026-06-29,L008,M005,夜班,77,8,10,0.9506
A002881,P002881,2026-06-30,L001,M001,白班,85,8,40,0.9239
A002882,P002882,2026-06-30,L001,M001,夜班,99,8,4,1.0102
A002883,P002883,2026-06-30,L002,M004,白班,77,8,34,1.0267
A002884,P002884,2026-06-30,L002,M004,夜班,70,8,25,1.0294
A002885,P002885,2026-06-30,L003,M004,白班,69,8,27,0.9324
A002886,P002886,2026-06-30,L003,M004,夜班,58,8,52,0.7838
A002887,P002887,2026-06-30,L004,M002,白班,56,8,23,0.918
A002888,P002888,2026-06-30,L004,M001,夜班,70,8,17,0.9722
A002889,P002889,2026-06-30,L005,M005,白班,57,8,19,0.95
A002890,P002890,2026-06-30,L005,M006,夜班,59,8,38,0.9833
A002891,P002891,2026-06-30,L006,M005,白班,49,8,25,0.9245
A002892,P002892,2026-06-30,L006,M006,夜班,58,8,27,0.9667
A002893,P002893,2026-06-30,L007,M007,白班,42,8,16,0.9333
A002894,P002894,2026-06-30,L007,M007,夜班,50,8,17,0.9259
A002895,P002895,2026-06-30,L008,M003,白班,83,8,7,1.0
A002896,P002896,2026-06-30,L008,M005,夜班,78,8,29,1.0
